url,domain,title,segment,target
http://cul.anhuinews.com/system/2009/03/05/002221273.shtml,qq.com,"第十六章(2)-月上重火,连载,阅读-中安在线-徽文化",【 徽州 】 《 梦里徽州 —— 新安江 风情 画卷 》,1
http://cul.anhuinews.com/system/2009/03/05/002221275.shtml,qq.com,"第十六章(1)-月上重火,连载,阅读-中安在线-徽文化",古村 的 梦 —— 古建筑 博物馆,1
http://cul.anhuinews.com/system/2009/03/05/002221276.shtml,qq.com,"第十五章(4)-月上重火,连载,阅读-中安在线-徽文化",苞芦松 | 传承 四百 年 的 徽州 小 食,1
http://cul.anhuinews.com/system/2009/03/05/002221277.shtml,qq.com,"第十五章(3)-月上重火,连载,阅读-中安在线-徽文化",【 徽州 大家 谈 】 墨客 典籍 与 现代 生活 的 交融地,1
http://cul.anhuinews.com/system/2009/03/05/002221278.shtml,qq.com,"第十五章(2)-月上重火,连载,阅读-中安在线-徽文化",【 徽州 大家 谈 】 时代 呼唤 中华 商魂 —— 我 所 知 的 徽商,1
http://cul.anhuinews.com/system/2009/03/05/002221281.shtml,qq.com,"第十四章(2)-月上重火,连载,阅读-中安在线-徽文化",徽州 的 图腾,1
http://cul.anhuinews.com/system/2009/03/05/002221288.shtml,qq.com,"第十三章(4)-月上重火,连载,阅读-中安在线-徽文化",【 徽州 大家 谈 】 渐行渐远 徽州 传说 之 —— 汪道昆,1
http://cul.anhuinews.com/system/2009/03/05/002221290.shtml,qq.com,"第十三章(2)-月上重火,连载,阅读-中安在线-徽文化",【 徽州 大家 谈 】 渐行渐远 徽州 传说 之 —— 朱升,1
http://cul.anhuinews.com/system/2009/03/05/002221292.shtml,qq.com,"第十三章(1)-月上重火,连载,阅读-中安在线-徽文化",【 古徽州 】 徽州 民居 的 动 与 静,1
http://cul.anhuinews.com/system/2009/03/09/002222697.shtml,qq.com,老人冬季少喝茶 喝茶最好放红枣-喝茶-中安在线-徽文化,【 徽州 大家 谈 】 渐行渐远 徽州 传说 之 —— 江昌燕,1
http://cul.anhuinews.com/system/2009/03/09/002222702.shtml,qq.com,黄山银钩 徽文化频道 中安在线,【 古徽州 】 有 一 种 乡村 老 记忆 ： 徽州 老 豆腐,1
http://cul.anhuinews.com/system/2009/03/09/002222704.shtml,qq.com,泾县特尖-名茶-中安在线-徽文化,【 牛哥 说 事 】 年味,1
http://cul.anhuinews.com/system/2009/03/09/002222763.shtml,qq.com,“喜酒不醉人”的俗语由来-酒-中安在线-徽文化,溪流 无 岁月 堤树 有 春秋,1
http://cul.anhuinews.com/system/2009/03/09/002222863.shtml,qq.com,徽雕技艺代代传-徽雕-中安在线-徽文化,你们 的 小年 在 今天 ， 徽州 的 小年 却 是 明天,1
http://cul.anhuinews.com/system/2009/03/09/002222982.shtml,qq.com,"第十九章(1)-月上重火,连载,阅读-中安在线-徽文化",【 徽州 大家 谈 】 屯安东 ： 茶务 都会 —— 屯溪,1
http://cul.anhuinews.com/system/2009/03/10/002223645.shtml,qq.com,"第四章(14)-高管,连载,闻雨-中安在线-徽文化",【 徽州 大家 谈 】 徽州 人 对 君子 文化 的 弘扬,1
http://cul.anhuinews.com/system/2009/03/10/002223646.shtml,qq.com,"第四章(13)-高管,连载,闻雨-中安在线-徽文化",【 徽州百村 】 烟雨 迷蒙 中 的 虹关村,1
http://cul.anhuinews.com/system/2009/03/10/002223647.shtml,qq.com,"第四章(12)-高管,连载,闻雨-中安在线-徽文化",舌尖 上 的 徽州 （ 41 ） 令 人 趋之若鹜 的 徽州 古镇 馄饨 挑,1
http://cul.anhuinews.com/system/2009/03/10/002223648.shtml,qq.com,"第四章(11)-高管,连载,闻雨-中安在线-徽文化",徽州 万象 ｜ 打 ！ 食 ！ 桃 ？,1
http://cul.anhuinews.com/system/2009/03/10/002223653.shtml,qq.com,"第四章(8)-高管,连载,闻雨-中安在线-徽文化",婺源 茶 ， 闻 之 心醉 ， 品 之 弥 香,1
http://cul.anhuinews.com/system/2009/03/10/002223661.shtml,qq.com,"第四章(7)-高管,连载,闻雨-中安在线-徽文化",祁门 有 个 董家湾 ， 那里 不止 有 诗意 ， 更 是 一 处 纯净 心灵 的 圣地,1
http://cul.anhuinews.com/system/2009/03/10/002223672.shtml,qq.com,"第四章(5)-高管,连载,闻雨-中安在线-徽文化",【 古徽州 】 绩溪龙川 ， 一个 传说 中 的 风水宝地 ！,1
http://cul.anhuinews.com/system/2009/03/10/002223674.shtml,qq.com,"第四章(3)-高管,连载,闻雨-中安在线-徽文化",【 徽州 文化 】 傩戏,1
http://cul.anhuinews.com/system/2009/03/10/002223676.shtml,qq.com,"第四章(2)-高管,连载,闻雨-中安在线-徽文化",【 徽州百村 】 渐行渐远 徽州 山村 之 —— 历溪,1
http://cul.anhuinews.com/system/2009/03/10/002223683.shtml,qq.com,"第三章(10)-高管,连载,闻雨-中安在线-徽文化",徽州 四 大 行业 之 四 —— 木商,1
http://cul.anhuinews.com/system/2009/03/10/002223685.shtml,qq.com,"第三章(9)-高管,连载,闻雨-中安在线-徽文化",徽州 · 前世 今生,1
http://cul.anhuinews.com/system/2009/03/10/002223689.shtml,qq.com,"第三章(6)-高管,连载,闻雨-中安在线-徽文化",家 在 祁门 桃源 里,1
http://cul.anhuinews.com/system/2009/03/10/002223690.shtml,qq.com,"第三章(5)-高管,连载,闻雨-中安在线-徽文化",网友 自制 大片 《 徽州 画卷 》 ， 每 一 帧 美 的 都 可以 做 壁纸,1
http://cul.anhuinews.com/system/2009/03/10/002223693.shtml,qq.com,"第三章(3)-高管,连载,闻雨-中安在线-徽文化",你 不 知道 的 那些 古 民居 建筑,1
http://cul.anhuinews.com/system/2009/03/10/002223697.shtml,qq.com,"第二章(7)-高管,连载,闻雨-中安在线-徽文化",【 徽州 人 说 徽州 】 山 为邻 水 为 友 古村 老宅 皆 有 情,1
http://cul.anhuinews.com/system/2009/03/10/002223699.shtml,qq.com,"第二章(6)-高管,连载,闻雨-中安在线-徽文化",婺源 石城 的 美 除了 秋天 ， 还有 你 从未 见 过 的 春天 。,1
http://cul.anhuinews.com/system/2009/03/10/002223700.shtml,qq.com,"第二章(5)-高管,连载,闻雨-中安在线-徽文化",徽州 这里 的 深秋 不 需要 美 图 ， 路人 甲 也 秒 变 摄影师 ！,1
http://cul.anhuinews.com/system/2009/03/10/002223702.shtml,qq.com,"第二章(3)-高管,连载,闻雨-中安在线-徽文化",歙县 英 坑 ： 栗树 园里 银杏 黄 ， 黑 瓦白墙乡 思 染,1
http://cul.anhuinews.com/system/2009/03/10/002223704.shtml,qq.com,"第二章(2)-高管,连载,闻雨-中安在线-徽文化",徽州 难 觅 “ 潘金莲 ”,1
http://cul.anhuinews.com/system/2009/03/10/002223705.shtml,qq.com,"第二章(1)-高管,连载,闻雨-中安在线-徽文化",安徽 现存 最 古老 的 牌坊 —— 歙县郑村 “ 贞白里坊 ”,1
http://cul.anhuinews.com/system/2009/03/10/002223707.shtml,qq.com,"第一章(8)-高管,连载,闻雨-中安在线-徽文化",呼唤 徽州 之 —— 绩溪篇,1
http://cul.anhuinews.com/system/2009/03/10/002223713.shtml,qq.com,"第一章(6)-高管,连载,闻雨-中安在线-徽文化",茶语 生活 | 祁红 创始 的 传奇 故事 （ 连载 之 八 ）,1
http://cul.anhuinews.com/system/2009/03/10/002223715.shtml,qq.com,"第一章(5)-高管,连载,闻雨-中安在线-徽文化",【 旅游 文化 】 中国 古建筑 ： 惊艳 世界 的 美 ！,1
http://cul.anhuinews.com/system/2009/03/10/002223719.shtml,qq.com,"第一章(1)-高管,连载,闻雨-中安在线-徽文化",呼唤 徽州 之 —— 婺源 篇,1
http://cul.anhuinews.com/system/2009/03/11/002224198.shtml,qq.com,金寨革命烈士陵园被列为省级文化保护单位-金寨-中安在线-徽文化,本末 演义 亦 文亦史,1
http://cul.anhuinews.com/system/2009/03/12/002225037.shtml,qq.com,"《我要的幸福》 好朋友(4)-我要的幸福,连载,阅读-中安在线-徽文化",徽州 木雕,1
http://cul.anhuinews.com/system/2009/03/12/002225038.shtml,qq.com,"《我要的幸福》 好朋友(3)-我要的幸福,连载,阅读-中安在线-徽文化",徽州 石雕,1
http://cul.anhuinews.com/system/2009/03/12/002225048.shtml,qq.com,"《我要的幸福》 红线(6)-我要的幸福,连载,阅读-中安在线-徽文化",徽州 砖雕,1
http://cul.anhuinews.com/system/2009/03/12/002225052.shtml,qq.com,"《我要的幸福》 红线(4)-我要的幸福,连载,阅读-中安在线-徽文化",徽州 最 美 十 大 古镇,1
http://cul.anhuinews.com/system/2009/03/12/002225054.shtml,qq.com,"《我要的幸福》 红线(3)-我要的幸福,连载,阅读-中安在线-徽文化",桃源 古巷 私语,1
http://cul.anhuinews.com/system/2009/03/12/002225056.shtml,qq.com,"《我要的幸福》 红线(1)-我要的幸福,连载,阅读-中安在线-徽文化",【 徽州 】 歙县 磻溪 从古至今 （ 二 ）,1
http://cul.anhuinews.com/system/2009/03/12/002225058.shtml,qq.com,"《我要的幸福》 好眼泪坏眼泪(4)-我要的幸福,连载,阅读-中安在线-徽文化",【 徽州 】 歙县 磻溪 从古至今 （ 一 ）,1
http://cul.anhuinews.com/system/2009/03/12/002225060.shtml,qq.com,"《我要的幸福》 好眼泪坏眼泪(3)-我要的幸福,连载,阅读-中安在线-徽文化",【 徽州 古 村落 】 歙县 有 处 藏 风 聚 气 的 荷花 形,1
http://cul.anhuinews.com/system/2009/03/12/002225062.shtml,qq.com,"《我要的幸福》 好眼泪坏眼泪(2)-我要的幸福,连载,阅读-中安在线-徽文化",【 徽州 古 村落 】 心驰神往 陟小岫,1
http://cul.anhuinews.com/system/2009/03/12/002225066.shtml,qq.com,"《我要的幸福》 学会(5)-我要的幸福,连载,阅读-中安在线-徽文化",【 徽州 美食 】 一 道 菜 ， 一 份 乡愁,1
http://cul.anhuinews.com/system/2009/03/12/002225067.shtml,qq.com,"《我要的幸福》 学会(4)-我要的幸福,连载,阅读-中安在线-徽文化",【 徽州 】 一 条 古道 ， 一 段 历史,1
http://cul.anhuinews.com/system/2009/03/12/002225068.shtml,qq.com,"《我要的幸福》 学会(3)-我要的幸福,连载,阅读-中安在线-徽文化",【 徽州 古村 落 】 皖 浙 边关 古 村落 ： 岭脚村,1
http://cul.anhuinews.com/system/2009/03/12/002225069.shtml,qq.com,"《我要的幸福》 学会(2)-我要的幸福,连载,阅读-中安在线-徽文化",【 徽州 】 姬公尖 灯笼 柿 ， 秋日 里 一 道 独特 风景,1
http://cul.anhuinews.com/system/2009/03/12/002225083.shtml,qq.com,"《我要的幸福》 再见，夏天的结尾(8)-我要的幸福,连载,阅读-中安在线-徽文化",【 徽州 古 村落 】 人间 仙境 外 南庄,1
http://cul.anhuinews.com/system/2009/03/12/002225085.shtml,qq.com,"《我要的幸福》 再见，夏天的结尾(6)-我要的幸福,连载,阅读-中安在线-徽文化",【 徽州 民间 故事 】 老 竹铺 的 大方 和尚,1
http://cul.anhuinews.com/system/2009/03/12/002225087.shtml,qq.com,"《我要的幸福》 再见，夏天的结尾(4)-我要的幸福,连载,阅读-中安在线-徽文化",套路 满满的 现在 ， 南北 儒商 却 越来越 喜爱 徽州 古城,1
http://cul.anhuinews.com/system/2009/03/12/002225089.shtml,qq.com,"《我要的幸福》 再见，夏天的结尾(2)-我要的幸福,连载,阅读-中安在线-徽文化",【 徽州 】 没有 几 个 人 知道 ， 歙县 藏 着 个 唐朝 的 圵野县 ！,1
http://cul.anhuinews.com/system/2009/03/12/002225091.shtml,qq.com,"《我要的幸福》 再见，夏天的结尾(1)-我要的幸福,连载,阅读-中安在线-徽文化",【 徽州 古 村落 】 歙县 晔岔村 ： 残存 故园 乡愁 浓,1
http://cul.anhuinews.com/system/2009/03/12/002225095.shtml,qq.com,"《我要的幸福》 左边(3)-我要的幸福,连载,阅读-中安在线-徽文化",【 徽州 古 村落 】 下 产 往 左 ， 阳产 往 右,1
http://cul.anhuinews.com/system/2009/03/12/002225096.shtml,qq.com,"《我要的幸福》 左边(2)-我要的幸福,连载,阅读-中安在线-徽文化",【 徽州 古 村落 】 汪满田 ： 读 你 千 遍 不 厌倦,1
http://cul.anhuinews.com/system/2009/03/12/002225098.shtml,qq.com,"《我要的幸福》 左边(1)-我要的幸福,连载,阅读-中安在线-徽文化",徽州 歙东 四 大 著名 酬神 民俗 之 ： “ 竦口会 ”,1
http://cul.anhuinews.com/system/2009/03/13/002225497.shtml,qq.com,安徽最高的塔：安庆迎江寺振风塔-安庆迎江寺振风塔-中安在线-徽文化,【 徽州 古 村落 】 磻溪村 ： 明代 抗倭 名将 胡宗宪 的 外婆 家,1
http://cul.anhuinews.com/system/2009/03/13/002225498.shtml,qq.com,安徽最小的楼阁式古塔：利辛纪家塔-利辛纪家塔-中安在线-徽文化,【 徽州 古 村落 】 胡锦涛 奶奶 叫 你 去 坡山 她家 看 雾,1
http://cul.anhuinews.com/system/2009/03/13/002225517.shtml,qq.com,最雄伟的塔：泾县大观塔-泾县大观塔-中安在线-徽文化,【 徽州 】 一个 “ 摄 鬼 ” 眼中 的 圣地,1
http://cul.anhuinews.com/system/2009/03/13/002225554.shtml,qq.com,晚上喝茶 头茶需要倒掉-喝茶-中安在线-徽文化,【 徽州 古 村落 】 歙县 蓝田村 ： 静默 了 1400 多 年 的 种玉 里,1
http://cul.anhuinews.com/system/2009/03/13/002225556.shtml,qq.com,用新鲜茶叶做的美味茶菜-茶叶-中安在线-徽文化,【 徽州 】 无 宅 不 雕 花,1
http://cul.anhuinews.com/system/2009/03/13/002225632.shtml,qq.com,“粗茶淡饭”并非吃粗粮、素食-粗茶淡饭-中安在线-徽文化,小脚 太太 江冬秀 挥 得 了 菜刀 ， 拎 得 清 大局 的 传奇,1
http://cul.anhuinews.com/system/2009/03/13/002225763.shtml,qq.com,"第七章（14）-高管,连载,闻雨-中安在线-徽文化",【 徽州 古 村落 】 歙县 唐里村 ： 老 戏台 上 有 绝响 ， 官船坑 里 藏 妙 境,1
http://cul.anhuinews.com/system/2009/03/13/002225766.shtml,qq.com,"第七章（13）-高管,连载,闻雨-中安在线-徽文化",【 徽州 古 村落 】 徽州 秘境 ： 走 进 石门 探青峰,1
http://cul.anhuinews.com/system/2009/03/13/002225768.shtml,qq.com,"第七章（12）-高管,连载,闻雨-中安在线-徽文化",【 徽州 】 趣说徽州 （ 上 ）,1
http://cul.anhuinews.com/system/2009/03/13/002225770.shtml,qq.com,"第七章（11）-高管,连载,闻雨-中安在线-徽文化",徽州 古 书院 之 紫阳 书院,1
http://cul.anhuinews.com/system/2009/03/13/002225774.shtml,qq.com,"第七章（8）-高管,连载,闻雨-中安在线-徽文化",水墨 婺源,1
http://cul.anhuinews.com/system/2009/03/13/002225776.shtml,qq.com,"第七章（7）-高管,连载,闻雨-中安在线-徽文化",天上 人间 一 绝 ， 那 就 是 婺源 秋色 ！ 这 组 美图 ， 请 收藏,1
http://cul.anhuinews.com/system/2009/03/13/002225779.shtml,qq.com,"第七章（6）-高管,连载,闻雨-中安在线-徽文化",查济 — 典藏 在 深山 幽谷 中 的 古镇,1
http://cul.anhuinews.com/system/2009/03/13/002225780.shtml,qq.com,"第七章（5）-高管,连载,闻雨-中安在线-徽文化",鸡公尖 上 柿子 红,1
http://cul.anhuinews.com/system/2009/03/13/002225787.shtml,qq.com,"第七章（4）-高管,连载,闻雨-中安在线-徽文化",徽州 村落 | 养育 胡适 的 地方 ， 上庄,1
http://cul.anhuinews.com/system/2009/03/13/002225789.shtml,qq.com,"第七章（2）-高管,连载,闻雨-中安在线-徽文化",徽州 村落 —— 风水 的 “ 理想 国 ” （ 二 ）,1
http://cul.anhuinews.com/system/2009/03/13/002225790.shtml,qq.com,"第七章（1）-高管,连载,闻雨-中安在线-徽文化",徽州村 文化 | 黄山 水 ， 新安 源,1
http://cul.anhuinews.com/system/2009/03/13/002225792.shtml,qq.com,"第六章（4）-高管,连载,闻雨-中安在线-徽文化",徽州 文化 | 探访 徽州 古 村落 —— 屯溪,1
http://cul.anhuinews.com/system/2009/03/13/002225797.shtml,qq.com,"第六章（2）-高管,连载,闻雨-中安在线-徽文化",徽州 文化 | 深秋 去 徽州 看 村落 ， 美艳 中国,1
http://cul.anhuinews.com/system/2009/03/13/002225799.shtml,qq.com,"第六章（1）-高管,连载,闻雨-中安在线-徽文化",皖南 行 | 厚岸 桃源,1
http://cul.anhuinews.com/system/2009/03/13/002225808.shtml,qq.com,"第五章（10）-高管,连载,闻雨-中安在线-徽文化",徽州 文化 | 徽墨 中 的 “ 明四家 ” 与 “ 清 四 家 ”,1
http://cul.anhuinews.com/system/2009/03/13/002225812.shtml,qq.com,"第五章（9）-高管,连载,闻雨-中安在线-徽文化",徽商 四 大 行业 之三 —— 茶商,1
http://cul.anhuinews.com/system/2009/03/13/002225816.shtml,qq.com,"第五章（8）-高管,连载,闻雨-中安在线-徽文化",徽商 四 大 行业 之一 —— 盐商,1
http://cul.anhuinews.com/system/2009/03/13/002225819.shtml,qq.com,"第五章（6）-高管,连载,闻雨-中安在线-徽文化",【 徽州百村 】 龙池汰 —— 那 片 心灵 的 净土,1
http://cul.anhuinews.com/system/2009/03/13/002225820.shtml,qq.com,"第五章（5）-高管,连载,闻雨-中安在线-徽文化",徽州 人 ， 你 从 哪里 来 ？,1
http://cul.anhuinews.com/system/2009/03/13/002225822.shtml,qq.com,"第五章（4）-高管,连载,闻雨-中安在线-徽文化",徽州 ， 你 给 我 回来 —— 歙县篇,1
http://cul.anhuinews.com/system/2009/03/13/002225825.shtml,qq.com,"第五章（3）-高管,连载,闻雨-中安在线-徽文化",徽州 ， 你 给 我 回来 — 黟县篇,1
http://cul.anhuinews.com/system/2009/03/13/002225829.shtml,qq.com,"第五章（1）-高管,连载,闻雨-中安在线-徽文化",徽州 ， 你 给 我 回来 — 休宁篇,1
http://cul.anhuinews.com/system/2009/03/17/002227403.shtml,qq.com,休宁发现169处古文物-休宁-中安在线-徽文化,徽州 ， 你 给 我 回来 —— 祁门篇,1
http://cul.anhuinews.com/system/2009/03/17/002227405.shtml,qq.com,民俗庙会人气旺-庙会-中安在线-徽文化,【 行走徽州 】 许村 ： 歙县北乡 的 中国 历史 文化 名镇,1
http://cul.anhuinews.com/system/2009/03/17/002227432.shtml,qq.com,30余家酒店展徽菜宴中博会客商-徽菜-中安在线-徽文化,"徽州 文化 | 徽商 , 从 徽 骆驼 到 儒商",1
http://cul.anhuinews.com/system/2009/03/17/002227449.shtml,qq.com,新房子，旧鞋子-原创文学-中安在线-徽文化,徽州 文化 / 读 唐诗 宋词 ， 去 徽州 晒 秋,1
http://cul.anhuinews.com/system/2009/03/17/002227475.shtml,qq.com,砀山“以摸代敬”的酒风俗 -酒-中安在线-徽文化,徽州 村落 | 宏村 ， 画 里牛形村,1
http://cul.anhuinews.com/system/2009/03/17/002227669.shtml,qq.com,"婆婆媳妇那些事2(29)-婆婆媳妇那些事2,连载,阅读-中安在线-徽文化",徽州 村落 | 绩溪龙川 ， 有 龙 在 川,1
http://cul.anhuinews.com/system/2009/03/17/002227672.shtml,qq.com,"婆婆媳妇那些事2(28)-婆婆媳妇那些事2,连载,阅读-中安在线-徽文化",徽州 文化 | 风水 尤 重 数徽人,1
http://cul.anhuinews.com/system/2009/03/17/002227674.shtml,qq.com,"婆婆媳妇那些事2(27)-婆婆媳妇那些事2,连载,阅读-中安在线-徽文化",徽州 文化 | 深深 古巷 马头 花墙,1
http://cul.anhuinews.com/system/2009/03/17/002227676.shtml,qq.com,"婆婆媳妇那些事2(26)-婆婆媳妇那些事2,连载,阅读-中安在线-徽文化",走 进 皖南 古村 赏 最 美 徽州 晒 秋,1
http://cul.anhuinews.com/system/2009/03/17/002227677.shtml,qq.com,"婆婆媳妇那些事2(25)-婆婆媳妇那些事2,连载,阅读-中安在线-徽文化",徽州 文化 | 解读 徽州 的 古 牌坊,1
http://cul.anhuinews.com/system/2009/03/17/002227698.shtml,qq.com,"婆婆媳妇那些事2(23)-婆婆媳妇那些事2,连载,阅读-中安在线-徽文化",徽州 文化 | 徽州 人 的 传统 产业 ： 文房四宝,1
http://cul.anhuinews.com/system/2009/03/17/002227699.shtml,qq.com,"婆婆媳妇那些事2(22)-婆婆媳妇那些事2,连载,阅读-中安在线-徽文化",徽州 村落 | 宰相 故里 —— 雄村,1
http://cul.anhuinews.com/system/2009/03/17/002227702.shtml,qq.com,"婆婆媳妇那些事2(21)-婆婆媳妇那些事2,连载,阅读-中安在线-徽文化",徽州 文化 | 徽商 老号,1
http://cul.anhuinews.com/system/2009/03/17/002227704.shtml,qq.com,"婆婆媳妇那些事2(20)-婆婆媳妇那些事2,连载,阅读-中安在线-徽文化",徽州 文化 | 徽戏 与 徽菜,1
http://cul.anhuinews.com/system/2009/03/17/002227706.shtml,qq.com,"婆婆媳妇那些事2(19)-婆婆媳妇那些事2,连载,阅读-中安在线-徽文化",徽州 文化 | 黄山 与 新安 画派,1
http://cul.anhuinews.com/system/2009/03/17/002227707.shtml,qq.com,"婆婆媳妇那些事2(18)-婆婆媳妇那些事2,连载,阅读-中安在线-徽文化",春风 十 里 不如 你 时光 未 老,1
http://cul.anhuinews.com/system/2009/03/17/002227710.shtml,qq.com,"婆婆媳妇那些事2(16)-婆婆媳妇那些事2,连载,阅读-中安在线-徽文化",碧 山 印 象,1
http://cul.anhuinews.com/system/2009/03/17/002227713.shtml,qq.com,"婆婆媳妇那些事2(15)-婆婆媳妇那些事2,连载,阅读-中安在线-徽文化",徽州 文化 | 赛 金花,1
http://cul.anhuinews.com/system/2009/03/17/002227717.shtml,qq.com,"婆婆媳妇那些事2(13)-婆婆媳妇那些事2,连载,阅读-中安在线-徽文化",徽州 村落 | 唐模村,1
http://cul.anhuinews.com/system/2009/03/17/002227719.shtml,qq.com,"婆婆媳妇那些事2(12)-婆婆媳妇那些事2,连载,阅读-中安在线-徽文化",中国 历史 文化 名城 —— 徽州 古城,1
http://cul.anhuinews.com/system/2009/03/17/002227721.shtml,qq.com,"婆婆媳妇那些事2(10)-婆婆媳妇那些事2,连载,阅读-中安在线-徽文化",印象 西 递 —— 桃花源 里 人家,1
http://cul.anhuinews.com/system/2009/03/17/002227723.shtml,qq.com,"婆婆媳妇那些事2(9)-婆婆媳妇那些事2,连载,阅读-中安在线-徽文化",冬季 桃花 潭 ， 让 人 一醉方休 之 美,1
http://cul.anhuinews.com/system/2009/03/17/002227733.shtml,qq.com,"婆婆媳妇那些事2(8)-婆婆媳妇那些事2,连载,阅读-中安在线-徽文化",许村 —— 遍布 名胜 的 古镇,1
http://cul.anhuinews.com/system/2009/03/17/002227735.shtml,qq.com,"婆婆媳妇那些事2(7)-婆婆媳妇那些事2,连载,阅读-中安在线-徽文化",万安 —— 千 年 古镇,1
http://cul.anhuinews.com/system/2009/03/17/002227738.shtml,qq.com,"婆婆媳妇那些事2(6)-婆婆媳妇那些事2,连载,阅读-中安在线-徽文化",徽州 文化 | 太平 猴魁,1
http://cul.anhuinews.com/system/2009/03/17/002227741.shtml,qq.com,"婆婆媳妇那些事2(5)-婆婆媳妇那些事2,连载,阅读-中安在线-徽文化",呈 坎 —— 古 称 双 贤 里,1
http://cul.anhuinews.com/system/2009/03/17/002227748.shtml,qq.com,"婆婆媳妇那些事2(2)-婆婆媳妇那些事2,连载,阅读-中安在线-徽文化",徽州 文化 | 书苑 春秋 （ 下 ）,1
http://cul.anhuinews.com/system/2009/03/17/002227750.shtml,qq.com,"婆婆媳妇那些事2(1)-婆婆媳妇那些事2,连载,阅读-中安在线-徽文化",徽州 文化 | 书苑 春秋 （ 上 ）,1
http://cul.anhuinews.com/system/2009/03/18/002228116.shtml,qq.com,黄山徽州区建“徽文化风景”桥-徽文化-中安在线-徽文化,徽州 文化 | 万安 罗盘,1
http://cul.anhuinews.com/system/2009/03/18/002228389.shtml,qq.com,"《金色夜叉》：第八章(2)-金色夜叉,连载,阅读-中安在线-徽文化",徽州 文化 | 神奇 连体 古 民居 —— 关麓,1
http://cul.anhuinews.com/system/2009/03/18/002228393.shtml,qq.com,"《金色夜叉》：第八章(1)-金色夜叉,连载,阅读-中安在线-徽文化",绩溪美,1
http://cul.anhuinews.com/system/2009/03/18/002228403.shtml,qq.com,"《金色夜叉》：第六章-金色夜叉,连载,阅读-中安在线-徽文化",徽州 的 春天,1
http://cul.anhuinews.com/system/2009/03/18/002228405.shtml,qq.com,"《金色夜叉》：第五章-金色夜叉,连载,阅读-中安在线-徽文化",徽州 文献 关照 前世 今生,1
http://cul.anhuinews.com/system/2009/03/18/002228407.shtml,qq.com,"《金色夜叉》：第四章(2)-金色夜叉,连载,阅读-中安在线-徽文化",徽州 传统 村落 之一,1
http://cul.anhuinews.com/system/2009/03/18/002228409.shtml,qq.com,"《金色夜叉》：第三章(2)-金色夜叉,连载,阅读-中安在线-徽文化",古老 的 神秘 行业 ！,1
http://cul.anhuinews.com/system/2009/03/18/002228410.shtml,qq.com,"《金色夜叉》：第三章(1)-金色夜叉,连载,阅读-中安在线-徽文化",阅 不 尽 的 徽派 建筑 ， 品 不 完 的 徽州 三 雕,1
http://cul.anhuinews.com/system/2009/03/18/002228411.shtml,qq.com,"《金色夜叉》：第二章-金色夜叉,连载,阅读-中安在线-徽文化",徽州 近现代 画坛 巨匠 —— 黄宾虹,1
http://cul.anhuinews.com/system/2009/03/18/002228426.shtml,qq.com,"《金色夜叉》：第六章(2)-金色夜叉,连载,阅读-中安在线-徽文化",中国 最 美乡村 —— 婺源,1
http://cul.anhuinews.com/system/2009/03/18/002228440.shtml,qq.com,"《金色夜叉》：第三章-金色夜叉,连载,阅读-中安在线-徽文化",黟县 屏山村 风水 解析 ， 你 知道 吗 ？,1
http://cul.anhuinews.com/system/2009/03/18/002228450.shtml,qq.com,"日本历史上销量最多的小说：金色夜叉-金色夜叉,连载,阅读-中安在线-徽文化",徽州 文化 | 对 婺源 传统 社会 的 深度 追溯,1
http://cul.anhuinews.com/system/2009/03/19/002229133.shtml,qq.com,"婆婆媳妇那些事2(49)-婆婆媳妇那些事2,连载,阅读-中安在线-徽文化",徽州 文化 | 徽班 进 京,1
http://cul.anhuinews.com/system/2009/03/19/002229138.shtml,qq.com,"婆婆媳妇那些事2(47)-婆婆媳妇那些事2,连载,阅读-中安在线-徽文化",秋色 | 塔川 ， 秋天 的 童话,1
http://cul.anhuinews.com/system/2009/03/19/002229140.shtml,qq.com,"婆婆媳妇那些事2(46)-婆婆媳妇那些事2,连载,阅读-中安在线-徽文化",🔥 厉害 了 我 的 徽州 ！ 中英文 宣传片 出炉 啦 ！ 美 醉 了,1
http://cul.anhuinews.com/system/2009/03/19/002229142.shtml,qq.com,"婆婆媳妇那些事2(45)-婆婆媳妇那些事2,连载,阅读-中安在线-徽文化",徽州 ： 一个 名字 就 让 多少 人 魂牵梦绕,1
http://cul.anhuinews.com/system/2009/03/19/002229144.shtml,qq.com,"婆婆媳妇那些事2(44)-婆婆媳妇那些事2,连载,阅读-中安在线-徽文化",徽商 和 徽州 文化 的 是 如何 起源 的 ？,1
http://cul.anhuinews.com/system/2009/03/19/002229149.shtml,qq.com,"婆婆媳妇那些事2(42)-婆婆媳妇那些事2,连载,阅读-中安在线-徽文化",据说 这 才 是 徽州 古城 的 正确 打开 方式 【 完整 版 】,1
http://cul.anhuinews.com/system/2009/03/19/002229150.shtml,qq.com,"婆婆媳妇那些事2(41)-婆婆媳妇那些事2,连载,阅读-中安在线-徽文化",徽州 文化 | 聚族 而 居 ， 源远流长,1
http://cul.anhuinews.com/system/2009/03/19/002229152.shtml,qq.com,"婆婆媳妇那些事2(39)-婆婆媳妇那些事2,连载,阅读-中安在线-徽文化",徽州 文化 | 徽州 文人,1
http://cul.anhuinews.com/system/2009/03/19/002229154.shtml,qq.com,"婆婆媳妇那些事2(37)-婆婆媳妇那些事2,连载,阅读-中安在线-徽文化",徽州 文化 的 特点 （ 徽州 文化 系列 之 四 ）,1
http://cul.anhuinews.com/system/2009/03/19/002229155.shtml,qq.com,"婆婆媳妇那些事2(36)-婆婆媳妇那些事2,连载,阅读-中安在线-徽文化",徽州 文化 简史 （ 徽州 文化 系列 之一 ）,1
http://cul.anhuinews.com/system/2009/03/19/002229157.shtml,qq.com,"婆婆媳妇那些事2(35)-婆婆媳妇那些事2,连载,阅读-中安在线-徽文化",再 谈 徽州 文化,1
http://cul.anhuinews.com/system/2009/03/19/002229161.shtml,qq.com,"婆婆媳妇那些事2(34)-婆婆媳妇那些事2,连载,阅读-中安在线-徽文化",桃源 古祠 麒麟 瑞象,1
http://cul.anhuinews.com/system/2009/03/19/002229163.shtml,qq.com,"婆婆媳妇那些事2(33)-婆婆媳妇那些事2,连载,阅读-中安在线-徽文化",立春 秋 浦当歌,1
http://cul.anhuinews.com/system/2009/03/19/002229167.shtml,qq.com,"婆婆媳妇那些事2(30)-婆婆媳妇那些事2,连载,阅读-中安在线-徽文化",🌷印象歙 县 卖 花 渔村,1
http://cul.anhuinews.com/system/2009/03/20/002229534.shtml,qq.com,蔬菜还是“蒸”的好-蔬菜-中安在线-徽文化,陌上 花 开 缓缓 归 水墨徽州 灵山村,1
http://cul.anhuinews.com/system/2009/03/20/002229562.shtml,qq.com,你会挑选花草茶吗？-花草茶-中安在线-徽文化,歙县 徽城镇 南屏村 村史,1
http://cul.anhuinews.com/system/2009/03/20/002229813.shtml,qq.com,"《金色夜叉》：第八章-金色夜叉,连载,阅读-中安在线-徽文化",【 徽州百村 】 小桥流水 人家 在 李坑,1
http://cul.anhuinews.com/system/2009/03/20/002229815.shtml,qq.com,"《金色夜叉》：第七章-金色夜叉,连载,阅读-中安在线-徽文化",雪庄 悟公 印迹 之 二,1
http://cul.anhuinews.com/system/2009/03/20/002229820.shtml,qq.com,"《金色夜叉》：第六章（1）-金色夜叉,连载,阅读-中安在线-徽文化",雪庄 悟公 印迹 之 三,1
http://cul.anhuinews.com/system/2009/03/20/002229835.shtml,qq.com,"《金色夜叉》：第一章-金色夜叉,连载,阅读-中安在线-徽文化",徽饶 古道 大山 人家,1
http://cul.anhuinews.com/system/2009/03/20/002229842.shtml,qq.com,"《金色夜叉》：第七章（1）-金色夜叉,连载,阅读-中安在线-徽文化",虚谷 的 先锋 意识,1
http://cul.anhuinews.com/system/2009/03/20/002229848.shtml,qq.com,"《金色夜叉》：第六章（2）-金色夜叉,连载,阅读-中安在线-徽文化",徽州 画坛 近现代 “ 四 大 家 ” 之 汪采白,1
http://cul.anhuinews.com/system/2009/03/20/002229860.shtml,qq.com,"《金色夜叉》：第二章（2）-金色夜叉,连载,阅读-中安在线-徽文化",【 徽州百村 】 梅花 香 自 卖 花 渔村,1
http://cul.anhuinews.com/system/2009/03/20/002229862.shtml,qq.com,"《金色夜叉》：第二章（1）-金色夜叉,连载,阅读-中安在线-徽文化",徽州 画坛 近现代 “ 四 大 家 ” 之 虚谷,1
http://cul.anhuinews.com/system/2009/03/20/002229864.shtml,qq.com,"《金色夜叉》：第一章（2）-金色夜叉,连载,阅读-中安在线-徽文化",近现代 画坛 “ 新安 四 大 家 ” 之 汪慎生,1
http://cul.anhuinews.com/system/2009/03/20/002229866.shtml,qq.com,"《金色夜叉》：第一章（1）-金色夜叉,连载,阅读-中安在线-徽文化",徽州 唐皋 的 励志 故事,1
http://cul.anhuinews.com/system/2009/03/23/002230796.shtml,qq.com,85岁花鼓戏传承人的心愿-花鼓戏-中安在线-徽文化,徽州 唐皋 的 劝世 故事,1
http://cul.anhuinews.com/system/2009/03/23/002230857.shtml,qq.com,合肥桥梁：水迢迢处有千桥-合肥-中安在线-徽文化,徽州 唐皋 的 绝世 对联,1
http://cul.anhuinews.com/system/2009/03/23/002231062.shtml,qq.com,"最适合中国人的养生方案：黄帝内经使用手册-黄帝内经使用手册,连载,阅读-中安在线-徽文化",唐皋 的 两 个 奇妙 梦境,1
http://cul.anhuinews.com/system/2009/03/23/002231079.shtml,qq.com,"外关穴--瞬间恢复听力的""聪耳神穴""(1)-黄帝内经使用手册,连载,阅读-中安在线-徽文化",放 飏灯 上 月宫,1
http://cul.anhuinews.com/system/2009/03/23/002231087.shtml,qq.com,"内关穴--打开心结，养颜养心的美丽穴(2)-黄帝内经使用手册,连载,阅读-中安在线-徽文化",徽州 村落 —— 风水 的 “ 理想 国 ” （ 一 ）,1
http://cul.anhuinews.com/system/2009/03/23/002231088.shtml,qq.com,"内关穴--打开心结，养颜养心的美丽穴(1)-黄帝内经使用手册,连载,阅读-中安在线-徽文化",狮子林 中秋 夜话,1
http://cul.anhuinews.com/system/2009/03/23/002231093.shtml,qq.com,"八大最安全的穴位统治众病-黄帝内经使用手册,连载,阅读-中安在线-徽文化",徽州 万象 ｜ 春暖花开 ， 何不 来 场 寻 “ 根 ” 之 旅,1
http://cul.anhuinews.com/system/2009/03/23/002231096.shtml,qq.com,"有些时候，冲一冲喜比吃什么药都灵(2)-黄帝内经使用手册,连载,阅读-中安在线-徽文化",绩溪登源 河 光影 漫叙,1
http://cul.anhuinews.com/system/2009/03/23/002231098.shtml,qq.com,"有些时候，冲一冲喜比吃什么药都灵(1)-黄帝内经使用手册,连载,阅读-中安在线-徽文化",冬季 黄山 修行 漫语,1
http://cul.anhuinews.com/system/2009/03/23/002231100.shtml,qq.com,"仙家秘传周公百岁酒--养颜祛病的第一回春酒-黄帝内经使用手册,连载,阅读-中安在线-徽文化",中秋 特刊 | 徽州 各县 的 中秋 老 习俗,1
http://cul.anhuinews.com/system/2009/03/23/002231101.shtml,qq.com,"薏米红豆汤--彻底疏通湿邪的神秘小偏方(2)-黄帝内经使用手册,连载,阅读-中安在线-徽文化",宋代 以来 中国 思想 文化 发展 线索 —— 三 个 徽州人 ： 朱熹 、 戴震 和 胡适,1
http://cul.anhuinews.com/system/2009/03/23/002231103.shtml,qq.com,"薏米红豆汤--彻底疏通湿邪的神秘小偏方(1)-黄帝内经使用手册,连载,阅读-中安在线-徽文化",徽州 古 井 ， 深藏 了 多少 历史 往事,1
http://cul.anhuinews.com/system/2009/03/23/002231105.shtml,qq.com,"自我诊断体内是否有湿的简易方法(2)-黄帝内经使用手册,连载,阅读-中安在线-徽文化",毕昇 的 传承 —— 探寻 活字 印刷术 的 美,1
http://cul.anhuinews.com/system/2009/03/23/002231109.shtml,qq.com,"谁冒犯了我们的身体：阳虚的年代湿邪在作祟(2)-黄帝内经使用手册,连载,阅读-中安在线-徽文化",儒释道 三教 和谐 共处 的 屏山村,1
http://cul.anhuinews.com/system/2009/03/23/002231111.shtml,qq.com,"瞬间强肾法，一招治肾虚(2)-黄帝内经使用手册,连载,阅读-中安在线-徽文化",徽州 的 一 位 悲情 文人,1
http://cul.anhuinews.com/system/2009/03/23/002231115.shtml,qq.com,"""三阳开泰""开启人生大运(1)-黄帝内经使用手册,连载,阅读-中安在线-徽文化",徽州 历史 年代 歌,1
http://cul.anhuinews.com/system/2009/03/23/002231117.shtml,qq.com,"古今长寿者必灸之穴(1)-黄帝内经使用手册,连载,阅读-中安在线-徽文化",光 前 裕 后 的 徽州 堂号,1
http://cul.anhuinews.com/system/2009/03/23/002231121.shtml,qq.com,"80%的现代人都阳气不足(3)-黄帝内经使用手册,连载,阅读-中安在线-徽文化",太平 ， 从 徽 文化 朋友 圈 进入 大家庭,1
http://cul.anhuinews.com/system/2009/03/23/002231125.shtml,qq.com,"80%的现代人都阳气不足(1)-黄帝内经使用手册,连载,阅读-中安在线-徽文化",历史 上 徽州 文化 的 几 次 大 浩劫,1
http://cul.anhuinews.com/system/2009/03/23/002231128.shtml,qq.com,"黄帝内经藏大药 六经注我解玄机(2)-黄帝内经使用手册,连载,阅读-中安在线-徽文化",广德 、 石 台 曾 属于 古徽州 吗 ？,1
http://cul.anhuinews.com/system/2009/03/24/002231586.shtml,qq.com,老吃客：梅雨与霉菜-梅雨-中安在线-徽文化,让 人 眼里 常 含 泪水 的 徽州 DNA,1
http://cul.anhuinews.com/system/2009/03/27/002233782.shtml,qq.com,天下第一菜的典故-天下第一菜-中安在线-徽文化,“ 徽 ” 字 藏 着 的 历史 密码,1
http://cul.anhuinews.com/system/2009/03/27/002233784.shtml,qq.com,令人垂涎的武汉八大名吃 -名吃-中安在线-徽文化,徽州 历史 上 的 农民起义 斗争,1
http://cul.anhuinews.com/system/2009/04/07/002238141.shtml,qq.com,安徽歙县徽菜添“新丁”-歙县-中安在线-徽文化,哪 几 件 事 改变 了 徽州 历史 进程 ？,1
http://cul.anhuinews.com/system/2009/04/08/002238371.shtml,qq.com,曹操书法“领衔”三国画卷-曹操-中安在线-徽文化,徽州 的 龙脉 三天子鄣 即 黄山 山脉,1
http://cul.anhuinews.com/system/2009/04/09/002239073.shtml,qq.com,汪氏后裔品披云徽府菜――越国公宴-徽菜-中安在线-徽文化,乱花渐欲迷人眼 黄山 初春 赏 花 攻略,1
http://cul.anhuinews.com/system/2009/04/09/002239088.shtml,qq.com,新安画派是怎么形成的-新安画派-中安在线-徽文化,“ 两 座 黟山 ” 之 困惑,1
http://cul.anhuinews.com/system/2009/04/09/002239090.shtml,qq.com,安徽潘集――高皇四喜园子-四喜园子-中安在线-徽文化,翰林 吴孔嘉 与 天启丙寅 之 狱,1
http://cul.anhuinews.com/system/2009/04/13/002240612.shtml,qq.com,“吃豆腐”与“吃醋”的幽默来历-豆腐-中安在线-徽文化,徽州 历史 上 的 另类 人才,1
http://cul.anhuinews.com/system/2009/04/13/002240613.shtml,qq.com,《淮军》举行研讨会-淮军-中安在线-徽文化,【 徽州百村 】 舍源 ， 拐角 的 另 一 处 淳朴,1
http://cul.anhuinews.com/system/2009/05/05/002251489_01.shtml,qq.com,我是安徽徽州人――胡适的一生-胡适-中安在线-徽文化,清华洪村 | 乾隆 下 江南 题 书 的 长寿 古 里,1
http://cul.anhuinews.com/system/2009/05/06/002252108.shtml,qq.com,总是牵挂我的母亲-原创文学-中安在线-徽文化,西溪南 | 一 卷 凝固 在 山水 间 的 水墨 丹青,1
http://cul.anhuinews.com/system/2009/05/18/002257417.shtml,qq.com,文之黄村-原创文学-中安在线-徽文化,云山雾罩 十八 拐 ， 风雨 穿行 霞坑 古道,1
http://cul.anhuinews.com/system/2009/05/19/002258133.shtml,qq.com,新安奇才吴为农-吴为农-中安在线-徽文化,【 徽州百村 】 绝版汪村,1
http://cul.anhuinews.com/system/2009/05/19/002258141.shtml,qq.com,“芜湖三刀”锻制技艺急需传承-芜湖三刀-中安在线-徽文化,中国 徽州 · 天上 灵山 共 迎 奠基 庆典,1
http://cul.anhuinews.com/system/2009/05/19/002258261.shtml,qq.com,徽州山水妩媚不及徽州女人-徽州女人-中安在线-徽文化,徽学 的 影响力,1
http://cul.anhuinews.com/system/2009/05/22/002260105.shtml,qq.com,谁听见蝴蝶的歌唱-原创文学-中安在线-徽文化,她 “ 臭名远扬 ” ， 却 有 数亿 粉丝 ！,1
http://cul.anhuinews.com/system/2009/05/22/002260113.shtml,qq.com,长作屯溪梦里人-原创文学-中安在线-徽文化,为 人 修身 德 为首 ， 让 他 三 尺 又 何妨,1
http://cul.anhuinews.com/system/2009/05/27/002263038.shtml,qq.com,美而艳的南陵-原创文学-中安在线-徽文化,徽商 与 木头 的 相爱 相 生,1
http://cul.anhuinews.com/system/2009/06/01/002265331.shtml,qq.com,甘棠的老屋-原创文学-中安在线-徽文化,徽州 万象 ｜ 年味 “ 字豆糖 ”,1
http://cul.anhuinews.com/system/2009/06/01/002265333.shtml,qq.com,石榴花开-原创文学-中安在线-徽文化,徽州 万象 ｜ 在 时间 中 沉淀 的 徽味,1
http://cul.anhuinews.com/system/2009/06/03/002266993.shtml,qq.com,凤台花鼓灯“舞”进国际“非遗节”-花鼓灯-中安在线-徽文化,徽州 万象 ｜ 指尖 上 的 芭蕾,1
http://cul.anhuinews.com/system/2009/06/03/002267012.shtml,qq.com,银鱼煎蛋-徽菜飘香-中安在线-徽文化,徽州 万象 ｜ 大山 生活 的 声音,1
http://cul.anhuinews.com/system/2009/06/03/002267063.shtml,qq.com,"新安医学-新安医学,徽学流派-中安在线-徽文化",徽州 万象 ｜ “ 能 吃 的 徽墨 ” ？,1
http://cul.anhuinews.com/system/2009/06/03/002267066.shtml,qq.com,"徽州科技 -徽州科技,徽学流派-中安在线-徽文化",徽州 万象 ｜ 心意 深 时年 味 浓,1
http://cul.anhuinews.com/system/2009/06/04/002268103.shtml,qq.com,《西游记》作者是古徽州人唐皋？-西游记-中安在线-徽文化,讲 好 徽州 故事,1
http://cul.anhuinews.com/system/2009/06/04/002268114.shtml,qq.com,新安医学许思文与《黑罗痧问答认》-新安医学-中安在线-徽文化,再 访 晒袍坦 ： 隐逸 在 大山 深处 的 “ 淩 ” （ 三 点 水 淩 ） 姓 聚集地,1
http://cul.anhuinews.com/system/2009/06/04/002268155.shtml,qq.com,桑拿牛肉-徽菜飘香-中安在线-徽文化,“ 新安 十五 姓 ” 和 “ 徽州 八 大 姓 ” ， 您 知道 吗 ？,1
http://cul.anhuinews.com/system/2009/06/04/002268162.shtml,qq.com,金勾烧肉-徽菜飘香-中安在线-徽文化,生活 不止 眼前 的 苟且 ， 还有 茶 和 远方,1
http://cul.anhuinews.com/system/2009/06/09/002271223.shtml,qq.com,凤台3人成为国家级“非遗”传承人-非遗-中安在线-徽文化,说 鳖 ： 明朝 徽州 第一 冤案,1
