url,segments
http://news.163.com/16/1216/11/C8DFAFMP00018AOP.html,"停止 “ 徽 文化 ” 的 “ 异地 保护 ”
"
http://news.163.com/16/1210/14/C7UAMRR3000187V5.html,"30 余 位 中外 书画家 皖南 体验 “ 徽 文化 ”
"
http://www.ah.xinhuanet.com/20161214/3576901_c.html,"30 余 位 中外 书画家 安徽 体验 “ 徽 文化 ”
"
http://news.163.com/16/1129/10/C71J7CQL000187VI.html,"黄山 : “ 活 态 ” 传承 徽 文化
"
"http://stock.eastmoney.com/news/1354,20161209691914768.html","黄山旅游 : 旅游 与 徽 文化 融合
"
http://v.ifeng.com/news/society/201610/017002e4-89ca-11e6-9b3a-002590c2aaeb.shtml,"安徽 徽 文化 博物馆 : 梦 回 古 徽州
"
http://news.sina.com.cn/c/2016-10-01/doc-ifxwmamz0165378.shtml,"徽州 古城 今日 人气 旺 游客 看 大戏 游 古街 品 徽 文化
"
http://news.xinhuanet.com/city/2016-09/28/c_129303683.htm,"唤醒 徽 文化 “ 活化石 ”
"
http://finance.qq.com/a/20160928/012414.htm,"徽 文化 沙龙 解密 徽商 之 道
"
http://ah.people.com.cn/n2/2016/1207/c351992-29427308.html,"黄山市 屯溪区 黎 阳 镇 : 加快 徽 文化 传统 旅游 产业 发展
"
http://news.21cn.com/caiji/roll1/a/2016/0924/14/31570113.shtml,"合肥 万 达 城 24日 开业 徽 文化 遇 上 世界级 娱乐
"
http://finance.sina.com.cn/roll/2016-09-24/doc-ifxwermp3788476.shtml,"合肥 万 达 城 盛 大 开业 徽 文化 特色 鲜明
"
http://fj.china.com.cn/p/251971.html,"行走 徽 杭 古道 体验 徽州 文化
"
http://cs.zjol.com.cn/system/2016/11/27/021382288.shtml,"走 进 徽 杭 古道 品味 徽州 文化
"
http://news.hfhouse.com/html/2486089.html,"【 宝利 丰 广场 】 11月 进度 徽 文化 街区 全面 建设
"
http://365jia.cn/news/2016-11-15/351360F99DB3A22D_2.html,"各类 卡通 包公 亮相 地铁 1 号 线 合肥 首 列 主题 专列 尽显 “ 徽 文化 ”
"
http://news.ifeng.com/a/20160930/50050551_0.shtml,"万 达 徽 文化 主题 乐园 大门 正式 开启 , 探秘 旅程 必不可少 !
"
http://www.ah.xinhuanet.com/edu/zhuanti/jyzxzxd/20161019/3493562_c.html,"歙县 : 传统 徽 文化 与 现代 精神文明 的 融合
"
http://news.163.com/16/0820/19/BUUGR4VK000146BE.html,"近 40 位 海外 文化 侨社 负责人 赴皖 体验 “ 徽 文化 ”
"
http://www.scxxb.com.cn/html/2016/stny_1025/219245.html,"安徽 卢 村 : 保护 徽 文化 建设 新 农村 全力 打造 中国 美丽 休闲 乡村 样板
"
http://news.cctv.com/2016/10/04/VIDEbe3TfBkrYCFmh2mm8Tdu161004.shtml,"[ 看 东方 ] 安徽 徽 文化 博物馆 : 梦 回 古 徽州
"
http://news.cctv.com/2016/10/03/VIDEcx6m1FZ7BxGHl2Dfw3vd161003.shtml,"[ 东方 新闻 ] 安徽 徽 文化 博物馆 : 梦 回 古 徽州
"
http://news.163.com/16/0818/09/BUOAB42200014AED.html,"学子 体验 徽 文化
"
http://www.huaxia.com/xtzx/xcyw/2016/09/5002742.html,"一 次 徽 文化 的 探寻 之 旅 —— 随 访 台湾 基层 人士 参访 团 来 宣 考察 侧记
"
http://news.163.com/16/0810/10/BU3ORCTI00014AED.html,"体验 徽 文化
"
http://paper.people.com.cn/rmrbhwb/html/2016-08/05/content_1701256.htm,"海归 人士 子女 体验 “ 徽 文化 ” - 人民日报 海外版 - 人民网
"
http://news.163.com/16/0804/10/BTKB4U3V00014SEH.html,"贴身 保护 徽 文化 “ 活化石 ”
"
http://news.163.com/16/0801/21/BTDQFHNT00014JB6.html,"海归 人士 子女 体验 “ 徽 文化 ”
"
http://365jia.cn/news/2016-09-24/0791BF6B617FAD97.html,"合肥 庐江 三 食 六 巷 美食街 正式 开 街 打造 徽 文化 旅居 胜地
"
http://www.taiwan.cn/local/anhui/dongtaixinwen/201609/t20160912_11566347.htm,"皖 、 鄂 两 省 青年 台胞 到 歙县 考察 徽 文化
"
http://news.xinhuanet.com/house/hf/2016-07-15/c_1119226261.htm,"雍锦 会客厅 首 期 开讲 徽 文化 传播者 君豪 带 你 用 创意 镌刻 人生
"
http://difang.gmw.cn/newspaper/2016-09/07/content_115984579.htm,"杨 丽萍 : 将 舞蹈 元素 和 徽州 文化 的 魅力 结合 好
"
http://auto.ifeng.com/chengdu/shangqing/2016070610124.shtml,"蔚 揽 旅行 轿车 280 T S I 带 您 领略 徽州 文化
"
http://www.ahwang.cn/hefei/20160902/1556198.shtml,"巢湖 学院 大学生 赴 歙县 考察 徽 文化
"
http://www.eastobacco.com/luyanshichuang/201608/t20160829_409179.html,"“ 红方 印 ” 中 的 徽 文化
"
http://www.taiwan.cn/local/anhui/dongtaixinwen/201608/t20160816_11539265.htm,"2016 台湾 青年 学生 徽 文化 夏令营 在 滁州市 开营
"
http://news.ifeng.com/a/20160712/49337760_0.shtml,"花为媒 唱 响 徽 文化 塑 品牌 做好 徽 文章
"
http://www.chinaqw.com/hwjy/2016/07-20/95977.shtml,"海外 华裔 青少年 赴 安徽 黄山 感知 徽州 文化
"
http://news.xinhuanet.com/mrdx/2016-07/28/c_135547039.htm,"徽州 文化园 “ 徽州 记忆 ” 活动 剪影
"
http://ah.anhuinews.com/system/2016/11/09/007502064.shtml,"绩溪 举办 中国 徽菜 美食 文化 旅游节
"
http://www.ah.xinhuanet.com/20160728/3318438_c.html,"26 个 国家 青年 汉学家 来 安徽 考察 徽州 文化
"
http://news.163.com/16/0607/11/BOV355M500014AED.html,"“ 窗口 ” 传承 徽 文化
"
http://news.163.com/16/0603/11/BOKPBHO700014JB6.html,"古 民居 保护 的 黄山 “ 模式 ” : 守 住 徽 文化 “ 筋骨肉 ”
"
http://epaper.anhuinews.com/html/ahsb/20160725/article_3468619.shtml,"创 文 旅 新 格局 传 中华 徽 文化
"
http://www.edu777.com/jiaoyu/22737.html,"第八 届 全国 “ 徽 文化 ” 研究生 暑期 学校 开学
"
http://news.163.com/16/0527/11/BO2O1QKP00014AEE.html,"徽州 私人 藏书 贡献 徽 文化 发展 ( 图 )
"
http://epaper.hf365.com/sqb/gxxw/html/2016-07/14/content_214689.htm,"感受 徽 文化 走 进 博物馆
"
http://money.163.com/16/0521/03/BNIEJLBP00253B0H.html,"推动 徽 文化 走向 世界
"
http://www.soupu.com/news/684425,"合肥 万 达 城门 票 发布 ! 218 元 如何 玩 转 徽 文化 乐园
"
http://news.cctv.com/2016/06/25/VIDE3acyP5kFhRWoTsE1rNTZ160625.shtml,"[ 安徽 新闻 联播 ] 新 创 黄梅戏 《 不 越 雷池 》 : 融通 廉政 传统 与 徽 文化
"
http://www.ah.xinhuanet.com/20170106/3610948_c.html,"首 届 《 徽 文化 论坛 》 暨 "" 安徽 地域 文化 与 统战 工作 "" 研讨会 召开
"
http://www.ahwang.cn/ent/20160728/1544899.shtml,"26 个 国家 青年 汉学家 来 安徽 考察 徽州 文化 ( 图 )
"
http://www.ah.chinanews.com/news/2016/0829/13524.shtml,"李 修松 会见 “ 文化 使者 ” 代表团
"
http://ah.anhuinews.com/system/2016/08/22/007442654.shtml,"王 信 出席 “ 文化 中国 之 旅 ” 安徽 行 启动 仪式
"
http://news.ifeng.com/a/20160607/48933329_0.shtml,"协商 聚 力 , 更 好 留住 徽 文化 根脉
"
http://www.ahtv.cn/c/2016/0626/00803382.html,"新创 黄梅戏 《 不 越 雷池 》 : 融通 廉政 传统 与 徽 文化
"
http://news.163.com/16/0513/11/BMUMNC2K00014AEE.html,"鲍 家 花园 之 徽 文化 古风 今 传 ( 组图 )
"
http://news.163.com/16/0512/10/BMS22HIC00014AEE.html,"歙县 徽班 纪念馆 展示 、 传承 徽 文化 ( 图 )
"
http://ah.people.com.cn/n2/2016/0627/c358326-28570334-2.html,"“ 端 ” 行 皖江 抵达 宜城 品 黄梅调 探 徽 文化
"
http://money.163.com/16/0501/13/BLVVHIP900253B0H.html,"黄山 市委 书记 : 让 徽州 文化 留 下来 活 起来 , 是 义不容辞 的 责任
"
http://finance.qq.com/a/20160419/050426.htm,"黄山旅游 : “ 黄山 ( 景区 ) + 徽 文化 ” 双 I P 资源 呼之欲出
"
http://jiangsu.china.com.cn/html/2016/ahnews_0601/5769533.html,"街口 镇 传承 徽 文化 , 徽剧 进 校园
"
http://difang.gmw.cn/newspaper/2016-05/31/content_112861675.htm,"我市 “ 本土 ” 徽 文化 创意 纪念品 喜 获 全国 大奖
"
http://epaper.anhuinews.com/html/jhsb/20160531/article_3438848.shtml,"用 石雕 续 写 “ 徽 文化 ”
"
http://ah.anhuinews.com/system/2016/05/30/007368373.shtml,"黄山 徽 文化 纪念品 喜 获 全国 大奖
"
http://www.newshs.com/tvnews/news/2016/5/26/1464226932175.shtml,"简讯 : 黄山 学院 开展 “ 徽 文化 进 大位 ” 活动
"
http://www.ah.xinhuanet.com/20160518/3149347_c.html,"“ 千古黟 技 匠人 圣地 ” 徽 文化 体验 传承 项目 落户 西 递
"
http://difang.gmw.cn/newspaper/2016-05/20/content_112607985.htm,"让 徽 文化 走 出去 活 起来
"
http://www.newshs.com/tvnews/news/2016/5/16/1463360859241.shtml,"“ 徽 文化 ” 精彩 亮相 2016 深圳 文博 会
"
http://news.21cn.com/caiji/roll1/a/2016/0329/22/30839167.shtml,"“ 徽 文化 ” 首部 百科全书 式 工具书 问世
"
http://www.ah.xinhuanet.com/20160505/3111612_c.html,"“ 徽 文化 ” 本月 12日 起 将 亮相 深圳 文博 会
"
http://money.163.com/16/0328/12/BJ8BSHIE00254TI5.html#from=keyscan,"安徽 黄山乡 村 旅游节 启幕 “ 徽 文化 ” 遇见 “ 新 时尚 ”
"
http://www.ah.xinhuanet.com/2016-05/01/c_1118781743.htm,"合肥 蜀山 区 井 岗镇 举办 徽 文化 培训班
"
http://www.newshs.com/t/e/d/2016-5-6/1462494663338.shtml,"歙县 三阳 镇 : 探寻 徽 杭 古道 , 挖掘 和 保护 徽 文化
"
http://www.ah.xinhuanet.com/2016-04/25/c_1118723846.htm,"黟县 谋划 打造 “ 匠人 圣地 ” 传承 徽 文化
"
http://sports.eastday.com/s/20160418/u1ai9306274.html,"歙(s hè ) 县 坡 山村 : 徽 文化 风光 拍摄 最佳 位置
"
http://365jia.cn/news/2016-04-24/9161015EBE91FC92_2.html,"放弃 “ 铁饭碗 ” 南下 做 印刷 强 抓 设计 欲与 徽 文化 融合 并 进
"
http://www.huaxia.com/hs-tw/htwl/2016/03/4785541.html,"兴 泽 基金会 代表 台胞 何 元吉 先生 一 行 到 歙县 考察 徽 文化
"
http://wuhu.house.sina.com.cn/news/2016-04-15/15516126647792254646028.shtml,"重塑 古镇 徽 文化 新华 联 拟 斥 巨资 弘扬 黄梅戏
"
http://www.ah.xinhuanet.com/2016-04/06/c_1118545795.htm,"黄山 设 徽 文化 网络 技术 研究 中心
"
http://epaper.hf365.com/jhcb/html/2016-04/10/content_189050.htm,"遇见 “ 金水 坊 ” 邂逅 徽 文化
"
http://cul.qq.com/a/20160325/024198.htm,"徽州 文化 的 智慧 表征 : 遍布 村落 的 徽派 建筑
"
http://www.newshs.com/t/a/2016-3-30/1459302300715.shtml,"《 徽州 文化 大 辞典 》 首发式 举行
"
http://jingji.sports.cn/zonghe/other/2016/0329/161400.html,"黄山 市委 书记 任 泽锋谈' 旅游 +' 及 徽 文化 保护
"
http://www.ahwang.cn/zbah/20160329/1506664.shtml,"黄山 今天 发行 《 徽州 文化 大 辞典 》
"
http://news.ifeng.com/a/20160611/48954406_0.shtml,"联谊会 助力 徽 文化 传承
"
http://news.163.com/16/0205/09/BF24OI9I00014AED.html,"影视 镜头 里 的 “ 徽 文化 ” ( 图 )
"
http://finance.qq.com/a/20160201/011024.htm,"黄山旅游 : 餐饮 融入 徽 文化 , 酒店 改造 迎合 消费 升级
"
http://365jia.cn/news/2016-02-02/968CC23B991FA4C6.html,"徽 晚 临时 调档 提前 至 本周 五丫 蛋 王 小利 新作 融合 徽 文化 图
"
http://www.ah.xinhuanet.com/2016-01/28/c_1117926905.htm,"黄山 创新 推动 徽 文化 保护 传承
"
http://zgsc.china.com.cn/jianghuai/whys/2016-01-29/459320.html,"黄山 推动 徽 文化 保护 传承 继续 推进 徽州 古建筑 保护 工程
"
http://news.wehefei.com/system/2016/01/26/010625215.shtml,"合肥 “ 银发 ” 旗袍 队 一 年 百 余 场 走 秀 宣传 徽 文化
"
http://ah.anhuinews.com/system/2016/01/25/007192771.shtml,"传承 ""徽 骆驼 "" 再 耀 徽 文化
"
http://www.scio.gov.cn/dfbd/dfbd/Document/1460493/1460493.htm,"海外 华裔 青少年 在皖 体验 徽 文化
"
http://money.163.com/14/1224/21/AE8SFQ3100254TI5.html#from=keyscan,"安徽 合肥 徽 文化街 上 的 平安夜 : 东西方 文化 的 和谐 融合
"
http://www.chinaqw.com/gqqj/2015/06-08/52453.shtml,"安徽 侨联 会见 澳洲 侨领 冀 做 徽 文化 海外 传播 使者
"
http://work.kids21.cn/dfcz/ahsdfcz/201505/t20150505_331832.htm,"徽州区 岩寺 镇 中心 学校 开展 徽 文化 修 学游
"
http://news.hefei.cc/2013/1113/022964674.shtml,"合肥 蜀山 源泉 徽 文化 博物馆 徽州 木雕 展 彰显 徽 文化
"
http://www.newshs.com/a/20130927/00180.htm,"是 保护 徽 文化 还是 兜售 古建筑 ?
"
http://www.legaldaily.com.cn/police_and_frontier-defence/content/2012-07/09/content_3691092.htm?node=23300,"安徽 黄山 边检站 利用 驻地 徽 文化 资源 深化 主题 教育
"
http://ah.anhuinews.com/system/2013/04/14/005587912.shtml?xbtkufuvhfrgwzfk,"中国 ( 宣城 ) 徽 文化 展示 基地 项目
"
http://www.ahwang.cn/anhui/2011/1005/1089773.shtml,"尝 徽菜 连 称 六 次 “ v e r y g o o d ” 骆家辉 盛赞 徽 文化
"
http://www.newshs.com/a/20110504/00196.htm,"总 投资 45亿 徽州 文化 艺术 长廊 项目 “ 胎动 ” ( 香港 商报 )
"
http://ex.cssn.cn/wh/wh_hdzl/201610/t20161004_3223935.shtml,"徽州 文化 “ 飘香 ” 羊城
"
http://news.sina.com.cn/o/2003-09-15/0917753675s.shtml,"徽 文化 醉 了 两 老外
"
http://news.163.com/15/1026/23/B6T187FK00014AED.html,"哈尔滨市 至 黄山市 航线 开通 3 个 小时 即 可 感受 徽州 文化 ( 组图 )
"
http://news.163.com/15/1023/09/B6JQ6R1R00014AED.html,"打 好 “ 徽菜 ” 牌 传播 徽 文化
"
http://news.163.com/15/1016/09/B61O8AHF00014AED.html,"徽 文化 展露 “ 新 生态 ” ( 图 )
"
http://news.163.com/15/1005/08/B55CI0QP00014AED.html,"吴 笑梅 : 免费 传授 剪纸 技艺 弘扬 徽 文化 ( 图 )
"
http://news.163.com/15/0918/09/B3PMVH3L00014AED.html,"瓷都 感受 徽 文化 ( 图 )
"
http://news.163.com/15/0827/16/B21O4D3E00014SEH.html,"体验 徽 文化 架 起 友谊 桥 —— 2015年 台湾 青年 学生 徽 文化 夏令营 闭 营 ( 图 )
"
http://news.163.com/15/0811/09/B0NRGMMQ00014AED.html,"老街 “ 新 ” 客栈 延续 “ 徽 文化 ”
"
http://money.163.com/15/0714/18/AUGNGMND00254TI5.html,"七国 师生 走 进 安徽 感受 徽 文化 魅力
"
http://gb.cri.cn/43871/2015/06/26/7751s5009931.htm,"徽墨 与 歙砚 : 笔尖 上 的 徽 文化 ( 高 清 组图 )
"
http://news.ifeng.com/a/20151224/46816328_0.shtml,"海外 华裔 青少年 零 距离 体验 徽 文化
"
http://news.163.com/15/0615/07/AS4S023800014AED.html,"纪 连 海 黄山 自驾游 : “ 爱国 ” 是 徽 文化 核心 之一
"
http://news.163.com/15/0612/07/ART3RN4B00014AED.html,"徽州 优秀 传统 文化展 将 开展 100 多 件 展品 诠释 徽 文化 ( 组图 )
"
http://news.163.com/15/0518/15/APTIPLDJ00014AEE.html,"徽 文化 元素 精彩 亮相 第十一 届 文博 会
"
http://news.163.com/15/0509/10/AP5TTUAC00014JB6.html,"话剧 《 徽商 传奇 》 亮相 国家 大 剧院 演绎 "" 徽商 徽 人 徽 文化 ""
"
http://news.163.com/15/0429/17/AOCRPT4U00014AED.html,"“ 把 徽 文化 带 到 更 大 舞台 上 ” ( 图 )
"
http://gb.cri.cn/43871/2015/05/25/5631s4973544.htm,"【 非遗 】 石 与 刀 的 碰撞 : 凝固 徽 文化 符号 的 徽州 石雕
"
http://news.163.com/15/0409/11/AMOMHPHQ00014AED.html,"“ 徽 文化 ” 将 集中 亮相 北京城 ( 图 )
"
http://www.chinadaily.com.cn/hqjs/zjtw/2015-05-12/content_13684266.html,"台湾 屏东 县 乡 里 长 安徽 参访 团 到 歙县 感受 徽 文化
"
http://news.163.com/15/0401/15/AM4IV4J300014Q4P.html,"这个 春天 , 到 徽州 体验 独特 徽 文化
"
http://www.chinadaily.com.cn/hqcj/xfly/2015-03-26/content_13441041.html,"感受 徽 文化 体验 慢 生活 组图
"
http://news.xinhuanet.com/photo/2015-03/25/c_127620269.htm,"感受 徽 文化 体验 慢 生活
"
http://news.ifeng.com/a/20150831/44556462_0.shtml,"文博 蜀山 分会场 主打 “ 徽 文化 ”
"
http://news.xinhuanet.com/legal/2015-03/07/c_127553871.htm,"让 徽 文化 化解 庭上 恩怨
"
http://news.163.com/15/0213/09/AIATGKC300014JB6.html,"徽 文化 展览 走 进 台北 ( 图 )
"
http://news.163.com/15/0211/10/AI5R2HRD00014AED.html,"黄山 创建 徽 文化 研 学 旅行 基地
"
http://www.chinadaily.com.cn/hqcj/xfly/2015-02-08/content_13199950.html,"徽 文化 研 学 旅行 实践 教育 基地 在 黄山市 创建
"
http://news.163.com/15/0206/09/AHOTCFF100014AED.html,"“ 徽 文化 ” 浸润 羊年 春晚 ( 图 )
"
http://www.chinadaily.com.cn/hqcj/xfly/2015-02-04/content_13177599.html,"创建 徽 文化 研 学 旅行 实践 教育 基地 研讨会 圆满 举行
"
http://news.163.com/15/0204/07/AHJHON8100014AED.html,"安徽省 将 实施 职业 教育 “ 徽 文化 传承 工程 ”
"
http://news.sina.com.cn/o/2014-12-26/063931329766.shtml,"古 徽州 文化 旅游区 览 徽州 文化 的 胜地
"
http://news.163.com/14/1225/12/AEAEVSCP00014AED.html,"逛 后街 品味 徽 文化 ( 图 )
"
http://news.xinhuanet.com/yzyd/local/20141210/c_1113594173.htm,"台盟 中央委员 陈 宜安 来安 徽 歙县 考察 徽 文化
"
http://news.163.com/14/1107/17/AAFDFBO600014JB6.html,"美国 驻 上海 新科 总领事 : 徽 文化 令 人 印象 深刻
"
http://www.newskj.org/kxzc/2015123143276.html,"安徽省 徽学 学会 学术 年会 暨 “ 传统 与 变迁 : 徽 文化 与 当代 中国 ” 学术 ...
"
http://www.newshs.com/tvlife/farmer/2015/12/23/1450832138569.shtml,"传承 徽 文化 第二 届 徽州 民歌 大赛 举行
"
http://edu.gmw.cn/newspaper/2015-08/09/content_108447493.htm,"德国 中学生 来 肥 体验 徽 文化
"
http://www.newshs.com/t/a/2015-12-21/1450681266346.shtml,"徽 文化 移动 互联 技术 研究 中心 成立
"
http://news.163.com/14/1007/00/A7TPHUJE00014AEF.html,"婺源 : 徽 文化 度假 宅院 跑 火
"
http://www.chinaqw.com/zhwh/2015/07-17/57337.shtml,"安徽 黄梅戏 走 进 新西兰 海外 弘扬 “ 徽 文化 ” ( 图 )
"
http://news.163.com/14/0917/12/A6BINQ0D00014AED.html,"法国 艺术家 体验 徽 文化 ( 图 )
"
http://cpc.people.com.cn/pinglun/n/2014/0915/c241220-25664305.html,"“ 徽 文化 ” 当 扛 起 “ 五 个 一 工程 ” 这 面 旗
"
http://tv.people.com.cn/n/2015/0630/c150721-27232160.html,"胡 家迅 : 以 徽 文化 和 体育 旅游 来 扩大 徽 杭 古道 的 影响力
"
http://www.newshs.com/t/e/b/2015-11-2/1446446831151.shtml,"徽州区 潜 口 镇 : 唐 模 景区 被 评为 首 个 省级 徽 文化 研 学 基地
"
http://www.newshs.com/a/20151027/00146.htm,"【 音频 】 “ 徽商 、 徽班 、 徽 文化 ” 论坛 在 黄山市 举行
"
http://house.hexun.com/2015-08-18/178401360.html,"芜湖 伟 星 和 院 : 千 年 徽 文化 的 现代 传承 | 组图
"
http://www.ah.xinhuanet.com/2015-08/17/c_1116279422.htm,"合肥 版 夫子庙 ! 裕 丰 花市 徽 文化 成气候
"
http://zgsc.china.com.cn/jixi/tswh/2015-10-15/413389.html,"绩溪 —— 沉甸甸 的 “ 徽 文化 博物馆 ”
"
http://news.ifeng.com/a/20150204/43094904_0.shtml,"“ 徽 文化 ” 、 “ 非 遗 ” 将 走 进 职教 课堂
"
http://www.ahwang.cn/zbah/20151002/1457377.shtml?new1,"黄山 徽 文化 及 乡村 景点 吸引 大量 游客 ( 图 )
"
http://news.xinhuanet.com/yzyd/local/20140808/c_1111991190.htm,"台胞 何 元吉 到 故乡 安徽 歙县 考察 徽 文化
"
http://finance.ifeng.com/a/20140805/12865684_0.shtml,"海外 优秀 学生 参与 “ 奖 学之 旅 ” 领略 徽 文化
"
http://news.163.com/14/0725/15/A20Q4UOA00014AED.html,"《 大黄山 》 展示 徽 文化 之 美
"
http://news.wehefei.com/system/2015/09/06/010519757.shtml,"台湾 连续 5 年 成 安徽 入境 旅游 最 大 客源 地 游客 体验 徽 文化
"
http://finance.ifeng.com/a/20140708/12677640_0.shtml,"港澳台 10 所 高校 学生 来皖 研习 徽 文化
"
http://www.huaxia.com/qqla/gdrd/2014/12/4188965.html,"徽州 文化 旅游区 入选 国家 旅游局 最 新 一 批 5 A 景区
"
http://www.newshs.com/a/20150807/00144.htm,"歙县 七 位 教师 获 “ 徽 文化 特色 人才 ” 征文 奖
"
http://ah.people.com.cn/BIG5/n/2015/0906/c227573-26255874.html,"台灣 連續 5 年 成 安徽 入境 旅游 最 大 客源 地 游客 體驗 徽 文化
"
http://www.ahtv.cn/c/2015/0526/00516399.html,"- 黄山 : 骑 行 新安江 感受 徽 文化
"
http://www.caigou2003.com/tender/notice/332856.html,"徽 文化 博物馆 工作服 采购 项目 ( 二 次 ) 询价 公告
"
http://edu.gmw.cn/newspaper/2015-03/02/content_104801202.htm,"宣 文化 与 徽 文化 之 比较 ● 陆 再奇
"
http://news.163.com/14/0509/09/9RPSVG3600014AED.html,"“ 徽 文化 风景线 ” 亮相 黄山 街头
"
http://news.163.com/14/0508/20/9ROI1OH100014JB5_all.html,"“ 中国 徽 文化 ” 图片展 亮相 巴黎 ( 高 清 组图 ) ( 全文 )
"
http://news.163.com/14/0508/09/9RND95A600014AED.html,"黄山 徽州 文化 旅游 集团 主题 活动 成功 举行
"
http://news.xinhuanet.com/culture/2014-05/08/c_126474792.htm,"“ 中国 徽 文化 ” 图片展 亮相 巴黎 图
"
http://money.163.com/14/0508/03/9RMNLCU600254TI5.html#from=keyscan,"中国 徽 文化 图片展 在 巴黎 亮相
"
http://news.163.com/14/0508/03/9RMN9JFC00014Q4P.html,"“ 徽 文化 ” 倾倒 巴黎 ( 图 )
"
http://www.ah.xinhuanet.com/2015-04/09/c_1114919618.htm,"白 湖 监狱 : 举办 “ 徽 文化 与 监狱 文化 建设 发展 ” 研讨 交流会
"
http://news.xinhuanet.com/world/2014-05/07/c_1110574906.htm,"令 人 难以 拒绝 的 邀约 —— 记 “ 中国 徽 文化 ” 图片展 亮相 巴黎
"
http://news.xinhuanet.com/world/2014-05/07/c_1110572755.htm,"“ 中国 徽 文化 ” 图片展 亮相 巴黎
"
http://news.wehefei.com/system/2015/06/12/010453368.shtml,"徽州 传统 文化展 将 安徽 博物院 开展 大量 展品 诠释 徽 文化
"
http://news.gmw.cn/newspaper/2015-02/05/content_104359646.htm,"徽 文化 研 学 旅行 实践 教育 基地 创建
"
http://travel.people.com.cn/n/2015/0204/c41570-26508325.html,"创建 徽 文化 研 学 旅行 实践 教育 基地 研讨会 在 黄山 举行
"
http://365jia.cn/news/2015-05-04/D8A770A51080B735.html,"“ 大咖 ” 聚首 科大 畅谈 青春 梦想 联想 C E O 邀 大家 感受 徽 文化
"
http://www.newshs.com/a/20150527/00160.htm,"新华社 高级 记者 张 严平 采风 徽 文化
"
http://auto.yznews.com.cn/2015-05/20/content_5525323.htm,"徽 文化 二日 游 金 澳 奥迪 车主 自 驾 招募
"
http://news.ifeng.com/a/20140912/41960435_0.shtml,"徽 文化 交易 中心 或 现身 高铁 站 北 广场
"
http://epaper.hf365.com/hfrb/html/2015-05/05/content_97364.htm,"“ 徽商 徽 人 徽 文化 ” 荡气回肠
"
http://news.newsxc.com/folder20/folder152/2015-05-04/222956.html,"徽 文化 与 歙砚 雕刻 艺术 —— 姜 和平
"
http://news.163.com/14/0401/11/9OO9A1DA00014AED.html,"中外 学子 感受 徽 文化 ( 图 )
"
http://www.newshs.com/a/20150430/00186.htm,"( 图 ) 徽州区 岩寺 镇 中心 学校 开展 “ 感受 春天 感受 徽 文化 ” 活动
"
http://www.newshs.com/a/20150415/00150.htm,"( 图 ) 渔 梁 古街 游人如织 徽州 文化 倍受 青睐
"
http://www.wenming.cn/syjj/dfcz/ah/201502/t20150204_2438466.shtml,"黄山 : 传承 徽州 文化 实施 文化 惠民
"
http://culture.ifeng.com/gundong/detail_2014_03/11/34653201_0.shtml,"安徽省 油画 作品 晋 京 邀请 展徽 文化 展示 中心 开幕
"
http://epaper.hf365.com/hfrb/html/2015-04/03/content_89467.htm,"传播 徽 文化 重塑 “ 徽班 ” 精神
"
http://news.163.com/14/0305/17/9MJC5AU000014AED.html,"跟随 环 泰 细品 徽 文化 、 大黄山
"
http://www.szdushi.com.cn/news/201503/2015129598.shtml,"徽 文化 走 进 甪直 古镇 黄梅戏 唱 响 江南 文化园
"
http://news.xinhuanet.com/house/hf/2014-02-26/c_119501706.htm,"合肥 区域 旅游 布局 : 滨湖 建 大型 徽 文化 风情 街
"
http://news.163.com/14/0221/15/9LKBGTBT00014Q4P.html,"江淮 汽车 “ 徽 文化 ” 体验 之 旅 济南 启幕 ( 图 )
"
http://www.chinadaily.com.cn/hqgj/jryw/2014-02-21/content_11261728.html,"江淮 汽车 “ 徽 文化 ” 体验 之 旅 启幕
"
http://www.chinadaily.com.cn/hqgj/jryw/2014-02-21/content_11261501.html,"江淮 汽车 徽 文化 体验 之 旅 启动
"
http://auto.163.com/14/0220/12/9LHEJ9B800084IJU.html,"魅力 江淮 皖美 体验 江淮 汽车 “ 徽 文化 ”
"
http://epaper.hf365.com/hfwb/html/2015-03/16/content_83989.htm,"“ 走 , 到 中英街 领略 徽 文化 ”
"
http://www.autohome.com.cn/news/201402/725766.html,"江淮 汽车 “ 徽 文化 ” 体验 之 旅 盛装 启幕
"
http://news.ifeng.com/a/20140821/41671112_0.shtml,"260 名 全国 劳模 将来 黄山市 休养 考察 感受 厚重 徽 文化
"
http://www.china.com.cn/cppcc/2014-02/10/content_31416680.htm,"全国 政协 委员 王 晓玉 : 刘晓庆 为 徽 文化 出力 我 愿 当 桥梁
"
http://www.chinadaily.com.cn/hqgj/jryw/2014-02-09/content_11172104.html,"全国 政协 委员 王 晓玉 : 需 刘晓庆 为 徽 文化 出力 我 愿 当 桥梁
"
http://365jia.cn/news/2014-12-21/E84C25CC5ECCBF82.html,"未来 四 成 本科 院校 将 变 “ 应用 技术型 ” 徽 文化 技艺 进 课堂
"
http://ent.news.cn/2014-01/24/c_126052975.htm,"《 大黄山 》 透视 ""徽 文化 "" 网友 盛赞 山里 山 外 皆 是 景
"
http://edu.gmw.cn/newspaper/2014-10/10/content_101353735.htm,"春风化雨 润 税 徽 文化 助推 谋 发展
"
http://www.newshs.com/a/20150206/00156.htm,"徽 文化 研 学 旅行 实践 教育 基地 在 我市 揭 牌
"
http://news.hf365.com/system/2015/02/04/014463588.shtml,"徽 文化 民俗 博物馆 活动 小 记者 部分 稿件
"
http://news.hf365.com/system/2015/01/29/014451645.shtml,"添 “ 墨水 ” 长 见识 不妨 去 一 趟 徽 文化 民俗 博物馆
"
http://news.xinhuanet.com/politics/2014-01/09/c_125979028.htm,"纪录片 《 大黄山 》 在 京 首映 全景 展示 黄山 和 徽 文化 之 美
"
http://news.163.com/16/0520/09/BNGIGU6400014AED.html,"中国 徽州 文化 博物馆 打造 主题 研 学游
"
http://epaper.anhuinews.com/html/ahsb/20150123/article_3241443.shtml,"两 部 徽 文化 纪录片 开 机
"
http://news.xinhuanet.com/local/2013-12/27/c_118742516.htm,"纪录片 《 大黄山 》 全景 展示 黄山 和 徽 文化
"
http://www.chinadaily.com.cn/hqgj/jryw/2013-12-24/content_10882281.html,"实用 与 艺术 完美 结合 源泉 博物馆 留住 徽 文化 的 “ 根 ”
"
http://biz.ifeng.com/city/ah/human/lundao/detail_2014_12/31/3365371_0.shtml,"中国 歙县 徽班 纪念馆 30日 正式 开馆 徽 文化 又 多 展示 窗口
"
http://news.hf365.com/system/2014/12/31/014408668.shtml,"安徽 名人 馆 元旦 试 开 八大 展厅 领略 徽 文化
"
http://www.ahwang.cn/edu/20141225/1404318.shtml,"著名 娱乐 策划 品牌 星 奥 公关 正式 进军 安徽 徽 文化 演艺 市场
"
http://news.hefei.cc/2014/1225/024793851.shtml,"合肥 后街 三 期 徽 文化 特色 街区 --徽珍堂 24 日隆 重 开 街
"
http://www.newshs.com/a/20141225/00173.htm,"徽 文化 专家 座谈 探讨 徽 文化 深化 研究
"
http://www.ahwang.cn/lvyou/20141225/1404262.shtml,"逛 后街 品 徽 文化 —— 安徽 首席 徽 文化 美食 休闲 特色 街区
"
http://news.ifeng.com/a/20140508/40197701_0.shtml,"“ 徽 文化 ” 倾倒 巴黎
"
http://hf.house.sina.com.cn/scan/2014-12-18/10245951169833390623996.shtml,"宝 能 城 在 汉字 听写 中 了解 徽 文化
"
http://news.hfhouse.com/html/476333.html,"【 宝 能 城 】 在 汉字 听写 中 了解 徽 文化
"
http://www.wenming.cn/syjj/dfcz/ah/201410/t20141017_2236437.shtml,"探访 绩溪 徽 文化 的 ""前世 今生 "" 感受 古 徽 新韵 异彩 光芒
"
http://cnews.chinadaily.com.cn/jjah/2014-12/11/content_19067264.htm,"国家 旅游局 公示 最新 一 批 5 A 景区 徽州 文化 旅游区 入选
"
http://www.yuexi.gov.cn/index.php?m=content&c=index&a=show&catid=4512&id=780,"安徽 青年报 “ 寻找 徽 文化 ” 栏目 相约 岳西 高腔
"
http://news.163.com/13/1121/09/9E6N745P00014AED.html,"在 徽 文化 的 彩练 中 穿行
"
http://news.hs.xafc.com/show-571-3127-1.html,"【 宇 业 依 云 红 郡 】 徽州 文化 旅游 综合 开发 栖居 地
"
http://fashion.ifeng.com/travel/news/china/detail_2013_11/14/31251250_0.shtml,"f a i l e d : 文化 歙县 : 停驻 休闲 小 城 品味 山水 间 的 徽 文化
"
http://news.hfhouse.com/html/472652.html,"合肥 地铁站 徽 文化 设计 看看 那些 全球 最 奇特 地铁站
"
http://365jia.cn/news/2014-09-17/0B86E1954274073D.html,"合肥 文博 会 将 展现 徽 文化 魅力 黄梅 飘香 神 唐 塑 也 将 亮相
"
http://news.163.com/13/1028/14/9C9HK6HE00014AEE.html,"“ 徽商 与 徽州 文化 学术 研讨会 ” 在 合肥 举行
"
http://www.ah.xinhuanet.com/2014-09/04/c_1112362447.htm,"无 梦到 徽州 -- 中国 徽 文化 赴 法国 展序
"
http://www.ah.xinhuanet.com/2014-08/27/c_1112245993.htm,"安 师大 · 俄罗斯 米 宁 大学 徽 文化 夏令营 开营
"
http://news.cntv.cn/2013/10/17/VIDE1381993324797113.shtml,"[ 视频 ] 拯救 古 村落 安徽 绩溪 : 千 年 仁 里 村 千 年 徽 文化
"
http://news.163.com/13/1002/16/9A6QASRU00014JB6.html,"神游 徽 文化 畅 享 祁红 香 : 游 祁门4 A 自然 景区 赏 民俗 非 遗 展演
"
http://epaper.hf365.com/hfrb/html/2014-09/24/content_37664.htm,"唱 响 徽 文化 惠民 嘉年华
"
http://news.hf365.com/system/2014/09/17/014233615.shtml,"“ 徽 文化 ” 将 首 次 亮相 合肥 文博 会
"
http://www.ah.xinhuanet.com/2014-07/09/c_1111522636.htm,"领略 徽 文化 魅力
"
http://edu.ifeng.com/a/20140903/40785066_0.shtml,"卞 利 在 荷兰 、 挪威 和 丹麦 三 国 为 华人 华侨 宣讲 徽 文化
"
http://ent.ifeng.com/live/news/gudian/gudian_2014_01/15/33034088_0.shtml,"《 风情 安徽 之 仙乐 飘飘 》 : 徽 文化 跨 界 音乐 革命
"
http://edu.ifeng.com/gaoxiao/detail_2014_08/25/38488709_0.shtml,"中 俄 青年 共同 开启 徽 文化 夏令营
"
http://news.sina.com.cn/o/2013-08-01/092527831616.shtml,"弘扬 徽 文化 打造 区域 文博 展会 品牌
"
http://www.wenming.cn/wmzh_pd/fw/whyc/201405/t20140526_1964827.shtml,"徽州 文化 薪火 相传 黟县 非 遗 保护 显 生机
"
http://news.sina.com.cn/o/2013-07-23/052327743046.shtml,"台湾 青年 学生 徽 文化 夏令营 在 肥开营
"
http://ent.ifeng.com/HOT/yaowen/detail_2013_11/21/31425188_0.shtml,"《 徽商 传奇 》 : 一 出 关于 徽商 徽 人 徽 文化 的 诚实 之 作 一 部 探索 中国 ...
"
http://www.chexun.com/2014-04-22/102423612.html,"采 谷雨 春茶 品 徽州 文化 黄山 自驾游 圆满 落幕
"
http://news.bitauto.com/guochanhangqing/20140221/1806357614.html,"江淮 和悦 A 30 直 降 0.3万 体验 ""徽 文化 "" 之 旅
"
http://news.cheshi.com/20140219/1259569.shtml,"魅力 江淮 皖美 体验 — 江淮 “ 徽 文化 ” 之 旅
"
http://www.chinanews.com/df/2014/04-14/6061453.shtml,"合肥市 轨道 公司 : 地铁站 设计 将 体现 “ 徽 文化 ” ( 图 )
"
http://news.bitauto.com/areashopcar/20140304/1806368048.html,"聊城 江淮 和悦 A 30 “ 徽 文化 ” 体验 之 旅
"
http://finance.ifeng.com/roll/20130618/8143629.shtml,"中国 徽 文化 呈现 国粹 魅力
"
http://www.wenming.cn/wmzh_pd/fw/201404/t20140403_1846614.shtml,"黄山 保护 利用 古建筑 传承 弘扬 徽 文化
"
http://www.wenming.cn/wmzh_pd/fw/whyc/zxdt/201404/t20140401_1839644.shtml,"徽州 利用 好 徽 文化 标本 精心 打造 徽 文化 产品
"
http://www.ah.xinhuanet.com/2014-04/01/c_1110044758.htm,"中外 学子 感受 徽 文化
"
http://www.guangyuanol.cn/news/newspaper/2014/0524/204670.html,"在 徽商 博物馆 领略 徽 文化
"
http://news.sina.com.cn/o/p/2013-06-07/104627341460.shtml,"感悟 徽 文化 欢乐 度 佳节 ( 图 )
"
http://news.163.com/13/0606/16/90MUNF7300014JB5_3.html,"徽 文化 奇葩 ―― 绩溪 ( 图 ) ( 三 )
"
http://money.163.com/13/0606/16/90MUNGKR00254TI5_4.html,"徽 文化 奇葩 ―― 绩溪 ( 图 ) ( 四 )
"
http://money.163.com/13/0606/16/90MUNGKR00254TI5_2.html,"徽 文化 奇葩 ―― 绩溪 ( 图 ) ( 二 )
"
http://news.sina.com.cn/o/p/2013-06-06/163427333270.shtml,"徽 文化 奇葩 ―― 绩溪 ( 图 )
"
http://news.ifeng.com/gundong/detail_2013_10/21/30518089_0.shtml,"【 安徽 绩溪 拯救 传统 村落 】 千 年 仁 里 村 千 年 徽 文化
"
http://news.hefei.cc/2014/0520/024037438.shtml,"合肥 经 开区 芙蓉 社区 组织 辖区 儿童 体验 徽 文化
"
http://365jia.cn/news/2014-03-20/6C4478F73ACFE6E9_2.html,"合肥 最 大 规模 道路 命名 规划 完工 1597 个 新 路名 满是 徽 文化
"
http://news.163.com/13/0529/03/900T651B00014AED.html,"徽 文化 艺术 展示 中心 在 京 成立
"
http://news.wehefei.com/system/2014/05/13/010123651.shtml,"今日 安徽 : “ 老字号 ” 安徽 饭店 将 “ 重 出 江湖 ” 凸 显 徽 文化 特色
"
http://news.sina.com.cn/o/2013-05-28/052927241649.shtml,"中国 徽 文化 艺术 展示 中心 在 京 挂牌
"
http://www.china.com.cn/city/2013-05/27/content_28941675.htm,"非 遗 传承 人 吴 笑梅 被 邀 赴 桂林 学校 作 徽 文化 讲座
"
http://gb.cri.cn/43871/2013/05/27/7011s4127944.htm,"夜游 新安江 品味 徽 文化 ( 组图 )
"
http://news.163.com/13/0527/10/8VSGATHM00014AED.html,"传统 徽州 文化 焕发 新 活力 ( 图 )
"
http://news.sina.com.cn/o/2013-05-27/045527232160.shtml,"中国 徽 文化 艺术 展示 中心 在 京 揭 牌 孙 家正 等 出席
"
http://news.cntv.cn/2013/05/26/VIDE1369572960588830.shtml,"[ 视频 ] 北京 : 中国 徽 文化 艺术 展示 中心 成立
"
http://www.chinatimes.com/cn/realtimenews/20140508005959-260408,"「 中国 徽 文化 」 图片展 亮相 巴黎
"
http://www.chinatimes.com/realtimenews/20140508005959-260408,"「 中國 徽 文化 」 圖 片 展 亮相 巴黎
"
http://www.ahtv.cn/c/2014/0310/00236439.html,"皖派 油画 进 京 亮相 展现 徽 文化 魅力
"
http://www.cnr.cn/2013zt/ahwlx/dfkx/201305/t20130517_512607770.shtml,"首 个 徽 文化 基金 在 黄山 创立
"
http://edu.ifeng.com/gaoxiao/detail_2014_04/28/36066329_0.shtml,"我校 举办 徽 文化 宣传 体验 系列 活动
"
http://365jia.cn/news/2014-02-26/C7C17A2540538181_2.html,"滨湖 将 建 大型 徽 文化 风情 街 7900 元/平米 起 看 滨湖 房源
"
http://www.ah.xinhuanet.com/2014-02/26/c_119507691.htm,"合肥 滨湖 将 建 大型 徽 文化 风情 街
"
http://news.sina.com.cn/o/2013-05-07/050427044227.shtml,"如何 保护 利用 好 徽 文化 “ 活化石 ”
"
http://news.hfhouse.com/html/441075.html,"合肥 地铁站 设计 融入 徽 文化 3 号 线 5 年 后 有望 开通
"
http://tv.people.com.cn/n/2013/1227/c79889-23955901.html,"北京 : 六 集 高 清 纪录片 《 大黄山 》 首映 —— 全景 展现 黄山 与 徽 文化 之 美
"
http://news.hefei.cc/2014/0414/023810776.shtml,"合肥 地铁 首 列列 车 或 明年 8月 亮相 地铁站 将 体现 徽 文化
"
http://www.ah.xinhuanet.com/2014-03/13/c_119746688.htm,"徽 文化 “ 活化石 ” 徽州 古建筑 期待 “ 涅槃 重生 ”
"
http://www.ah.xinhuanet.com/2014-03/13/c_119743816.htm,"徽 文化 “ 活化石 ” 徽州 古建筑 期待 涅槃 重生
"
http://finance.qq.com/a/20160415/036300.htm,"黄山旅游 年报 点评 : 业绩 稳步 向前 , 再造 徽 文化 旅游 平台
"
http://www.ah.xinhuanet.com/2014-01/09/c_118903009.htm,"纪录片 《 大黄山 》 首映 全景 展示 黄山 和 徽 文化 之 美
"
http://www.huaxia.com/ah-tw/ahyw/2013/08/3471587.html,"安徽 溪 县立 足 徽 文化 保护 传承 建设 农民 文化 乐园
"
http://news.hfhouse.com/html/433210.html,"楼市 天气 : 合肥 滨 湖区 建 徽 文化 风情 街 因 睡 城 被 点名
"
http://www.ah.xinhuanet.com/2013-12/24/c_118689179.htm,"源泉 博物馆 “ 收藏 ” 厚重 徽 文化
"
http://news.gmw.cn/newspaper/2013-11/02/content_2353708.htm,"在 金华 发现 徽州 文化
"
http://news.ifeng.com/gundong/detail_2013_07/23/27822484_0.shtml,"2013 台湾 青年 学生 徽 文化 夏令营 在 合肥 开营
"
http://news.66wz.com/system/2014/01/24/103975820.shtml,"《 大黄山 》 展示 徽 文化 网友 赞 黄山 美景
"
http://news.hf365.com/system/2014/01/16/013709906.shtml,"可否 连 成 “ 徽 文化 街区 ”
"
http://jhwcw.zjol.com.cn/wcnews/system/2014/01/15/017600825.shtml,"黄宾虹 : 婺徽 文化 共同 孕育 的 一 代 大师
"
http://www.newshs.com/a/20140113/00177.htm,"龙门 乡 建 徽 文化 历史 名 人墙
"
http://www.gywb.cn/content/2013-12/31/content_378378.htm,"北京 书画家 赴 兴义 水墨 清 徽 文化 会馆 开展 交流 论坛
"
http://news.cheshi.com/20130909/1092291.shtml,"探 徽 风寻皖 韵 赏 黄梅 全新 桑塔纳 徽州 文化 符号 探秘 之 旅 第四 站
"
http://www.ah.xinhuanet.com/2013-10/27/c_117887302.htm,"首 届 安徽 文化 论坛 —— “ 徽商 与 徽州 文化 研讨会 ” 在 合肥 举行
"
http://www.newshs.com/t/a/2016-5-17/1463467861401.shtml,"中国 徽州 文化 博物馆 努力 打造 文化 景观
"
http://epaper.hf365.com/hfwb/html/2013-12/10/content_751980.htm,"徽 珍堂 — 倾力 打造 徽 文化 特色 餐饮 街区
"
http://www.cntour2.com/viewnews/2013/11/29/XLjlzkN4arN6B7ZqIHPJ0.shtml,"以 徽 文化 传承 和 发展 为 己任 凸 显 品牌 专业 优势
"
http://www.newshs.com/a/20131126/00205.htm,"黄山市 老 新协 召开 徽 文化 专题 研讨会
"
http://www.huaxia.com/ah-tw/wtwl/2013/05/3326989.html,"台湾 “ 中视 ” 记者 惊叹 歙县 徽 文化
"
http://travel.anhuinews.com/system/2013/11/22/006215115.shtml,"中国 徽 文化 艺术馆 开馆
"
http://news.cheshi.com/20130711/1021315.shtml,"全新 桑塔纳 真情 不 变 —— 徽州 文化 符号 探秘 之 旅 之 凤阳 小岗村
"
http://www.cntour2.com/viewnews/2013/10/17/A0epdXNLdDLrYNMRR3QC0.shtml,"皖南 : 徽 文化 旅游 专家 为 徽州区 ""金紫祠 "" 旅游 业态 打造 把脉 问诊
"
http://www.chinacourt.org/article/detail/2012/11/id/792803.shtml,"屯溪 法院 将 “ 徽 文化 ” 精髓 融入 审判
"
http://culture.ifeng.com/gundong/detail_2012_11/23/19453716_0.shtml,"与 徽 文化 浪漫 相约
"
http://www.ah.gov.cn/UserData/DocHtml/1/2013/8/19/5299466730128.html,"绩溪 徽 文化 博物馆 年 内 开馆
"
http://news.163.com/12/1122/03/8GSSSGD000014AED.html,"书法展 现 “ 徽 文化 ” ( 图 )
"
http://news.sina.com.cn/o/2012-11-19/081425609120.shtml,"本报 记者 走 欧洲 传播 徽 文化
"
http://www.ah.xinhuanet.com/2013-08/13/c_116918069.htm,"德国 华裔 青少年 体验 徽 文化
"
http://www.newshs.com/a/20130924/00216.htm,"“ 徽州 古代 文献 整理 与 研究 高级 研修班 ” 在 徽州 文化 博物馆 举行
"
http://news.163.com/12/1109/21/8FTA22LO00014JB5.html,"王 福宏 : 文化 是 城市 之 魂 徽 文化 的 保护 与 发展 是 有机 统一
"
http://news.hf365.com/system/2013/09/21/013453470.shtml,"合肥市 源泉 徽 文化 博物馆
"
http://www.newshs.com/a/20130910/00200.htm,"过节 “ 品尝 ” 徽 文化
"
http://www.newshs.com/a/20130908/00130.htm,"市政协 委员 视察 徽州 文化 与 生态 长廊
"
http://news.sctv.com/rw/lsjm/201309/t20130906_1584198_2.shtml,"安徽 合肥 徽 文化 博物馆 展出 古代 制作 月饼 模具
"
http://www.newshs.com/a/20130903/00125.htm,"歙县 桂林 镇 : “ 改 徽 ” 传承 了 徽 文化 美 了 乡村
"
http://news.wehefei.com/html/201308/27136852465.html,"安庆 师范学院 六 画家 赴 美 办 展 传播 中华 文化 和 徽 文化
"
http://www.china.com.cn/city/2012-10/12/content_26769398.htm,"安徽 歙县 : 弘扬 徽 文化 创建 文明 城
"
http://news.wehefei.com/html/201308/01135448769.html,"【 我 的 文化 梦 】 徽商 博物馆 馆长 许 苏平 : 激情 演绎 徽 文化
"
http://www.ah.xinhuanet.com/2013-06/07/c_116077131.htm,"感悟 徽 文化 欢乐 度 佳节
"
http://news.163.com/12/0919/18/8BPKC73N00014JB5.html,"展 博大精深 徽 文化 《 中国 黄山 》 画册 在 肥 首发 - 中国 在线
"
http://www.ce.cn/culture/gd/201306/02/t20130602_24441550.shtml,"徽 文化 艺术 展示 中心 在 京 挂牌
"
http://gongyi.sina.com.cn/gyzx/2013-04-10/161342110.html,"新浪 “ 扬帆 计划 ” 第五 天 : 孩子 感受 徽 文化
"
http://www.chinanews.com/tp/hd2011/2013/05-27/207724.shtml,"高清 : 夜游 新安江 品味 徽 文化
"
http://www.ah.xinhuanet.com/2013-05/27/c_115919896.htm,"传统 徽州 文化 焕发 新 活力
"
http://www.ah.xinhuanet.com/2013-05/27/c_115913343.htm,"中国 徽 文化 艺术 展示 中心 在 北京 揭牌
"
http://news.sina.com.cn/o/2012-09-07/055925119484.shtml,"推进 徽 文化 传承 保护 与 发展
"
http://news.sina.com.cn/o/2012-09-06/161625115294.shtml,"《 徽州 文化 大 辞典 》 入选 国家 重点 出版 规划 增补 项目
"
http://365jia.cn/news/2013-05-16/2043CAC86C1F1C76.html,"安徽 文化 产品 丛书 出版 嘉宾 建议 建 徽 文化 淘宝网
"
http://www.china.com.cn/travel/txt/2012-08/26/content_26335353.htm,"安徽 : 黄山市 探索 “ 徽 文化 ” 遗产 保护 利用 新 模式
"
http://www.wenming.cn/syjj/dfcz/201305/t20130510_1219567.shtml,"[ 安徽 ] 黄山 徽 文化 基金 成立
"
http://news.163.com/12/0823/16/89JTBPNJ00014JB5.html,"山水 实景 剧 《 宏村 · 阿菊 》 上演 新派 徽 文化
"
http://news.sina.com.cn/o/2012-08-20/095325001300.shtml,"80 后 小伙 自创 徽 文化 产品 热销 皖南 市场
"
http://news.sina.com.cn/o/2012-08-03/082924899469.shtml,"徽 文化 故事昨 出版 首发
"
http://news.cnhubei.com/xw/gn/201305/t2583252.shtml,"[ 网聚 美好 安徽 ] 宏村 行 : 探访 徽 文化 韵味 十足 的 古 民居 村落
"
http://fashion.163.com/13/0526/20/8VR0F2MF00264MK3.html,"中国 徽 文化 艺术 展示 中心 在 京 隆重 挂牌
"
http://365jia.cn/news/2013-03-29/1F331A44215C8465_7.html,"合肥 长江 中路 将 主打 徽 文化 牌 5700 元 起 看 长江路 沿线 楼盘
"
http://news.sina.com.cn/o/2012-07-19/133624805602.shtml,"“ 黄山门 ” 景区 全力 推广 徽 文化
"
http://politics.caijing.com.cn/2013-05-14/112776064.html,"深度 体验 徽 文化 徽州 打造 ""中国 梦•浪漫 红 "" 品牌
"
http://www.newshs.com/a/20130510/00199.htm,"汪 巍然 : 科学 运用 黄山 徽 文化 基金
"
http://www.newshs.com/a/20130509/00169.htm,"皖 黄山市 迎来 徽 文化 传承 发扬 的 春天 ( 香港 商报 )
"
http://www.newshs.com/a/20130508/00172.htm,"五 城镇 : 保护 古 村落 提升 徽 文化
"
http://news.hfhouse.com/html/384397.html,"合肥 蜀 山区 公布 美好 乡村 体验 游 线路 可体 验 徽 文化
"
http://news.sina.com.cn/o/2012-06-29/061124679371.shtml,"从 徽 文化 诠释 安徽 精神
"
http://www.newshs.com/a/20130421/00170.htm,"千 名 学生 游 徽州 古城 感受 徽 文化 接受 爱国主义 教育
"
http://ah.anhuinews.com/system/2013/04/14/005587997.shtml,"徽州 文化 旅游 纪念品 开发 项目
"
http://news.sina.com.cn/o/2012-06-20/042824623062.shtml,"徽 文化 书法 艺术 学会 成立
"
http://finance.people.com.cn/GB/70392/18198468.html,"从 "" 茶艺馆 "" 到 "" 博物馆 ""许 苏平 : 激情 演绎 徽 文化 ( 5 )
"
http://finance.people.com.cn/GB/70392/18198465.html,"从 "" 茶艺馆 "" 到 "" 博物馆 ""许 苏平 : 激情 演绎 徽 文化 ( 2 )
"
http://finance.people.com.cn/GB/70392/18198466.html,"从 "" 茶艺馆 "" 到 "" 博物馆 ""许 苏平 : 激情 演绎 徽 文化 ( 3 )
"
http://www.ahwang.cn/hefei/20130328/1260998_2.shtml,"合肥 长江 中路 立面 改造 主打 徽 文化 牌 计划 十 月 前 完工 ( 2 )
"
http://tech.xinmin.cn/internet/2013/03/01/18934741.html,"宣城 : 绩溪 举行 大型 民俗 活动 传承 徽 文化 品位 古 徽州
"
http://www.newshs.com/a/20130221/00157.htm,"黄山市 档案馆 : 努力 打造 徽 文化 特色 档案馆
"
http://news.sina.com.cn/o/2012-04-20/030024300284.shtml,"畅游 徽州区 一览 徽 文化
"
http://www.ah.xinhuanet.com/2012-12/13/c_114018472.htm,"绩溪县 推动 美好 乡村 建设 打造 “ 徽 文化 ” 地域 品牌
"
http://news.yninfo.com/ceshi/testzhujiang/201301/t20130123_1898965.html,"2012 台湾 学生 徽 文化 夏令营 活动 完成
"
http://www.ah.xinhuanet.com/2012-11/09/c_113651052.htm,"徽 文化 是 汉 文化 的 “ 活化石 ”
"
http://news.xinhuanet.com/politics/2012lh/2012-03/11/c_111636449.htm,"李 修松 代表 建议 依托 古 村 镇 老街 区 活 态 立体 保护 徽 文化
"
http://news.163.com/12/0310/17/7S8I214700014JB5.html,"李 修松 : 徽州 文化 博大精深 自成 一派
"
http://www.newshs.com/a/20121130/00152.htm,"传承 非 遗 技艺 弘扬 徽州 文化
"
http://www.chinanews.com/shipin/cnstv/2012/10-15/news107700.shtml,"< 宏村 · 阿菊 > : 古老 徽 文化 与 现代 艺术 的 激情 碰撞
"
http://www.newshs.com/a/20121109/00128.htm,"徽 文化 是 汉 文化 的 “ 活化石 ” ( 市场 星报 )
"
http://www.newshs.com/a/20121107/00191.htm,"把 徽 文化 “ 请 ” 进 校园
"
http://www.newshs.com/a/20121101/00141.htm,"屯溪区 法院 徽 文化 特色 被 评为 全省 法院 文化 建设 特色 项目
"
http://www.newshs.com/a/20121029/00146.htm,"徽 文化 博物馆
"
http://www.newshs.com/a/20121026/00200.htm,"歙县 荣膺 “ 中国 徽 文化 之 乡 ” 等 称号
"
http://www.ah.xinhuanet.com/2012-09/07/c_112990558.htm,"郑 牧民 : 推进 徽 文化 传承 保护 与 发展
"
http://www.newshs.com/a/20121015/00114.htm,"曹 征海 来 我市 调研 徽 文化 发展 暨 古 民居 保护 利用 工作
"
http://www.ah.xinhuanet.com/2012-08/27/c_112663610.htm,"黄山 与 徽 文化
"
http://news.163.com/12/0111/02/7NF1V4AS00014AED.html,"周 园徽 文化 精品 体验 中心 1月 9日 开业 ( 图 )
"
http://www.newshs.com/a/20121007/00115.htm,"徽 文化 博物馆 ( 一 )
"
http://gb.cri.cn/1321/2012/01/06/5791s3512741.htm,"【 安徽 台 】 宣 繁 秋 和 他 创建 的 源泉 徽 文化 博物馆
"
http://www.ah.xinhuanet.com/hwh/2012-08/14/content_25537652.htm,"《 大 祠堂 》 卫视 热 播 展现 徽州 文化
"
http://www.chinadaily.com.cn/hqcj/xfly/2011-12-30/content_4833941.html,"元旦 过 大年 : 看 黄山 冬雪 赏 徽州 文化
"
http://www.newshs.com/a/20120924/00142.htm,"保护 传承 好 徽 文化 建设 安徽 美好 乡村 —— 张 宝顺 在 我市 调研 工作 侧记
"
http://news.ifeng.com/gundong/detail_2012_04/05/13662928_0.shtml,"用 手机 拍 也 可以 参赛 徽 文化 摄影 比赛 报名 将 截止
"
http://news.enorth.com.cn/system/2012/06/19/009477096.shtml,"安徽 徽 文化 书法 艺术 学会 成立
"
http://www.ah.xinhuanet.com/2012-07/19/c_112688672.htm,"绩溪 : 突出 徽 文化 特色 建设 和谐 美好 乡村
"
http://edu.ifeng.com/gaoxiao/detail_2012_08/27/17124512_0.shtml,"“ 徽 文化 ” 协同 创新 中心 实施 方案 专家 咨询会 召开
"
http://www.cnhuadong.net/system/2012-8-20/content_129699.shtml,"80 后 小伙 自创 徽 文化 产品 创业 两 个 月 就 火了
"
http://v.ifeng.com/news/mainland/201111/595aed0d-0e05-40d8-96d9-2ac9d6d8b9a2.shtml,"魅力 东方 游 新安江 探 徽 文化
"
http://www.newshs.com/a/20120817/00155.htm,"从 徽 文化 中 探寻 安徽 精神
"
http://edu.ifeng.com/gaoxiao/detail_2012_08/16/16862566_0.shtml,"安徽大学 主办 全国 “ 徽 文化 ” 暑期 学校 首 次 吸引 海外 学者 参与
"
http://www.chinadaily.com.cn/hqgj/jryw/2011-11-10/content_4327728.html,"国 开行 金融 助力 徽州 文化 保护 与 开发
"
http://www.ah.xinhuanet.com/hwh/2012-06/17/content_25422691.htm,"安徽 徽 文化 书法 艺术 学会 正式 成立
"
http://www.chinanews.com/cj/2012/06-15/3966698.shtml,"从 "" 茶艺馆 "" 到 "" 博物馆 ""许 苏平 : 激情 演绎 徽 文化
"
http://gotrip.zjol.com.cn/05gotrip/system/2012/07/16/018660394.shtml,"斥资 2.3亿 《 宏村 - 阿 菊 》 徽 文化 大戏 呼之欲出
"
http://news.163.com/11/1024/13/7H4QT32C00014JB6.html,"天津 京 津 徽 文化 书画院 成立
"
http://365jia.cn/news/2012-05-18/09FA75386A587AF6_2.html,"源泉 博物馆 简介 、 展厅 介绍 及 参观 指南
"
http://365jia.cn/news/2012-05-17/389968CB81315EF7.html,"安徽 将 建 传统 工艺美术 展览馆 保护 徽 文化 继续 传承
"
http://news.163.com/11/1012/10/7G5K4DQC00014JB5.html,""" 爱上 这样 的 徽州"" : 海外 台湾 留学生 徽 文化 体验 之 旅
"
http://www.chinadaily.com.cn/hqjs/zjtw/2011-10-10/content_4016508.html,"2011 “ 徽 文化 ―― 安徽 历史 与 发展 ” 体验 之 旅
"
http://www.ah.xinhuanet.com/news/2012-05/12/content_25219184.htm,"“ 徽 文化 ” 成 我省 海外 “ 金字招牌 ”
"
http://gb.cri.cn/36724/2011/09/21/5751s3379998.htm,"第十五 届 “ 黄山 节 ” 重点 打造 徽 文化
"
http://news.cntv.cn/20110914/111793.shtml,"安徽 歙县 举行 徽 文化 体验 之 旅 活动
"
http://info.broadcast.hc360.com/2012/05/230948507205.shtml,"安徽 广播 电视台 巨资 打造 “ 徽 文化 ” 影视剧
"
http://news.xinhuanet.com/society/2011-09/01/c_121943550.htm,"安徽 面向 全球 征集 “ 徽州 老 照片 ” 弘扬 推荐 徽 文化
"
http://news.163.com/11/0819/15/7BR4K5GN00014JB6.html,"日本 华童 参加 徽 文化 体验 夏令营 感受 中国 悠久 历史
"
http://www.ce.cn/culture/gd/201203/15/t20120315_23160034.shtml,"专家 建议 活 态 立体 保护 徽 文化
"
http://www.ah.xinhuanet.com/hwh/2012-03/12/content_24870838.htm,"不 能 “ 睡 ” 在 传统上 徽 文化 需 走 自己 的 路
"
http://news.hf365.com/system/2012/04/18/011473596.shtml,"镜头 记录 古建筑 之 美 影像 传承 徽 文化 魅力
"
http://news.house365.com/gbk/hfestate/system/2012/04/17/020415398.html,"【 西 递 104 7 】 走近 明清 古 民居 感受 徽 文化 !
"
http://yishu.sdnews.com.cn/ytkx/201204/t20120413_668466.htm,"从 徽 雕 看 徽 文化 的 敛与放
"
http://news.cntv.cn/20110804/104410.shtml,"雨 润 水 视界 邀 您 体验 徽 文化
"
http://news.163.com/11/0803/17/7AI362K300014AEE.html,"王 三运 在 黄山市 调研 时 强调 : 弘扬 徽 文化 加速 新 发展
"
http://www.newshs.com/a/20120405/00205.htm,"黟县 花海 中 体验 徽 文化
"
http://www.ahwang.cn/anhui/20160519/1522123.shtml,"中国 徽州 文化 博物馆 为 文物 办理 “ 身份证 ”
"
http://www.ah.xinhuanet.com/hwh/2012-02/20/content_24737262.htm,"源泉 徽 文化 民俗 博物馆 赏 安徽 本土 文化
"
http://money.163.com/11/0723/00/79K0MIRJ00253B0H.html,"徽商 、 徽学 、 徽 文化
"
http://finance.sina.com.cn/roll/2016-04-15/doc-ifxriqqv5803378.shtml,"黄山旅游 : 再造 徽 文化 旅游 平台 买入 评级
"
http://news.sina.com.cn/o/2011-06-20/090022671507.shtml,"徽 文化 的 独特 魅力 会 成为 拓展 欧洲 旅游 市场 的 金 钥匙
"
http://news.163.com/11/0614/10/76GKGUS700014AEE.html,"“ 智 游 中国 ” 名家 纵论 徽 文化
"
http://www.ah.xinhuanet.com/hwh/2011-12/29/content_24436024.htm,"徽 文化 课程 能否 开进 大 学堂
"
http://www.newshs.com/a/20120115/00159.htm,"畅游 古 村落 品味 徽 文化 —— 安全 旅游
"
http://www.chinadaily.com.cn/hqjs/jsxx/2011-05-23/content_2695105_2.html,"文化 进 警营 武警 黄山 支队 官兵 零 距离 接触 徽 文化
"
http://news.163.com/11/0519/09/74DI4CL900014JB6.html,"黄山 : 国际 博物馆 日 徽 文化 进 警营
"
http://www.weinan.gov.cn/rw/whcl/sh/mjly/64036.htm,"张 福林 受邀 参加 天津 京 津 徽 文化 书画院 成立 大会
"
http://finance.ifeng.com/roll/20110421/3913077.shtml,"品 “ 南 番 顺 ” 风情 美食 饮 “ 徽 文化 ” 典范 美酒
"
http://www.mohurd.gov.cn/dfxx/201111/t20111102_207228.html,"安徽 黄山 用 科技 抢救 徽 文化 的 “ 活化石 ”
"
http://www.ah.xinhuanet.com/hfnews/2011-10/21/content_23942749.htm,"[ 合肥 日报 ] 艺术家 三河 感受 徽 文化
"
http://news.sina.com.cn/o/2011-04-08/153422258808.shtml,"婺源 加强 非 遗 传承 人 保护 促进 徽 文化 “ 活 态 ” 传承
"
http://www.ah.xinhuanet.com/hwh/2011-10/13/content_23887256.htm,"静卧 于 屯溪 老街 中 的 徽 文化
"
http://www.taiwan.cn/jl/mj/201110/t20111011_2100497.htm,"皖台大 学生 携手 开展 徽 文化 体验 之 旅
"
http://www.newshs.com/a/20111116/00138.htm,"精心 筑 起 一 座 文化 新城 —— 徽州 文化 艺术 长廊 项目 现场 见闻
"
http://news.hfhouse.com/html/306036_2.html,"徽商 大会 布展 工作 就绪 徽 文化 元素 将 成 大会 特色
"
http://www.anhuinews.com/zhuyeguanli/system/2011/09/15/004424880.shtml,"保护 弘扬 徽州 文化 丰富 群众 精神 生活 绩溪县 着力 提升 文化 竞争力
"
http://news.hfhouse.com/html/300350.html,"打响 徽 文化 品牌 让 群众 担当 主角 发展 新型 业态
"
http://www.anhuinews.com/zhuyeguanli/system/2011/08/23/004368908.shtml,"外交部 外国 记者 新闻中心 ( I P C ) 网站 推出 “ 徽州 文化 精粹 行 ” 采访 线路
"
http://www.cntour2.com/viewnews/2011/9/27/0927125404.htm,"探源 徽 文化
"
http://www.wenming.cn/syjj/dfcz/201108/t20110822_291673.shtml,"[ 安徽 ] 黄山 着力 保护 古 民居 传承 徽 文化
"
http://www.ah.xinhuanet.com/hfnews/2011-08/17/content_23479245.htm,"徽 文化 民俗 博物馆 迎来 “ 小 候鸟 ”
"
http://www.newshs.com/a/20110919/00140.htm,"荷花 池 小学 让 校园 成为 培植 徽 文化 的 沃土
"
http://www.newshs.com/a/20110911/00150.htm,"徽 文化 体验 之 旅 —— 文化 与 血脉 的 团圆
"
http://news.xinhuanet.com/video/2011-01/27/c_121032050.htm,"徽 文化 让 旅游 更 精彩
"
http://www.newshs.com/a/20110825/00115.htm,"外交部 I P C 推介 徽 文化 特色 采访 线路
"
http://www.ah.xinhuanet.com/hwh/2011-07/11/content_23206286.htm,"赵 焰 : 不要 简单 解读 徽 文化
"
http://www.xinhuanet.com/chinanews/2011-01/06/content_21795438.htm,"今年 旅游 主打 “ 徽 文化 牌 ” - : : 新华网 : : - 地方 联播
"
http://www.newshs.com/a/20110810/00126.htm,"甘 做 文化 繁荣 探路者 —— 徽州 文化 艺术 长廊 项目 建设 推进 侧记
"
http://365jia.cn/news/2011-07-02/0CDD0CF31AA89B82.html,"农业 示范园 重新 规划 设计 或 以 徽 文化 为 主线
"
http://www.newshs.com/a/20110803/00129.htm,"王 三运 在 黄山市 调研 时 强调 弘扬 徽 文化 加速 新 发展
"
http://news.163.com/10/1229/02/6P1PKISK00014AED.html,"让 游客 畅游 “ 徽州 文化 之 海 ”
"
http://www.newshs.com/a/20110727/00102.htm,"旅游 卫视 探访 ” 世外桃源 ” 徽 文化 ( 中 安在线 )
"
http://news.hfhouse.com/html/287061.html,"合肥 首座 徽 文化 【 望 湖上 街 】 借 力 高铁 价值 领 涨
"
http://365jia.cn/news/2011-06-18/DAB5DB409EDC59A9.html,"“ 智 游 中国 · 江淮 风韵 ” 活动 正式 启动 众 名家 畅谈 徽 文化
"
http://www.ah.xinhuanet.com/hwh/2011-06/16/content_23027060.htm,"徽学 专家 卞 利 解读 徽州 文化
"
http://news.163.com/10/1201/06/6MQ24Q5M00014AEE.html,"传承 徽 文化 树立 新 风尚
"
http://www.anhuinews.com/zhuyeguanli/system/2011/05/25/004071918.shtml,"黄山 学院 着力 打造 徽州 文化 特色 校园
"
http://news.163.com/10/1122/01/6M2DN6K600014JB6.html,"黄梅戏 《 墨 痕 》 着力 还原 徽 文化 鼎盛 时期 风貌
"
http://news.sina.com.cn/c/2010-11-17/104621486064.shtml,"联合国 教科文 组织 首 次 与 安徽 合作 开展 徽 文化 保护
"
http://www.anhuinews.com/zhuyeguanli/system/2011/05/06/004011688.shtml,"徽州 文化 艺术 长廊 要 成为 黄山旅游 新 形象
"
http://www.ah.xinhuanet.com/news/2011-04/22/content_22591161.htm,"弘扬 徽 文化 倡导 健康 养生
"
http://news.wehefei.com/system/2015/10/24/010554066.shtml,"合肥 网 第e 时间 : 沉浮 画展 在 合肥 中国 徽 文化 艺术馆 开幕
"
http://www.newshs.com/a/20110503/00189.htm,"徽州区 : “ 徽 文化 ” 游 受热 捧
"
http://news.163.com/10/1007/04/6IC9RL5K00014AED.html,"图文 : 湖北 “ 鹰 联盟 ” 徽 文化 体验 之 旅
"
http://travel.163.com/11/0309/11/6UMV525O00063JSA.html,"胡 学凡 : 徽 文化 让 旅游 更 多彩
"
http://www.ah.xinhuanet.com/hwh/2011-03/03/content_22192886.htm,"春日 黄山 邀请 游客 体验 徽 文化
"
http://news.163.com/10/0909/18/6G5M6S0O00014AED.html,"黄山 大观 举办 徽州 文化 行 活动 ( 图 )
"
http://www.newshs.com/a/20150903/00102.htm,"中国 徽州 文化 博物馆 成为 青少年 暑期 “ 第二 课堂 ”
"
http://sz.winshang.com/news-479784.html,"益田 假日 广场 第八 届 传统 文化节 : 徽州 文化节 正式 启幕
"
http://news.hf365.com/system/2011/02/20/010592141.shtml,"这 六 条 旅游线 让 徽 文化 闪光
"
http://news.hf365.com/system/2015/04/12/014557607.shtml,"... 染 风香—— 最 有 阅读 氛围 的 场所 ” 参评 单位 源泉 徽 文化 民俗 博物馆
"
http://news.sina.com.cn/c/2010-07-21/141817841722s.shtml,"2010年 台湾 青年 学生 徽 文化 夏令营 在 安徽 成功 举办
"
http://www.newshs.com/html/201101/27/20110127135443.htm,"“ 徽 文化 ” 点亮 香江
"
http://news.163.com/10/0716/12/6BNDHOIP00014AEE.html,"大学生 暑期 体验 徽 文化 成 时尚 ( 图 )
"
http://news.sina.com.cn/o/2010-07-14/143817805127s.shtml,"海外 华裔 青少年 中 国徽 文化 行 弘 阳 夏令营 闭营
"
http://news.xinhuanet.com/mil/2010-07/09/content_13834529.htm,"安徽 某部 以 ""徽 文化 "" 滋养 官兵
"
http://news.xinhuanet.com/mil/2010-07/09/content_13832177.htm,"陶 情 励志 武警 安徽 某部 以 ""徽 文化 "" 滋养 官兵
"
http://news.163.com/10/0708/05/6B1VQUMN00014AEE.html,"黄山 夏令营 传播 徽 文化
"
http://news.163.com/10/0707/03/6AV6RUJ200014AEE.html,"40 华裔 少年 “ 取经 ” 徽 文化
"
http://news.163.com/10/0706/10/6ATDQ4IT000146BD.html,"“ 海外 华裔 青少年 中 国徽 文化 夏令营 ” 开营
"
http://news.163.com/10/0701/05/6AG2A0L400014AEE.html,"绩溪 开 建 徽 文化 博物馆
"
http://news.163.com/10/0624/09/69UDOVON00014AED.html,"安徽 活动周 开始 “ 徽 文化 ” 精彩 上 演
"
http://news.qq.com/a/20100624/000733.htm,"30 分钟 开幕式 浓缩 “ 徽 文化 ”
"
http://news.sina.com.cn/o/2010-06-23/151717697414s.shtml,"徽 文化 让 生活 更 多彩
"
http://news.qq.com/a/20100623/001696.htm,"徽 文化 让 生活 彩
"
http://news.163.com/10/0623/05/69REKF9C00014AEE.html,"缤纷 徽 文化 显 魅力
"
http://www.ah.xinhuanet.com/hwh/2010-11/26/content_21491926.htm,"保护 徽州 文化 黄山 探索 发展 新 模式
"
http://news.163.com/10/0622/05/69OQFQJJ00014AEE.html,"“ 徽 文化 是 安徽 发展 的 宝贵 财富 ”
"
http://www.xinhuanet.com/chinanews/2010-06/19/content_20107400.htm,"悠悠 徽 文化 、 科技 展 新颜 探 营 徽商 大会 布展 现场
"
http://www.newshs.com/html/201012/21/20101221102806.htm,"关于 有 奖 征集 徽州 文化 艺术 长廊 项目
"
http://www.ah.xinhuanet.com/hfnews/2010-11/17/content_21418441.htm,"徽 文化 民俗 博物馆 二 期 开工
"
http://www.anhuinews.com/zhuyeguanli/system/2010/11/11/003449986.shtml,"在皖 留学生 齐 聚 黄山 体验 徽 山 徽 水 徽 文化
"
http://auto.ifeng.com/news/domesticindustry/20100608/337254.shtml,"江淮 乘 用车 “ 徽 文化 体验 之 旅 ” 完美 谢幕
"
http://news.hf365.com/system/2010/12/02/010314743.shtml,"读书 交友 走 进 徽 文化 博物馆
"
http://www.ah.xinhuanet.com/hwh/2010-11/01/content_21282819.htm,"古城 民俗 节 弘扬 徽 文化
"
http://www.ah.xinhuanet.com/news/2010-10/27/content_21241183.htm,"北京 故宫 专家 “ 沉醉 ” 徽 文化
"
http://sh.house.163.com/10/1125/15/6MBK49RG00073SDJ.html,"收藏 黄山 一 收藏 千 年 徽 文化
"
http://news.qq.com/a/20100522/000443.htm,"徽 文化 “ 触电 ” 青花瓷
"
http://www.anhuinews.com/zhuyeguanli/system/2010/10/14/003375444.shtml,"徽剧 : 徽 文化 “ 活 态 传承 ”
"
http://ah.anhuinews.com/system/2014/10/10/006566007.shtml,"安徽 一 线 名家 精品 将 在 中国 徽 文化 艺术馆 大师 精品 区 展出
"
http://news.163.com/10/0430/08/65GN6CBI00014AEE.html,"徽 文化 让 世博会 彩
"
http://www.zgfxnews.com/gz/content/2010-10/15/content_19188.htm,"精品 石 展厅 彰显 徽 文化 特色
"
http://news.163.com/10/0419/14/64L0O60S00014AEE.html,"安徽 馆 演绎 “ 徽 文化 让 生活 彩 无 徽 不 成 镇 ”
"
http://www.taiwan.cn/wh/msfq/201008/t20100818_1495601.htm,"说说 徽 文化 赏赏 徽 地理
"
http://news.hefei.cc/2014/0630/024280106.shtml,"安徽省 源泉 徽 文化 民俗 博物馆 首 届 大型 跨 界 行为 艺术 展示
"
http://www.ah.xinhuanet.com/zhuanti/2010-08/06/content_20657616_1.htm,"德国 孔子 “ 门徒 ” 合肥 体验 徽 文化
"
http://news.hfhouse.com/html/235130.html,"【 万科·金域 华府 】 T O P 沙龙 第四 季 解读 徽 文化
"
http://www.ah.xinhuanet.com/hwh/2010-07/27/content_20456696.htm,"安徽省 博新馆 雄姿 已 现 设计 体现 徽 文化
"
http://news.163.com/10/0305/10/610NFNVD000146BD.html,"王 福宏 代表 : 让 徽 文化 在 科学 保护 中 造福 人民
"
http://news.163.com/10/0304/11/60U75CER000146BB.html,"传承 徽 文化 精 、 气 、 神
"
http://news.hefei.cc/2014/0421/023858555.shtml,"文化 先锋 人物 第09 期 : 源泉 徽 文化 民俗 博物馆 馆长 宣 繁 秋 ( 上 )
"
http://www.newshs.com/html/201007/28/20100728162902.htm,"徽州 文化 艺术 长廊 概念性 策划 文案
"
http://ah.anhuinews.com/system/2010/07/28/003321370.shtml,"歙县 县委 书记 滕 祁源 : “ 三位一体 ” 做 强 徽 文化
"
http://epaper.anhuinews.com/html/ahrb/20140217/article_3056856.shtml,"加快 推进 徽州 文化 对外 传播 安徽 日报
"
http://www.newshs.com/html/201007/15/20100715162608.htm,"大学生 品尝 徽 文化
"
http://news.163.com/10/0119/21/5TDVB67K000120GR.html,"“ 徽 文化 ” 融入 网上 世博会 安徽 馆
"
http://www.ahtv.cn/c/2013/1118/00166290.html,"合肥 : 中国 徽 文化 艺术馆 开馆
"
http://www.gmw.cn/01gmrb/2010-01/03/content_1031470.htm,"黄山 创新 模式 保护 徽 文化 “ 活化石 ”
"
http://www.xinhuanet.com/chinanews/2010-01/02/content_18657876.htm,"三维动画 了解 “ 徽 文化 ” 网上 世博 安徽 馆 现 雏形
"
http://news.wehefei.com/html/201311/1892165385.html,"合肥 政务 区 中国 徽 文化 艺术馆 开馆
"
http://www.ah.xinhuanet.com/hwh/2010-05/05/content_19698454.htm,"徽 文化 让 城市 生活 更 美好
"
http://paper.people.com.cn/rmrbhwb/html/2009-12/04/content_397503.htm,"徽 文化 让 生活 更 多彩 - 人民日报 海外版 - 人民网
"
http://ah.anhuinews.com/system/2010/05/08/002895422.shtml,"“ 徽 文化 是 中华 文化 大 角色 ”
"
http://finance.sina.com.cn/roll/20091130/10547035379.shtml,"徽 文化 让 城市 更 美好 “ 无 徽 不 成 镇 · 徽 文化 与 城市 发展 ” 世博会 安徽 ...
"
http://paper.people.com.cn/rmrbhwb/html/2009-11/27/content_392415.htm,"黄山 世博 论坛 推广 徽 文化 品牌 - 人民日报 海外版 - 人民网
"
http://news.sina.com.cn/c/2009-11-26/133619133065.shtml,"世博 论坛 — 徽 文化 与 城市 发展 主题 论坛 举行
"
http://news.sina.com.cn/o/2009-11-26/124516672826s.shtml,"世博会 安徽 专题 论坛 举行 徽 文化 让 城市 更 美好
"
http://news.sina.com.cn/o/2009-11-26/111819132727.shtml,"世博 安徽 论坛 今日 举办 徽 文化 融入 世博会
"
http://expo.163.com/special/00944CG4/anhui.html,"“ 无 徽 不 成 镇 ” 安徽 馆 演绎 徽 文化 多彩生活
"
http://news.hefei.cc/2013/0906/022599345.shtml,"中秋 将 至 安徽 源泉 徽 文化 民俗 博物馆 展示 元代 以来 月饼 模具
"
http://www.sh.xinhuanet.com/zhuanti/shibo/2010-04/17/content_19545633.htm,"徽 文化 的 美丽 画卷-- 上海 世博会 安徽 馆 印象
"
http://www.yznews.com.cn/car/2010-04/14/content_3194337.htm,"江淮 乘 用车 启动 “ 徽 文化 体验 之 旅 ”
"
http://www.ah.xinhuanet.com/hwh/2010-03/10/content_19205249.htm,"安徽 吁国家 扶持 徽州 文化 保护
"
http://www.newshs.com/html/201003/20/20100320085325.htm,"畅谈 新 思路 弘扬 徽 文化
"
http://www.xinhuanet.com/chinanews/2009-10/06/content_17878249.htm,"黄山 系列 文化 主题 成 亮点 中外 游客 领略 徽 文化
"
http://ah.anhuinews.com/system/2010/02/22/002665059.shtml,"徽 文化 里 商机 多
"
http://www.ah.xinhuanet.com/hwh/2010-01/21/content_18827225.htm,"世博会 : 粉墙 黛瓦 绽放 现代 徽 文化
"
http://www.anhuinews.com/zhuyeguanli/system/2010/01/19/002593650.shtml,"... 强 省 建设 系列 报道 之 七 : 黄山 学院 彰显 地域 优势 倾力 为 徽州 文化 ...
"
http://www.ah.xinhuanet.com/2015-02/19/c_1114406219.htm,"[ 活动 ] 中国 徽州 文化 博物馆 推出 年节 主题 楹 联展
"
http://www.ah.xinhuanet.com/hwh/2010-01/15/content_18774178.htm,"十 家 单位 成为 “ 徽 文化 ” 传习 基地
"
http://www.newshs.com/html/201001/26/20100126155706.htm,"歙县 创新 人才 工作 机制 服务 徽 文化 特色 人才
"
http://news.163.com/09/0904/11/5IC6N3A3000120GR.html,"定位 “ 徽 文化 ” 安徽 馆 11月 动工
"
http://ah.anhuinews.com/system/2010/01/25/002609149.shtml,"了解 徽 文化 关注 世博会 ( 组图 )
"
http://www.gmw.cn/01gmrb/2009-08/24/content_968684.htm,"安徽大学 讲习 “ 徽 文化 ”
"
http://news.xinhuanet.com/photo/2009-08/22/content_11927358.htm,"海峡 两岸 大学生 “ 徽 文化 研习 营 ” 开 营 ( 1 )
"
http://sh.eastday.com/qtmt/20091126/u1a661321.html,"世博 论坛 走 进 安徽 聚焦 ""徽 文化 "" 融入 世博会
"
http://news.qq.com/a/20090815/000715.htm,"· 黄山 宣城 婺源 共享 徽 文化
"
http://www.ce.cn/culture/today/200912/10/t20091210_20590052.shtml,"外联 加 内扶""徽 文化 ""在 婺源 焕发 出 新 活力 ( 组图 )
"
http://www.ah.xinhuanet.com/hwh/2009-12/04/content_18414139.htm,"徽州 文化 生态 保护 获奖
"
http://www.ah.xinhuanet.com/hwh/2009-12/03/content_18397805.htm,"徽 文化 与 城市 发展 : 无 徽 不 成镇
"
http://news.xinhuanet.com/politics/2012-02/02/c_122646418.htm?anchor=1,"安徽 省委 副 书记 、 代省长 李 斌 视察 中国 徽州 文化 博物馆
"
http://news.qq.com/a/20090721/000860.htm,"· 让 黄山 与 徽 文化 相得益彰
"
http://www.ah.xinhuanet.com/news/2009-11/02/content_18117874.htm,"专家 学者 聚 江城 共 话 "" 徽 文化 ""
"
http://www.newshs.com/html/200911/8/20091108111921.htm,"第三 届 文化部 创新奖 揭晓 徽州 文化 生态 保护 项目 夺魁
"
http://www.newshs.com/html/200910/22/20091022093236.htm,"让 徽 文化 成为 和谐 中国 的 靓丽 风景
"
http://news.sina.com.cn/o/2009-06-12/095815778527s.shtml,"感受 徽 文化
"
http://news.southcn.com/h/2009-08/24/content_5621569.htm,"27 位 台湾 师生 赴皖 参加 夏令营 领略 徽 文化
"
http://www.ah.xinhuanet.com/ahzw2006/2009-08/24/content_17486386.htm,"36 位 台湾 大学 生来 肥 参加 2009 “ 徽 文化 夏令营 ”
"
http://news.163.com/09/0410/06/56H3FHFA000120GR.html,"香港 : 看 徽 文化 展览
"
http://www.ah.xinhuanet.com/hwh/2009-07/20/content_17143544.htm,"徽 文化 “ 对接 ” 世博会
"
http://www.ah.xinhuanet.com/20131223/2973907_c.html,"歙县 渔 梁 实现 徽 文化 旅游 街区 大 提升 ( 1222 )
"
http://news.house365.com/gbk/hfestate/system/2009/07/24/001330278.shtml,"徽 文化 ——— 安徽 地产 “ 王牌 ” 力量
"
http://ah.anhuinews.com/qmt/system/2012/02/18/004776112.shtml,"源泉 徽 文化 民俗 博物馆 将 入 合肥 一日游 景点
"
http://news.sohu.com/20090318/n262870796.shtml,"图 : “ 中国 徽 文化 香港 展 ” 上 的 茶道 文化 表演
"
http://www.ah.xinhuanet.com/hwh/2009-06/24/content_16901174.htm,"歙县 : 5 年 总 投资 超 10亿 “ 复活 ” 徽 文化
"
http://ah.anhuinews.com/system/2009/07/10/002292271.shtml,"奥运 火炬 绩溪 传递 “ 祥云 ” 照耀 徽 文化 之 源
"
http://edu.qq.com/a/20090311/000040.htm,"考生 需 关注 “ 徽 文化 ” 气息 独立 命题 有 秘笈
"
http://ah.anhuinews.com/system/2009/06/25/002281678.shtml,"徽 文化 的 平民 色彩
"
http://www.newshs.com/html/200906/22/20090622095129.htm,"陈强 会见 徽 文化 项目 投资商 时 强调
"
http://www.ah.xinhuanet.com/yishu2005/2009-06/03/content_16702000.htm,"郑 寒 : 刀尖 舞动 徽 文化
"
http://ah.anhuinews.com/system/2009/06/16/002275236.shtml,"绩溪 筹建 徽 文化 博物馆
"
http://www.ah.xinhuanet.com/news/2009-05/21/content_16588816.htm,"安徽 将 建 徽 文化 传习 基地
"
http://news.sina.com.cn/o/2009-02-02/105815099946s.shtml,"徽 文化 成 揽客 “ 金 招牌 ”
"
http://news.hfhouse.com/html/171369.html,"【 紫金 山庄 】 源于 徽 文化 的 高尚 生活 部落
"
http://www.ah.xinhuanet.com/hfnews/2009-04/25/content_16353128.htm,"[ 江淮 晨报 ] 徽 文化 让 城市 更 多彩
"
http://www.caigou2003.com/zhengcaizixun/zhengcaiyaowen/768567.html,"徽州 文化 项目 首 次 纳入 政府 采购 任务书 没 列 预算
"
http://news.qq.com/a/20090117/000259.htm,"· 设 专项 基金 保护 徽 文化
"
http://www.ah.xinhuanet.com/hwh/2009-03/19/content_15997814.htm,"徽 文化展 首 次 亮相 香江
"
http://news.xinhuanet.com/travel/2008-12/18/content_10521604.htm,"京福 高铁 将 成 徽 文化 “ 旅游 新干线 ”
"
http://ah.anhuinews.com/system/2009/03/19/002229310.shtml,"徽 文化 首 次 亮 香江
"
http://www.newshs.com/a/20121130/00114.htm,"国家 文物局 副 局长 宋 新潮 一 行 视察 中国 徽州 文化 博物馆
"
http://travel.sina.com.cn/china/2009-02-11/152561053.shtml,"游 徽州 品 徽菜 寻觅 徽 文化
"
http://www.newshs.com/a/20121027/00121.htm,"湖边 古 村落 将 成为 徽 文化 旅游 新 的 “ 增长极 ”
"
http://www.huaxia.com/ah-tw/ahyw/2008/11/1237349.html,"北京 安徽 会馆 绝处逢生 被 定位 徽州 文化 创意 馆
"
http://ah.anhuinews.com/system/2009/01/17/002193689.shtml,"代表 呼吁 为 徽 文化 保护 立法
"
http://www.newshs.com/html/200901/13/20090113171806.htm,"婺源 黄山 联手 打造 “ 徽 文化 ” 旅游
"
http://www.newshs.com/html/200812/13/20081213083943.htm,"承传 与 创新 : 专家 研讨 徽 文化 的 当代 发展
"
http://www.ah.xinhuanet.com/hwh/2008-11/11/content_14882263.htm,"省 徽 学会 研讨 徽州 文化 生态 保护
"
http://news.sohu.com/20080828/n259255893.shtml,"徽学 徽商 徽 文化 与 安徽 文化 建设 论坛 今 落幕
"
http://news.qq.com/a/20080718/001285.htm,"徽 文化 精品 出版 展销 月 活动 在 深圳 启动
"
http://www.xinhuanet.com/chinanews/2008-07/16/content_13825959.htm,""" 徽 风 皖韵""徽 文化 精品 出版 展销 月 活动 在 深圳 启动
"
http://www.ah.xinhuanet.com/news/2008-08/30/content_14263685.htm,""" 徽学 徽商 徽 文化 与 安徽 文化 建设 "" 论坛 在 合肥 举行
"
http://ent.163.com/08/0618/09/4EN9IUUV00032DGD.html,"弘扬 徽 文化 , 安徽 又 亮 “ 重 牌 ”
"
http://www.ah.xinhuanet.com/news/2008-08/15/content_14134666.htm,"[ 安徽 日报 ] 徽 文化 上海 书展 受 青睐
"
http://ah.anhuinews.com/system/2008/07/24/002072721.shtml,"“ 徽州 文化 特区 ” 尚 无 当家人
"
http://szsb.sznews.com/html/2008-07/17/content_261224.htm,"“ 徽 文化 ” 书展 来 的 正是 时候 ---- 深圳 商报 多媒体 数字 报刊 平台
"
http://news.sina.com.cn/o/2008-04-27/175613801235s.shtml,"徽 文化 深厚 底蕴 让 网络 精英 叫绝
"
http://news.163.com/08/0427/11/4AHKG0VQ0001124J.html,"网媒 精英 : 要 将 徽 文化 通过 网络 传播 得 更 远
"
http://culture.people.com.cn/GB/87423/10482073.html,"婺源 徽 文化 “ 活 态 传承 ” 传下 些 什么 ?
"
http://www.china.com.cn/travel/txt/2009-07/08/content_18094977.htm,"黄山 : 观 古 宅 赏 绝艺 徽 文化 旅游 成 “ 金字招牌 ”
"
http://www.china.com.cn/travel/txt/2009-07/06/content_18073143.htm,"邓 小平 “ 黄山 谈话 ” 30 周年 : 徽 文化 旅游 大放异彩
"
http://www.jiaodong.net/sports/system/2008/05/30/010260560.shtml,"徽 文化 火红 世界 火炬 传递 丁俊晖 首 棒
"
http://www.newshs.com/html/200806/3/20080603082232.htm,"安徽 旅游 要 做 大做强 离 不 开 徽 文化 ( 中 安在线 )
"
http://www.ah.xinhuanet.com/hwh/2008-05/11/content_13221888.htm,"徽州 文化 系列谈 —— 徽州 古 戏台
"
http://www.npc.gov.cn/npc/xinwen/syxw/2008-05/09/content_1427456.htm,"周 铁农 : 加强 徽 文化 保护 开发 利用 促进 文化 大 发展 大 繁荣
"
http://www.ah.xinhuanet.com/news/2008-04/15/content_12976477.htm,"黄山市 徽 文化 主题 园 馆 竞相 亮相
"
http://www.ah.xinhuanet.com/news/2008-03/13/content_12685596.htm,"人大代表 程 迎峰 : 让 徽 文化 大 放 光彩
"
http://www.npc.gov.cn/huiyi/dbdh/11/2008-03/13/content_1415854.htm,"让 徽 文化 大 放 光彩
"
http://nc.mofcom.gov.cn/news/4076944.html,"让 徽州 文化 变 金山银水
"
http://www.ah.xinhuanet.com/news/2008-02/27/content_12559005.htm,"[ 江淮 晨报 ] 在 婺源 感受 徽 文化
"
http://ah.anhuinews.com/system/2008/03/05/001962912.shtml,"罗 豪才 : 徽 文化 精髓 与 和谐 精神 一脉相承
"
http://news.sohu.com/20071226/n254302426.shtml,"安徽 黄山 传承 徽州 文化 精髓 百亿 提升 城市 软实力
"
http://www.ah.xinhuanet.com/hwh/2008-01/16/content_12234535.htm,"全球 小姐 感受 徽 文化
"
http://www.ah.xinhuanet.com/news/2008-01/09/content_12166099.htm,"[ 合肥 在线 ] 徽 文化 博物馆 昨日 迎 客
"
http://www.ah.xinhuanet.com/hwh/2008-01/07/content_12142508.htm,"徽 文化 新 添 展示 馆
"
http://news.hf365.com/system/2008/01/09/000090204.shtml,"黄山 保护 徽州 文化 生态
"
http://ah.anhuinews.com/system/2008/01/08/001927704.shtml,"安徽省 徽州 文化 博物馆 在 黄山市 隆重 开馆
"
http://www.ah.xinhuanet.com/zhuanti/2007-12/13/content_13283682.htm,"黄山市 兴起 企业 徽 文化 热
"
http://news.sina.com.cn/o/2007-10-29/075112804520s.shtml,"植根 徽 文化 沃壤 凝练 新 时代 精神
"
http://www.xinhuanet.com/chinanews/2007-10/19/content_11448908.htm,"徽州 文化 特区 呼之欲出 温 家宝 、 王 金山 作 批示
"
http://ah.anhuinews.com/system/2007/11/20/001894074.shtml,"新 时期 徽州 文化 新 希望
"
http://www.ah.xinhuanet.com/hwh/2007-11/12/content_11643526.htm,"徽 文化 精彩 亮相 “ 文博会 ”
"
http://www.ah.xinhuanet.com/news/2007-11/09/content_11624970.htm,"文博 会 : 徽 文化 精彩 亮相
"
http://www.newshs.com/html/200904/2/20090402152933.htm,"今年 我市 将 做 促 徽 文化 旅游
"
http://www.ah.xinhuanet.com/misc/2007-11/08/content_11612621.htm,"宣 繁 秋 : 情迷 徽 文化
"
http://ah.anhuinews.com/system/2007/11/08/001886947.shtml,"北京 文博 会 在 国展 中心 开展 徽 文化 精彩 亮相
"
http://www.ah.xinhuanet.com/hwh/2007-10/23/content_11477620.htm,"专家 学者 纵论 “ 徽商 徽班 徽 文化 ”
"
http://www.ah.xinhuanet.com/news/2007-10/22/content_11456912.htm,"徽 文化 博物馆 在 合肥 修建
"
http://www.newshs.com/html/200710/18/20071018103110.htm,"安徽省 徽州 文化 博物馆 建筑 工程 简介
"
http://www.ah.xinhuanet.com/hwh/2007-09/22/content_11226559.htm,"徽 文化 之 “ 新安 医学 ” 篇
"
http://www.huaxia.com/zhwh/whxx/2007/08/89951.html,"徽 文化 成为 享誉 海内外 “ 金字招牌 ”
"
http://www.landscape.cn/works/jszp/2007/0903/89069.html,"源泉 徽 文化 博物馆 景观 设计
"
http://news.163.com/08/0108/10/41M8KHJ5000120GU.html,"黄山 建成 徽州 文化 博物馆
"
http://www.ah.xinhuanet.com/hwh/2008-05/23/content_13346028.htm,"芜湖 铁画 入选 徽州 文化 博物馆
"
http://orig.cssn.cn/st/st_wybht/201505/t20150525_2008534.shtml,"专家 : 徽 文化 为 影视 创作 提供 背景 、 素材 与 灵感
"
http://www.newshs.com/html/200801/10/20080110164620.htm,"黄山 建成 徽州 文化 博物馆 ( 安徽 商报 )
"
http://cpc.people.com.cn/GB/64093/64387/5877978.html,"徽 文化 的 “ 力 ” 学 命题
"
http://news.58che.com/news/799359.html,"魅力 江淮 皖美 体验 “ 徽 文化 ” 体验 之 旅
"
http://news.xinhuanet.com/newscenter/2008-01/09/content_7388722.htm,"安徽 : 徽州 文化 博物馆 落成 开馆
"
http://news.sina.com.cn/c/2007-05-23/092411876506s.shtml,"美国 女孩 说服 议会 关注 徽 文化
"
http://www.newshs.com/html/200706/8/20070608022310.htm,"徽 文化 百 题 知识 竞赛 活动 启动
"
http://www.ah.xinhuanet.com/hwh/2007-09/29/content_11296325.htm,"徽州 文化 博物馆 年底 迎 客
"
http://news.qq.com/a/20070402/000107.htm,"百年 “ 汪 一 挑 ” “ 挑 ” 起 徽 文化
"
http://news.sohu.com/20070207/n248104274.shtml,"黄山 : 专家 探讨 徽州 文化 博物馆 展陈 方案
"
http://news.163.com/07/0126/01/35NNLLL00001124J.html,"高举 “ 徽 文化 ” 大 旗
"
http://news.sina.com.cn/c/2007-01-24/110211077958s.shtml,"徽 文化 冬令营 合肥 开营
"
http://news.sina.com.cn/c/2006-12-20/004710814488s.shtml,"黄山 将 建 徽 文化 博物馆
"
http://news.sina.com.cn/c/2006-11-24/012010580688s.shtml,"新浪 副董事长 采访 徽 文化
"
http://news.qq.com/a/20061117/002069.htm,"徽 文化 歌舞 登陆 北京
"
http://news.sohu.com/20061013/n245773186.shtml,"合肥 欲 巨资 打造 徽 文化城
"
http://news.sohu.com/20060818/n244860964.shtml,"1.5亿 “ 复原 ” 徽商 大 宅院 不惜 血本 保护 “ 徽 文化 ”
"
http://news.sina.com.cn/c/2006-07-13/02069443785s.shtml,"韩国 大学生 钟情 徽 文化 ( 图 )
"
http://news.xinhuanet.com/photo/2006-07/12/content_4828123.htm,"#韩国 学生 热衷 徽 文化 ( 2 )
"
http://news.sina.com.cn/s/p/2006-07-12/212010405030.shtml,"图文 : 韩国 学生 热衷 徽 文化 ( 1 )
"
http://news.sohu.com/20060610/n243656929.shtml,"日新月异 “ 徽 文化 ” —— 安徽 文化 产业 发展 综述 ( 上 )
"
http://news.sina.com.cn/o/2006-04-12/09158677893s.shtml,"休宁 吆喝 “ 徽 文化 ”
"
http://news.sina.com.cn/c/2006-03-19/00508473389s.shtml,"走 进 徽 文化 博物馆 感受 徽 文化 的 魅力 ( 组图 )
"
http://theory.people.com.cn/GB/49157/49165/4211563.html,"徽 文化 : 一 张 没有 打 好 的 牌
"
http://news.sina.com.cn/o/2006-03-06/04258368364s.shtml,"徽 文化 精神 之 借鉴 意义
"
http://www.china.com.cn/chinese/MATERIAL/1107753.htm,"安徽 · 黄山 与 徽 文化
"
http://news.sina.com.cn/o/2005-11-18/03407469553s.shtml,"[ 特别 报道 ] 流溢 徽 文化 的 乡村 魅力
"
http://finance.sina.com.cn/20051107/1109387347.shtml,"黄山 打造 “ 徽 文化 ” 品牌
"
http://www.gov.cn/fwxx/ly/2005-11/07/content_92498.htm,"黄山旅游 打造 “ 徽 文化 ” 品牌
"
http://news.sina.com.cn/o/2005-10-17/03127182046s.shtml,"徽 文化 中 的 女性
"
http://news.sina.com.cn/c/2005-08-30/00586811291s.shtml,"徽 文化 在 海口
"
http://news.sina.com.cn/o/2005-08-29/05576804539s.shtml,"黄山 : 携 “ 徽 文化 ” 走 进 珠三角 ( 新闻 会客室 ) ( 图 )
"
http://news.163.com/08/0427/11/4AHKITIR0001124J.html,"采访团 倾情 精彩 徽 文化
"
http://www.tobacco.gov.cn/html/18/1806/57262_n.html,"徽州 文化 中 的 烟 文化
"
http://news.sina.com.cn/c/2005-06-14/16036170159s.shtml,"传承 徽 文化 精髓 加强 公民 道德 建设 构建 和谐 社会
"
http://news.sina.com.cn/o/2005-05-19/19565934615s.shtml,"徽 文化 : 叠罗汉
"
http://news.sina.com.cn/o/2005-05-19/19555934619s.shtml,"徽 文化 : 目莲戏
"
http://news.sina.com.cn/o/2005-05-19/19545934622s.shtml,"徽 文化 : 黄梅戏
"
http://news.sina.com.cn/c/2003-09-15/1529755552s.shtml,"普通 百姓 的 徽 文化 情结
"
http://www.cnr.cn/home/society/200209230301.html,"“ 徽 文化 ” 将 在 国际 旅 博会 上 大 放 溢彩
"
http://news.sina.com.cn/e/2002-07-25/1700649220.html,"徽州 文化 研究院 在 黄山 成立
"
http://news.xinhuanet.com/form/20010814/783294.htm,"徽 文化 的 旅游 利用 与 保护
"
http://cppcc.people.com.cn/GB/34957/3299627.html,"罗 豪才 : 徽 文化 极 具 标本 价值
"
http://www.ah.xinhuanet.com/news2005/2006-12/08/content_8736605.htm,"合肥 拟 投资 30亿 元 在 滨湖 新区 建设 徽 文化城
"
http://www.ah.xinhuanet.com/news2005/2006-01/17/content_6063967.htm,"台 学子 来皖 研习 徽 文化 - : : 新华网 安徽 频道 : :
"
http://travel.163.com/05/0823/14/1RRLRO3700061DPJ.html,"品味 徽州 文化 黄山 “ 十一 ” 旅游 不 涨价
"
http://www.ah.xinhuanet.com/xinwen/2004-10/30/content_3126761.htm,"徽州 文化 研究 丛书 《 徽州 五千 村 》 面世
"
http://www.ah.xinhuanet.com/xinwen/2004-10/04/content_2975438.htm,"徽 文化 吸引 世界 目光 - 新华网 安徽 频道 - 新闻
"
http://www.anhuinews.com/history/system/2004/05/18/000647284.shtml,"第三 节 徽 文化 发展 的 内在 逻辑
"
http://www.sd.xinhuanet.com/news/2004-03/17/content_1799585.htm,"黄山 - 徽 文化 观光 游
"
http://www.ah.xinhuanet.com/jdyl/2003-06/13/content_603306.htm,"从 有人 将 徽州 文化 牌子 乱打 想 起 的
"
http://www.anhuinews.com/history/system/2002/11/25/000174780.shtml,"让 徽 文化 “ 活 ” 起来
"
http://ah.anhuinews.com/system/2005/04/29/001251473.shtml,"尽快 给 徽 文化 安 个 “ 家 ”
"
http://ah.anhuinews.com/system/2005/04/07/001231109.shtml,"罗 豪才 率 全国 政协 考察团 来皖 考察 “ 徽 文化 ”
"
http://www.chinaxwcb.com/index/2008-07/23/content_135463.htm,""" 徽 文化 ""出版 精品 展销 月 活动 在 深圳 启动
"
http://news.sina.com.cn/o/2006-11-10/012010457120s.shtml,"徽州 文化 博物馆 亟盼 资金 输血
"
http://www.ahyouth.com/news/20170116/1284183.shtml,"台湾 大学生 合肥 寻根 “ 徽 文化 ”
"
http://news.21cn.com/caiji/roll1/zhnb/2017/0114/21/31886574.shtml,"台湾 师生 体验 “ 徽 文化 ” 共 续 “ 铭 传情 ”
"
http://edu.china.com/baike_5b695paH5YyW.html,"徽 文化 - 徽 文化 相关 新闻_ 图片_ 视频_ 网友 讨论_ 教育_ 中华网
"
http://www.hellotw.com/laxw/20170115/t20170115_523484204.html,"台 灣師 生 體驗 「 徽 文化 」 共續 「 銘傳情 」
"
http://www.huaxia.com/ah-tw/wtwl/2017/01/5154175.html,"2017 台湾 大学生 徽 文化 冬令营 开 营 仪式 在 合肥 师范学院 举行
"
http://www.taiwan.cn/local/anhui/dongtaixinwen/201701/t20170113_11677351.htm,"2017 台湾 大学生 徽 文化 冬令营 开 营 仪式 在 合肥 举行
"
http://difang.gmw.cn/newspaper/2016-08/23/content_115508315.htm,"海外 文化 侨团 来 我市 参观 考察
"
http://www.anhui.cc/news/20110801/56685.shtml,"皖南 医学院 探访 徽州 文化 传承 徽州 文明
"
http://www.anhui.cc/news/20110520/43863.shtml,"黄山 学院 : 打造 徽州 文化 综合 工程 , 彰显 学校 办学 特色
"
http://news.ifeng.com/a/20151014/44879026_0.shtml,"当 徽 文化 遇到 精神 分析
"
http://news.ifeng.com/a/20150809/44383631_0.shtml,"德国 中学生 来 肥 体验 徽 文化
"
http://www.autohome.com.cn/news/201404/760756.html,"江淮 汽车 安徽 徽 文化 体验 之 旅 圆满 收官
"
http://epaper.anhuinews.com/html/ahrb/20140103/article_3038322.shtml,"徽 文化 的 “ 思想库 ”
"
http://www.anhui.cc/news/20131018/1037000.shtml,"新安 晚报 联合 鄂 湘赣 三 省 主流 媒体 联合 采访 关注 徽 文化
"
http://www.lotour.com/news/2013/07/1243066.shtml,"屯溪 老街 感受 正宗 徽 文化
"
http://www.ah.xinhuanet.com/hwh/2011-11/10/content_24091094.htm,"甘 做 徽 文化 的 “ 传道士 ”
"
http://www.anhuinews.com/zhuyeguanli/system/2011/07/26/004282260.shtml,"旅游 卫视 探访 ” 世外桃源 ” 徽 文化
"
http://365jia.cn/news/2012-04-02/20115756258499E9.html,"源泉 徽 文化 民俗 博物馆 门票 多少 ? 有 公交车 直达 吗 ( 图 )
"
http://www.ah.xinhuanet.com/hwh/2009-08/11/content_17367013.htm,"绩溪 将 建 大型 综合性 博物馆 以 徽 文化 为 主题
"
http://ah.anhuinews.com/system/2009/08/25/002323762.shtml,"“ 徽 文化 夏令营 ” 让 36 位 台湾 大学生 印象 深刻
"
http://news.sina.com.cn/c/2009-04-22/182515510061s.shtml,"漫步 歙县 古城 感受 徽州 文化 博大精深 [ 组图 ]
"
http://www.ah.xinhuanet.com/news/2008-07/24/content_13921134.htm,""" 徽州 文化 特区 "" 尚 无 当家人
"
http://ah.anhuinews.com/system/2008/04/27/002001206.shtml,"[ 红色 故土 安徽 行 ] 采访团 倾情 精彩 徽 文化
"
http://news.xinhuanet.com/book/2004-11/01/content_2162503.htm,"徽州 文化 研究 丛书 面世
"
http://www.chinanews.com/2002-07-11/26/202394.html,"图 : 两岸 文化界 人士 纵论 徽州 文化
"
http://365jia.cn/news/2017-01-20/44F1387254189465.html,"合肥 利 港 喜来登 新年 开启 徽州 美食节 感受 舌尖 上 的 徽 文化
"
http://ah.anhuinews.com/system/2017/01/22/007550623.shtml,"中国 华侨 国际 文化 交流 基地 —— 安徽 桐城 六 尺 巷 揭 牌
"
http://news.newsxc.com/xuancheng/2017-01-05/2017-01-05-299657.html,"徽 娃 闹 春晚 展现 绩溪 徽 文化
"
http://www.newshs.com/paper/story/2016/10/13/1476344086703.shtml,"全国 首 家徽 文化 主题 邮局 开业 - 新闻_ 黄山 网络 广播 电视台
"
http://news.163.com/17/0209/10/CCQUMPLM00018AOP.html,"台湾 大学生 “ 徽 文化 ” 冬令营 举办
"
http://www.taiwan.cn/local/anhui/dongtaixinwen/201609/t20160912_11566335.htm,"徽 文化 的 探寻 之 旅 —— 随 访 台湾 基层 人士 宣城 考察 侧记
"
http://kb.dsqq.cn/html/2012-03/27/content_167092.htm,"298 元 感受 深厚 徽 文化 意 韵 - 现代 快报 多媒体 数字 报刊 平台
"
http://www.chinaqw.com/gqqj/2015/10-14/66931.shtml,"安徽 成立 华侨 国际 文 促 会 提升 徽 文化 海外 影响力
"
http://www.hlj.xinhuanet.com/news/2015-10/27/c_134755531.htm,"哈尔滨市 至 黄山市 航线 开通 3 个 小时 即 可 感受 徽州 文化
"
http://www.newshs.com/a/20150113/00221.htm,"“ 徽 文化 特色 人才 ” 有奖 征文 启事
"
http://wuhu.house.sina.com.cn/scan/2014-09-04/15054428968.shtml,"徽 文化 商业 体 新华 联 梦想 城 老街 项目 建设 正酣 ( 组图 )
"
http://hf.auto.sina.com.cn/csdt/2013-08-26/116-12038.html,"全新 桑塔纳 徽 文化 符号 探秘 之 旅 九华山 之 旅
"
http://www.newshs.com/a/20121001/00147.htm,"黄山 : 山水 引来 游客 徽 文化 民俗 纷呈 留客 ( 安徽 网 )
"
http://www.ah.xinhuanet.com/hwh/2011-12/21/content_24379109.htm,"传承 徽 文化 字 因 壶传 、 壶随字贵
"
http://www.taiwan.cn/local/dfkx/201110/t20111010_2099952.html,"安徽 举办 2011 海外 台湾 留学人员 徽 文化 体验 之 旅
"
http://ah.anhuinews.com/qmt/system/2010/12/10/003540061.shtml,"大力 弘扬 徽 文化 深入 推进 文化 强 省 建设
"
http://fashion.ifeng.com/news/detail_2010_07/20/1802220_0.shtml,"春节 游 徽 园 难觅 徽 文化
"
http://news.hf365.com/system/2010/06/23/000351957.shtml,"“ 秀 ” 出 徽 文化
"
http://www.china.com.cn/expo/2009-11/27/content_18963031.htm,"世博 论坛 黄山 探讨 “ 徽 文化 与 城市 发展 ”
"
http://www.cntour2.com/viewnews/2010/1/19/0119091040.htm,"黄山 将 借 世博会 营销 徽 文化
"
http://www.china.com.cn/expo/2009-08/27/content_18409061.htm,"2010 上海 世博会 安徽 馆 定位 “ 徽 文化 ” 展示
"
http://travel.anhuinews.com/system/2012/10/25/005278651.shtml,"屯溪区 湖边 古 村落 将 成为 徽 文化 旅游 新 亮点
"
http://www.gd.xinhuanet.com/newscenter/2009-08/14/content_17400085.htm,"南国 书香 节 首 添 亚运 数字 徽 文化 慈善 元素
"
http://www.ah.xinhuanet.com/hwh/2009-07/08/content_17042853.htm,"徽 文化 “ 联姻 ” 旅游 闯 世界
"
http://ah.anhuinews.com/system/2008/06/27/002050984.shtml,"“ 徽 骆驼 ” 挑担 徽 茶 在 徐州 街头 传播 徽 文化
"
http://cq.qq.com/a/20080519/000307.htm,"直飞 黄山 、 徽 文化 四日 游
"
http://www.ah.xinhuanet.com/zhuanti/2008-01/30/content_13283705.htm,"委员们 关注 徽 文化 建设 和 保护
"
http://sports.sina.com.cn/s/2006-04-19/1425837787s.shtml,"骑 行古 徽州 感受 徽 文化
"
http://news.qq.com/a/20051107/001237.htm,"新安江 美不胜收 4万 宾客 被 独特 徽 文化 折服
"
http://news.sina.com.cn/c/2005-11-06/05527368714s.shtml,"徽州 文化 大观园 展示 徽 文化
"
http://news.sina.com.cn/o/2005-05-19/19555934617s.shtml,"徽 文化 : 皖南 花鼓戏
"
http://www.ah.xinhuanet.com/ddh/2006-10/21/content_8313410.htm,"日新月异 ""徽 文化 ""—— 安徽 文化 产业 发展 综述 ( 上 )
"
http://www.huaxia.com/hxcz/ctwl/2017/02/5200850.html,"2016 台湾 青年 学生 徽 文化 夏令营 在 滁开营
"
http://henan.qq.com/a/20161226/016852.htm,"中 大 附 外 实践 活动 : 走 进 江西 , 感受 徽 文化 洗礼
"
http://www.cnr.cn/ah/ygkx/20161108/t20161108_523250736.shtml,"绩溪 举办 徽菜 美食 文化 旅游节
"
http://ah.anhuinews.com/system/2016/06/11/007380195.shtml,"[ 政协 江淮 行 ] 联谊会 助力 徽 文化 传承
"
http://ah.anhuinews.com/system/2005/09/05/001343912.shtml,"绩溪县 打造 “ 古 徽 文化 一 条 街 ”
"
http://365jia.cn/news/2015-08-31/28543942A4718664.html,"文博 蜀山 分会场 主打 “ 徽 文化 ” 子木园 还有 军事 用品 展
"
http://www.le.com/ptv/vplay/21898035.html,"合肥 : 我省 将 实施 职业 教育 “ 徽 文化 ” 传承 工程
"
http://news.hf.house365.com/zx/20141218/024774973.html,"【 合肥 宝 能 城 】 在 汉字 听写 中 了解 徽 文化
"
http://auto.news18a.com/news/20140401/story_620570.html,"魅力 江淮 皖美 体验 ""徽 文化 "" 之 旅 圆满 结束
"
http://www.ah.xinhuanet.com/2013-03/28/c_115187970.htm,"[ 新安 晚报 ] 长江 中路 立面 改造 主打 徽 文化 牌
"
http://news.cntv.cn/20120111/125778.shtml,"弘扬 徽 文化 推广 茶 品牌 北京 黄山 茶 城 在 马 连道 隆重 开业
"
http://news.ifeng.com/gundong/detail_2012_01/10/11874888_0.shtml,"南京 溧水 周 园 徽 文化 精品 体验 中心 隆重 开业
"
http://news.hefei.cc/2011/0829/020097394.shtml,"世博 安徽 馆 L O G O 最终 揭晓 展示 徽 文化 特色
"
http://www.chnsuv.com/news/0508/58429.html,"M I N I 在 路上 徽 文化 古镇 寻宝 二日 自驾游
"
http://www.ah.xinhuanet.com/yishu2005/2011-04/29/content_22654753.htm,"徽 文化 民俗 博物馆 举办 首 届 神 兽 特展
"
http://news.163.com/10/0624/10/69UGVN2A000146BC.html,"徽 文化 让 生活 更 多彩 世博会 安徽 活动周 开幕
"
http://news.163.com/10/0623/13/69S7S54600014AEE.html,"( 新民晚报 ) 世博会 安徽 活动周 上午 开幕 , 徽 文化 让 生活 彩
"
http://zgsc.china.com.cn/ys/yszx/2014-09-30/234545.html,"“ 笔墨 皖韵—— 张东林 山水画 精品展 ” 在 中国 徽 文化 艺术馆 开展
"
http://news.cntv.cn/china/20100516/100932.shtml,"[ 视频 ] [ 第四 届 全国 体育 大会 ] 开幕 预演 展现 独特 徽 文化
"
http://news.163.com/10/0428/04/65B52N9J00014AED.html,"安徽 馆 : “ 无 徽 不 成 镇 ” 演绎 徽 文化 多彩生活 ( 图 )
"
http://www.newshs.com/html/201010/6/20101006151535.htm,"安徽 黄山 : 国庆 黄金周 体验 徽 文化 【 图组 】
"
http://www.newshs.com/html/201008/18/20100818173328.htm,"祁门 : 徽 文化 在 “ 百 村 千 幢 ” 建设 中 复活
"
http://www.gqb.gov.cn/news/2010/0804/20142.shtml,"华裔 青少年 访 安徽 侨乡 歙县 亲身 体验 中国 徽 文化
"
http://www.ah.xinhuanet.com/zhuanti/2010-06/12/content_20057998.htm,"上海 世博会 安徽 活动周 将 展示 独特 “ 徽 文化 ”
"
http://www.cnhubei.com/news/todaynews/sfw/lskd/201005/t1182914.shtml,"盘 龙湖 畔 , 开启 中国 徽 文化 臻 品 墅居
"
http://www.ah.xinhuanet.com/hwh/2010-04/26/content_19625954.htm,"世博 安徽 馆 展示 多姿多彩 徽 文化
"
http://finance.ifeng.com/roll/20090717/956155.shtml,"黄山市 : 创新 徽州 文化 传承 模式 让 古老 文化 遗产 薪火 相传
"
http://www.ah.xinhuanet.com/ly/2009-05/26/content_16631173.htm,"“ 科学 发展 看 安徽 ” 采访团 沉醉 徽 文化
"
http://www.ah.xinhuanet.com/hfnews/2009-04/29/content_16390828.htm,"世博会 牵红线 徽 文化 闯 世界
"
http://www.cnhubei.com/news/gdxw/200904/t646428.shtml,"婺源 江湾 江西 徽 文化 的 生态 家园
"
http://www.newshs.com/html/200903/17/20090317085227.htm,"黄山 徽州区 建 “ 徽 文化 风景 ” 桥 ( 中 安在线 )
"
http://www.newshs.com/html/201010/5/20101005132537.htm,"【 音频 】 徽州 文化 博物馆 : 享受 文化 盛宴 的 好 去处
"
