url,title,segment,target
http://mp.weixin.qq.com/s?__biz=MjM5OTc1NDAxMg==&amp;mid=2652059963&amp;idx=1&amp;sn=1998d173428d0071ee85bc25ca1cf801&amp;chksm=,ã€å¾½å·ã€‘ã€Šæ¢¦é‡Œå¾½å·â€”â€”æ–°å®‰æ±Ÿé£æƒ…ç”»å·ã€‹,"ã€ å¾½å· ã€‘ ã€Š æ¢¦é‡Œ å¾½å· â€”â€” æ–°å®‰æ±Ÿ é£æƒ… ç”»å· ã€‹
",1
http://mp.weixin.qq.com/s?__biz=MzA4NDI0MzMwNA==&amp;mid=2650179263&amp;idx=1&amp;sn=015b2e31d5d41541e646eadde10c8e55&amp;chksm=,å¤æ‘çš„æ¢¦â€”â€”å¤å»ºç­‘åšç‰©é¦†,"å¤ æ‘ çš„ æ¢¦ â€”â€” å¤å»ºç­‘ åšç‰©é¦†
",1
http://mp.weixin.qq.com/s?__biz=MzIyOTQ4MjEyNA==&amp;mid=2247483840&amp;idx=1&amp;sn=d068e996701bb4d4b309f4c692afb304&amp;chksm=,è‹èŠ¦æ¾ | ä¼ æ‰¿å››ç™¾å¹´çš„å¾½å·å°é£Ÿ,"è‹èŠ¦æ¾ | ä¼ æ‰¿ å››ç™¾ å¹´ çš„ å¾½å· å°é£Ÿ
",1
http://mp.weixin.qq.com/s?__biz=MzI3MTAwNTA4NA==&amp;mid=2649742796&amp;idx=1&amp;sn=f6102d1a639cf88ad2c6d47f501979de&amp;chksm=,ã€å¾½å·å¤§å®¶è°ˆã€‘å¢¨å®¢å…¸ç±ä¸ç°ä»£ç”Ÿæ´»çš„äº¤èåœ°,"ã€ å¾½å· å¤§å®¶ è°ˆ ã€‘ å¢¨å®¢ å…¸ç± ä¸ ç°ä»£ ç”Ÿæ´» çš„ äº¤è åœ°
",1
http://mp.weixin.qq.com/s?__biz=MzI3MTAwNTA4NA==&amp;mid=2649742782&amp;idx=2&amp;sn=f459ad75d269ccaac7cd14fb5fed72e6&amp;chksm=,ã€å¾½å·å¤§å®¶è°ˆã€‘æ—¶ä»£å‘¼å”¤ä¸­åå•†é­‚â€”â€”æˆ‘æ‰€çŸ¥çš„å¾½å•†,"ã€ å¾½å· å¤§å®¶ è°ˆ ã€‘ æ—¶ä»£ å‘¼å”¤ ä¸­å å•† é­‚ â€”â€” æˆ‘ æ‰€ çŸ¥ çš„ å¾½å•†
",1
http://mp.weixin.qq.com/s?__biz=MzA3MTEyNjk0Nw==&amp;mid=2651808945&amp;idx=1&amp;sn=0c73d520e0ea33200c77f79fb3824bec&amp;chksm=,å¾½å·çš„å›¾è…¾,"å¾½å· çš„ å›¾è…¾
",1
http://mp.weixin.qq.com/s?__biz=MzI3MTAwNTA4NA==&amp;mid=2649742792&amp;idx=1&amp;sn=f30f46f41054e44d7d28678a3aec693d&amp;chksm=,ã€å¾½å·å¤§å®¶è°ˆã€‘æ¸è¡Œæ¸è¿œå¾½å·ä¼ è¯´ä¹‹â€”â€”æ±ªé“æ˜†,"ã€ å¾½å· å¤§å®¶ è°ˆ ã€‘ æ¸è¡Œæ¸è¿œ å¾½å· ä¼ è¯´ ä¹‹â€”â€” æ±ª é“æ˜†
",1
http://mp.weixin.qq.com/s?__biz=MzI3MTAwNTA4NA==&amp;mid=2649742774&amp;idx=1&amp;sn=8abcb5de662864d58a2af59d465cf9f3&amp;chksm=,ã€å¾½å·å¤§å®¶è°ˆã€‘æ¸è¡Œæ¸è¿œå¾½å·ä¼ è¯´ä¹‹â€”â€”æœ±å‡,"ã€ å¾½å· å¤§å®¶ è°ˆ ã€‘ æ¸è¡Œæ¸è¿œ å¾½å· ä¼ è¯´ ä¹‹â€”â€” æœ± å‡
",1
http://mp.weixin.qq.com/s?__biz=MjM5OTc1NDAxMg==&amp;mid=2652059668&amp;idx=1&amp;sn=7bee6d432fc84c8d010ab0e9f9f3357d&amp;chksm=,ã€å¤å¾½å·ã€‘å¾½å·æ°‘å±…çš„åŠ¨ä¸é™,"ã€ å¤ å¾½å· ã€‘ å¾½å· æ°‘å±… çš„ åŠ¨ ä¸ é™
",1
http://mp.weixin.qq.com/s?__biz=MzI3MTAwNTA4NA==&amp;mid=2649742724&amp;idx=1&amp;sn=414d719e5b610d0716c90520b692831a&amp;chksm=,ã€å¾½å·å¤§å®¶è°ˆã€‘æ¸è¡Œæ¸è¿œå¾½å·ä¼ è¯´ä¹‹â€”â€”æ±Ÿæ˜Œç‡•,"ã€ å¾½å· å¤§å®¶ è°ˆ ã€‘ æ¸è¡Œæ¸è¿œ å¾½å· ä¼ è¯´ ä¹‹â€”â€” æ±Ÿ æ˜Œç‡•
",1
http://mp.weixin.qq.com/s?__biz=MjM5OTc1NDAxMg==&amp;mid=2652059568&amp;idx=1&amp;sn=d53d40598042a0224b92267155a0334f&amp;chksm=,ã€å¤å¾½å·ã€‘æœ‰ä¸€ç§ä¹¡æ‘è€è®°å¿†ï¼šå¾½å·è€è±†è…,"ã€ å¤ å¾½å· ã€‘ æœ‰ ä¸€ ç§ ä¹¡æ‘ è€è®° å¿† ï¼š å¾½å· è€è±†è…
",1
http://mp.weixin.qq.com/s?__biz=MzI3MTAwNTA4NA==&amp;mid=2649742712&amp;idx=1&amp;sn=52fa229988f7f864eecbf190ca469654&amp;chksm=,ã€ç‰›å“¥è¯´äº‹ã€‘å¹´å‘³,"ã€ ç‰› å“¥ è¯´ äº‹ ã€‘ å¹´ å‘³
",1
http://mp.weixin.qq.com/s?__biz=MzA4NDI0MzMwNA==&amp;mid=2650179252&amp;idx=1&amp;sn=e7a2fe8f366efeba4edb45838b599882&amp;chksm=,æºªæµæ— å²æœˆ å ¤æ ‘æœ‰æ˜¥ç§‹,"æºªæµ æ—  å²æœˆ å ¤ æ ‘ æœ‰ æ˜¥ç§‹
",1
http://mp.weixin.qq.com/s?__biz=MzI3MDM3NDY0Nw==&amp;mid=2247484680&amp;idx=1&amp;sn=be3d164e3e536f40c6c2f79053e5bdc0&amp;chksm=,ä½ ä»¬çš„å°å¹´åœ¨ä»Šå¤©ï¼Œå¾½å·çš„å°å¹´å´æ˜¯æ˜å¤©,"ä½ ä»¬ çš„ å°å¹´ åœ¨ ä»Šå¤© ï¼Œ å¾½å· çš„ å°å¹´ å´ æ˜¯ æ˜å¤©
",1
http://mp.weixin.qq.com/s?__biz=MzI3MTAwNTA4NA==&amp;mid=2649742326&amp;idx=1&amp;sn=fb03ee91136e2980edf78c745c3b354b&amp;chksm=,ã€å¾½å·å¤§å®¶è°ˆã€‘å±¯å®‰ä¸œï¼šèŒ¶åŠ¡éƒ½ä¼šâ€”â€”å±¯æºª,"ã€ å¾½å· å¤§å®¶ è°ˆ ã€‘ å±¯ å®‰ä¸œ ï¼š èŒ¶åŠ¡ éƒ½ ä¼š â€”â€” å±¯æºª
",1
http://mp.weixin.qq.com/s?__biz=MzI3MTAwNTA4NA==&amp;mid=2649742691&amp;idx=1&amp;sn=aab4da368bb28756a3b69ba4468e1dfc&amp;chksm=,ã€å¾½å·å¤§å®¶è°ˆã€‘å¾½å·äººå¯¹å›å­æ–‡åŒ–çš„å¼˜æ‰¬,"ã€ å¾½å· å¤§å®¶ è°ˆ ã€‘ å¾½å· äºº å¯¹ å›å­ æ–‡åŒ– çš„ å¼˜æ‰¬
",1
http://mp.weixin.qq.com/s?__biz=MzI3MTAwNTA4NA==&amp;mid=2649742397&amp;idx=1&amp;sn=282c16f6d211f9a4e5abecaca2d7af77&amp;chksm=,ã€å¾½å·ç™¾æ‘ã€‘çƒŸé›¨è¿·è’™ä¸­çš„è™¹å…³æ‘,"ã€ å¾½å· ç™¾ æ‘ ã€‘ çƒŸé›¨ è¿·è’™ ä¸­ çš„ è™¹ å…³æ‘
",1
http://mp.weixin.qq.com/s?__biz=MzA5MzA0NTYxMw==&amp;mid=2658628694&amp;idx=1&amp;sn=c95f23cb9f694c86bcc26bd9c438f2fd&amp;chksm=,èˆŒå°–ä¸Šçš„å¾½å·ï¼ˆ41ï¼‰ä»¤äººè¶‹ä¹‹è‹¥é¹œçš„å¾½å·å¤é•‡é¦„é¥¨æŒ‘,"èˆŒå°– ä¸Š çš„ å¾½å· ï¼ˆ 41 ï¼‰ ä»¤ äºº è¶‹ä¹‹è‹¥é¹œ çš„ å¾½å· å¤é•‡ é¦„é¥¨ æŒ‘
",1
http://mp.weixin.qq.com/s?__biz=MzI3MDM3NDY0Nw==&amp;mid=2247484637&amp;idx=1&amp;sn=d683c3a1a47ced60f62323e1c00ed91c&amp;chksm=,å¾½å·ä¸‡è±¡ï½œæ‰“ï¼é£Ÿï¼æ¡ƒï¼Ÿ,"å¾½å· ä¸‡è±¡ ï½œæ‰“ ï¼ é£Ÿ ï¼ æ¡ƒ ï¼Ÿ
",1
http://mp.weixin.qq.com/s?__biz=MzI3MTAwNTA4NA==&amp;mid=2649742646&amp;idx=1&amp;sn=2b81f9f41fba0a5586d4a23bdb65e4be&amp;chksm=,å©ºæºèŒ¶ï¼Œé—»ä¹‹å¿ƒé†‰ï¼Œå“ä¹‹å¼¥é¦™,"å©ºæº èŒ¶ ï¼Œ é—» ä¹‹ å¿ƒé†‰ ï¼Œ å“ ä¹‹ å¼¥ é¦™
",1
http://mp.weixin.qq.com/s?__biz=MzA3NDQ0ODAzMQ==&amp;mid=2654745060&amp;idx=1&amp;sn=f6ff4c7b735cfb6f085d52e5c92a9c90&amp;chksm=,ç¥é—¨æœ‰ä¸ªè‘£å®¶æ¹¾ï¼Œé‚£é‡Œä¸æ­¢æœ‰è¯—æ„ï¼Œæ›´æ˜¯ä¸€å¤„çº¯å‡€å¿ƒçµçš„åœ£åœ°,"ç¥é—¨ æœ‰ ä¸ª è‘£ å®¶æ¹¾ ï¼Œ é‚£é‡Œ ä¸æ­¢ æœ‰ è¯—æ„ ï¼Œ æ›´ æ˜¯ ä¸€ å¤„ çº¯å‡€ å¿ƒçµ çš„ åœ£åœ°
",1
http://mp.weixin.qq.com/s?__biz=MjM5OTc1NDAxMg==&amp;mid=2652059188&amp;idx=1&amp;sn=9cd55bd19e60e08f2e43cd7994ce95d7&amp;chksm=,ã€å¤å¾½å·ã€‘ç»©æºªé¾™å·ï¼Œä¸€ä¸ªä¼ è¯´ä¸­çš„é£æ°´å®åœ°ï¼,"ã€ å¤ å¾½å· ã€‘ ç»©æºª é¾™å· ï¼Œ ä¸€ä¸ª ä¼ è¯´ ä¸­ çš„ é£æ°´å®åœ° ï¼
",1
http://mp.weixin.qq.com/s?__biz=MzI3MTAwNTA4NA==&amp;mid=2649742829&amp;idx=1&amp;sn=f87c958b1b9f5abb1a512b91775d984d&amp;chksm=,ã€å¾½å·æ–‡åŒ–ã€‘å‚©æˆ,"ã€ å¾½å· æ–‡åŒ– ã€‘ å‚©æˆ
",1
http://mp.weixin.qq.com/s?__biz=MzI3MTAwNTA4NA==&amp;mid=2649742644&amp;idx=1&amp;sn=7a95ef4235a8cdcbf542e57b60719d86&amp;chksm=,ã€å¾½å·ç™¾æ‘ã€‘æ¸è¡Œæ¸è¿œå¾½å·å±±æ‘ä¹‹â€”â€”å†æºª,"ã€ å¾½å· ç™¾ æ‘ ã€‘ æ¸è¡Œæ¸è¿œ å¾½å· å±±æ‘ ä¹‹â€”â€” å†æºª
",1
http://mp.weixin.qq.com/s?__biz=MzIyOTQ4MjEyNA==&amp;mid=2247483838&amp;idx=1&amp;sn=7014603689cb6ff6c5cf84e4ea8f6f7d&amp;chksm=,å¾½å·å››å¤§è¡Œä¸šä¹‹å››â€”â€”æœ¨å•†,"å¾½å· å›› å¤§ è¡Œä¸š ä¹‹å››â€”â€” æœ¨å•†
",1
http://mp.weixin.qq.com/s?__biz=MzIyOTQ4MjEyNA==&amp;mid=100000006&amp;idx=1&amp;sn=c1133de26faa4e03becdb4515baba190&amp;mpshare=1&amp;scene=5&amp;srcid=0103lKaUjr0naLm53EwdpYbS,å¾½å·Â·å‰ä¸–ä»Šç”Ÿ,"å¾½å· Â· å‰ä¸– ä»Šç”Ÿ
",1
http://mp.weixin.qq.com/s?__biz=MjM5MzQ0NTUyOA==&amp;mid=2649755075&amp;idx=1&amp;sn=7a6d4240ee5f5778439c3dc66a61056a&amp;chksm=,å®¶åœ¨ç¥é—¨æ¡ƒæºé‡Œ,"å®¶ åœ¨ ç¥é—¨ æ¡ƒæº é‡Œ
",1
http://mp.weixin.qq.com/s/FkR3aegTQ89jcX4mnDiFJA,ç½‘å‹è‡ªåˆ¶å¤§ç‰‡ã€Šå¾½å·ç”»å·ã€‹ï¼Œæ¯ä¸€å¸§ç¾çš„éƒ½å¯ä»¥åšå£çº¸,"ç½‘å‹ è‡ªåˆ¶ å¤§ç‰‡ ã€Š å¾½å· ç”»å· ã€‹ ï¼Œ æ¯ ä¸€ å¸§ ç¾ çš„ éƒ½å¯ä»¥ åš å£çº¸
",1
http://mp.weixin.qq.com/s?__biz=MzI5ODE1MTE3Nw==&amp;mid=2652268035&amp;idx=1&amp;sn=1798196f9e1e5857f8a32c1757b86264&amp;mpshare=1&amp;scene=5&amp;srcid=1231jdjQbyjtsl0PvitlIEGV,ä½ ä¸çŸ¥é“çš„é‚£äº›å¤æ°‘å±…å»ºç­‘,"ä½  ä¸çŸ¥é“ çš„ é‚£äº› å¤ æ°‘å±… å»ºç­‘
",1
http://mp.weixin.qq.com/s?__biz=MzI0OTI3NTEwNQ==&amp;mid=2653561654&amp;idx=1&amp;sn=e1e23491fb3c1c0b4f79710dc49bd172&amp;mpshare=1&amp;scene=5&amp;srcid=12314fAcjveT9HZG5xzmeKSC,ã€å¾½å·äººè¯´å¾½å·ã€‘å±±ä¸ºé‚»æ°´ä¸ºå‹ã€€å¤æ‘è€å®…çš†æœ‰æƒ…,"ã€ å¾½å· äºº è¯´ å¾½å· ã€‘ å±± ä¸º é‚»æ°´ ä¸º å‹ å¤ æ‘ è€å®… çš† æœ‰ æƒ…
",1
http://mp.weixin.qq.com/s?__biz=MjM5OTc5OTM5Mw==&amp;mid=2650109733&amp;idx=1&amp;sn=5cc608be2200bf3347157deab63b7ce4&amp;chksm=,å©ºæºçŸ³åŸçš„ç¾é™¤äº†ç§‹å¤©ï¼Œè¿˜æœ‰ä½ ä»æœªè§è¿‡çš„æ˜¥å¤©ã€‚,"å©ºæº çŸ³åŸ çš„ ç¾ é™¤äº† ç§‹å¤© ï¼Œ è¿˜æœ‰ ä½  ä» æœª è§ è¿‡ çš„ æ˜¥å¤© ã€‚
",1
http://mp.weixin.qq.com/s?__biz=MzA3NDQ0ODAzMQ==&amp;mid=2654743931&amp;idx=1&amp;sn=cc3301a8d875370c32b973815f722a5b&amp;chksm=,å¾½å·è¿™é‡Œçš„æ·±ç§‹ä¸éœ€è¦ç¾å›¾ï¼Œè·¯äººç”²ä¹Ÿç§’å˜æ‘„å½±å¸ˆï¼,"å¾½å· è¿™é‡Œ çš„ æ·±ç§‹ ä¸ éœ€è¦ ç¾ å›¾ ï¼Œ è·¯äºº ç”² ä¹Ÿ ç§’ å˜ æ‘„å½±å¸ˆ ï¼
",1
http://mp.weixin.qq.com/s?__biz=MzA3NDQ0ODAzMQ==&amp;mid=2654743986&amp;idx=1&amp;sn=2f9eee7c4bb080f6a1aef0575e60c9c6&amp;chksm=,æ­™å¿è‹±å‘ï¼š æ —æ ‘å›­é‡Œé“¶æé»„ï¼Œé»‘ç“¦ç™½å¢™ä¹¡æ€æŸ“,"æ­™å¿ è‹± å‘ ï¼š æ —æ ‘ å›­é‡Œ é“¶ æé»„ ï¼Œ é»‘ ç“¦ ç™½ å¢™ ä¹¡æ€ æŸ“
",1
http://mp.weixin.qq.com/s?__biz=MzA3MTEyNjk0Nw==&amp;mid=2651808959&amp;idx=1&amp;sn=b5e433878287f4ecc8dafee55145e0e8&amp;chksm=,å¾½å·éš¾è§…â€œæ½˜é‡‘è²â€,"å¾½å· éš¾è§… â€œ æ½˜ é‡‘è² â€
",1
http://mp.weixin.qq.com/s?__biz=MjM5OTc1NDAxMg==&amp;mid=2652058593&amp;idx=1&amp;sn=153854d1373cd84fdf732e89a47b8fe5&amp;chksm=,å®‰å¾½ç°å­˜æœ€å¤è€çš„ç‰ŒåŠâ€”â€”æ­™å¿éƒ‘æ‘â€œè´ç™½é‡ŒåŠâ€,"å®‰å¾½ ç°å­˜ æœ€ å¤è€ çš„ ç‰ŒåŠ â€”â€” æ­™å¿ éƒ‘ æ‘ â€œ è´ç™½é‡ŒåŠ â€
",1
http://mp.weixin.qq.com/s?__biz=MzA3MTEyNjk0Nw==&amp;mid=2651808871&amp;idx=1&amp;sn=ec3ee630eccd717440a379f7d9f017c7&amp;chksm=,å‘¼å”¤å¾½å·ä¹‹â€”â€”ç»©æºªç¯‡,"å‘¼å”¤ å¾½å· ä¹‹â€”â€” ç»©æºª ç¯‡
",1
http://mp.weixin.qq.com/s?__biz=MjM5NzEwMDk2MA==&amp;mid=2451859466&amp;idx=1&amp;sn=b2225267b141aee4c02cd26b09d8cf22&amp;chksm=,èŒ¶è¯­ç”Ÿæ´» | ç¥çº¢åˆ›å§‹çš„ä¼ å¥‡æ•…äº‹ï¼ˆè¿è½½ä¹‹å…«ï¼‰,"èŒ¶ è¯­ ç”Ÿæ´» | ç¥çº¢ åˆ›å§‹ çš„ ä¼ å¥‡ æ•…äº‹ ï¼ˆ è¿è½½ ä¹‹ å…« ï¼‰
",1
http://mp.weixin.qq.com/s?__biz=MzA5NTUxOTU2Ng==&amp;mid=2651809460&amp;idx=1&amp;sn=a247ba7f4e5c50e3ba9c1632087a497a&amp;chksm=,ã€æ—…æ¸¸æ–‡åŒ–ã€‘ä¸­å›½å¤å»ºç­‘ï¼šæƒŠè‰³ä¸–ç•Œçš„ç¾ï¼,"ã€ æ—…æ¸¸ æ–‡åŒ– ã€‘ ä¸­å›½ å¤å»ºç­‘ ï¼š æƒŠ è‰³ ä¸–ç•Œ çš„ ç¾ ï¼
",1
http://mp.weixin.qq.com/s?__biz=MzA3MTEyNjk0Nw==&amp;mid=2651808848&amp;idx=1&amp;sn=7ae43db6e50549f72b610034ce0f39c6&amp;chksm=,å‘¼å”¤å¾½å·ä¹‹â€”â€”å©ºæºç¯‡,"å‘¼å”¤ å¾½å· ä¹‹â€”â€” å©ºæº ç¯‡
",1
http://mp.weixin.qq.com/s?__biz=MzA3MTEyNjk0Nw==&amp;mid=2651808828&amp;idx=1&amp;sn=ec3383d7a4b8a6979f2e8bb0d413fd33&amp;chksm=,æœ¬æœ«æ¼”ä¹‰  äº¦æ–‡äº¦å²,"æœ¬æœ« æ¼”ä¹‰ äº¦ æ–‡ äº¦å²
",1
http://mp.weixin.qq.com/s?__biz=MzA4NDI0MzMwNA==&amp;mid=2650178106&amp;idx=1&amp;sn=61dc45396cce34a8918deff4ed2cc982&amp;mpshare=1&amp;scene=5&amp;srcid=12166SFooFsEILq0ugqJoTM0,å¾½å·æœ¨é›•,"å¾½å· æœ¨é›•
",1
http://mp.weixin.qq.com/s?__biz=MjM5NTU2NTU2MQ==&amp;mid=200655365&amp;idx=3&amp;sn=54008a0bfc91f5f4011c65a4b8b29c9b&amp;mpshare=1&amp;scene=5&amp;srcid=1216L0zZ1lMwJ3ZAlGIWmA0I,å¾½å·çŸ³é›•,"å¾½å· çŸ³é›•
",1
http://mp.weixin.qq.com/s?__biz=MzA5MjMyMTc2NQ==&amp;mid=212143077&amp;idx=1&amp;sn=9e52271312d3516403ed04a06d6c4617&amp;mpshare=1&amp;scene=5&amp;srcid=1216YB3lmPD39BDIjBuQVVvX,å¾½å·ç –é›•,"å¾½å· ç –é›•
",1
http://mp.weixin.qq.com/s?__biz=MjM5MzQ3MTIwMA==&amp;mid=206816113&amp;idx=1&amp;sn=d2a77b03075483eedf22ce99ad13d2c5&amp;mpshare=1&amp;scene=5&amp;srcid=1216n6tnNb5e7IWe5glC36De,å¾½å·æœ€ç¾åå¤§å¤é•‡,"å¾½å· æœ€ ç¾ å å¤§ å¤é•‡
",1
http://mp.weixin.qq.com/s?__biz=MjM5MzQ0NTUyOA==&amp;mid=2649755117&amp;idx=1&amp;sn=14e86a144677b7dfcacb33187f093b11&amp;chksm=,æ¡ƒæºå¤å··ç§è¯­,"æ¡ƒæº å¤ å·· ç§è¯­
",1
http://mp.weixin.qq.com/s?__biz=MjM5OTc1NDAxMg==&amp;mid=2652057629&amp;idx=1&amp;sn=bb9a22b3c17149477419ab43a4c7cadf&amp;chksm=,ã€å¾½å·ã€‘æ­™å¿ç£»æºªä»å¤è‡³ä»Šï¼ˆäºŒï¼‰,"ã€ å¾½å· ã€‘ æ­™å¿ ç£»æºª ä»å¤è‡³ä»Š ï¼ˆ äºŒ ï¼‰
",1
http://mp.weixin.qq.com/s?__biz=MjM5OTc1NDAxMg==&amp;mid=2652057599&amp;idx=1&amp;sn=7b55a3367695b0dd0d21fc1a90fa498d&amp;chksm=,ã€å¾½å·ã€‘æ­™å¿ç£»æºªä»å¤è‡³ä»Šï¼ˆä¸€ï¼‰,"ã€ å¾½å· ã€‘ æ­™å¿ ç£»æºª ä»å¤è‡³ä»Š ï¼ˆ ä¸€ ï¼‰
",1
http://mp.weixin.qq.com/s?__biz=MjM5OTc1NDAxMg==&amp;mid=2652057639&amp;idx=1&amp;sn=84f2f574809335a71e7ba173feb9387a&amp;chksm=,ã€å¾½å·å¤æ‘è½ã€‘æ­™å¿æœ‰å¤„è—é£èšæ°”çš„è·èŠ±å½¢,"ã€ å¾½å· å¤ æ‘è½ ã€‘ æ­™å¿ æœ‰ å¤„ è— é£ èš æ°” çš„ è·èŠ± å½¢
",1
http://mp.weixin.qq.com/s?__biz=MjM5OTc1NDAxMg==&amp;mid=2652057716&amp;idx=1&amp;sn=50fb4eeb0b8586d3b56ea71e042af706&amp;chksm=,ã€å¾½å·å¤æ‘è½ã€‘å¿ƒé©°ç¥å¾€é™Ÿå°å²«,"ã€ å¾½å· å¤ æ‘è½ ã€‘ å¿ƒé©°ç¥å¾€ é™Ÿå°å²«
",1
http://mp.weixin.qq.com/s?__biz=MjM5OTc1NDAxMg==&amp;mid=2652057723&amp;idx=1&amp;sn=65b36fbdcd986165f3efc8cf0028358f&amp;chksm=,ã€å¾½å·ç¾é£Ÿã€‘ä¸€é“èœï¼Œä¸€ä»½ä¹¡æ„,"ã€ å¾½å· ç¾é£Ÿ ã€‘ ä¸€é“èœ ï¼Œ ä¸€ ä»½ ä¹¡æ„
",1
http://mp.weixin.qq.com/s?__biz=MjM5OTc1NDAxMg==&amp;mid=2652057761&amp;idx=1&amp;sn=c8b6ed65e6fa76fa8661b1a60580e147&amp;chksm=,ã€å¾½å·ã€‘ä¸€æ¡å¤é“ï¼Œä¸€æ®µå†å²,"ã€ å¾½å· ã€‘ ä¸€ æ¡ å¤é“ ï¼Œ ä¸€ æ®µ å†å²
",1
http://mp.weixin.qq.com/s?__biz=MjM5OTc1NDAxMg==&amp;mid=2652057775&amp;idx=1&amp;sn=9abcc3c78c7a2a8a602f1c91df5aee55&amp;chksm=,ã€å¾½å·å¤æ‘è½ã€‘çš–æµ™è¾¹å…³å¤æ‘è½ï¼šå²­è„šæ‘,"ã€ å¾½å· å¤ æ‘è½ ã€‘ çš– æµ™ è¾¹å…³ å¤ æ‘è½ ï¼š å²­è„šæ‘
",1
http://mp.weixin.qq.com/s?__biz=MjM5OTc1NDAxMg==&amp;mid=2652057802&amp;idx=1&amp;sn=8eb9daa9d11756bfa7f44a9f3b1cca16&amp;chksm=,ã€å¾½å·ã€‘å§¬å…¬å°–ç¯ç¬¼æŸ¿ï¼Œç§‹æ—¥é‡Œä¸€é“ç‹¬ç‰¹é£æ™¯,"ã€ å¾½å· ã€‘ å§¬ å…¬å°– ç¯ç¬¼æŸ¿ ï¼Œ ç§‹æ—¥ é‡Œ ä¸€ é“ ç‹¬ç‰¹ é£æ™¯
",1
http://mp.weixin.qq.com/s?__biz=MjM5OTc1NDAxMg==&amp;mid=2652057846&amp;idx=1&amp;sn=cfcdc58b286f2b25f4471f96dfea5721&amp;chksm=,ã€å¾½å·å¤æ‘è½ã€‘äººé—´ä»™å¢ƒå¤–å—åº„,"ã€ å¾½å· å¤ æ‘è½ ã€‘ äººé—´ ä»™å¢ƒ å¤– å— åº„
",1
http://mp.weixin.qq.com/s?__biz=MjM5OTc1NDAxMg==&amp;mid=2652057919&amp;idx=1&amp;sn=e916ef0f3fe67e60957c90e21b608855&amp;chksm=,ã€å¾½å·æ°‘é—´æ•…äº‹ã€‘è€ç«¹é“ºçš„å¤§æ–¹å’Œå°š,"ã€ å¾½å· æ°‘é—´ æ•…äº‹ ã€‘ è€ ç«¹ é“º çš„ å¤§æ–¹ å’Œ å°š
",1
http://mp.weixin.qq.com/s?__biz=MjM5NDAyNjU0MA==&amp;mid=2651035082&amp;idx=2&amp;sn=d0f44508ade6cd60eab143644c4104b6&amp;chksm=,å¥—è·¯æ»¡æ»¡çš„ç°åœ¨ï¼Œå—åŒ—å„’å•†å´è¶Šæ¥è¶Šå–œçˆ±å¾½å·å¤åŸ,"å¥—è·¯ æ»¡æ»¡çš„ ç°åœ¨ ï¼Œ å—åŒ— å„’å•† å´ è¶Šæ¥è¶Š å–œçˆ± å¾½å· å¤åŸ
",1
http://mp.weixin.qq.com/s?__biz=MjM5OTc1NDAxMg==&amp;mid=2652057982&amp;idx=1&amp;sn=f7ddffc9646323f6fca69d75027f0403&amp;chksm=,ã€å¾½å·ã€‘æ²¡æœ‰å‡ ä¸ªäººçŸ¥é“ï¼Œæ­™å¿è—ç€ä¸ªå”æœçš„åœµé‡å¿ï¼,"ã€ å¾½å· ã€‘ æ²¡æœ‰ å‡  ä¸ª äºº çŸ¥é“ ï¼Œ æ­™å¿ è— ç€ ä¸ª å”æœ çš„ åœµé‡å¿ ï¼
",1
http://mp.weixin.qq.com/s?__biz=MjM5OTc1NDAxMg==&amp;mid=2652057997&amp;idx=1&amp;sn=b7bc095467da515472606d590e70b170&amp;chksm=,ã€å¾½å·å¤æ‘è½ã€‘æ­™å¿æ™”å²”æ‘ï¼šæ®‹å­˜æ•…å›­ä¹¡æ„æµ“,"ã€ å¾½å· å¤ æ‘è½ ã€‘ æ­™å¿ æ™” å²”æ‘ ï¼š æ®‹å­˜ æ•…å›­ ä¹¡æ„ æµ“
",1
http://mp.weixin.qq.com/s?__biz=MjM5OTc1NDAxMg==&amp;mid=2652058018&amp;idx=1&amp;sn=6003eab1927b795eafba263852cb708a&amp;chksm=,ã€å¾½å·å¤æ‘è½ã€‘ä¸‹äº§å¾€å·¦ï¼Œé˜³äº§å¾€å³,"ã€ å¾½å· å¤ æ‘è½ ã€‘ ä¸‹ äº§ å¾€å·¦ ï¼Œ é˜³ äº§ å¾€å³
",1
http://mp.weixin.qq.com/s?__biz=MjM5OTc1NDAxMg==&amp;mid=2652058050&amp;idx=1&amp;sn=c01782da9f9c8244c4b0d9d264b7dfe7&amp;chksm=,ã€å¾½å·å¤æ‘è½ã€‘æ±ªæ»¡ç”°ï¼šè¯»ä½ åƒéä¸åŒå€¦,"ã€ å¾½å· å¤ æ‘è½ ã€‘ æ±ª æ»¡ ç”° ï¼š è¯» ä½  åƒ é ä¸ åŒå€¦
",1
http://mp.weixin.qq.com/s?__biz=MjM5OTc1NDAxMg==&amp;mid=2652058081&amp;idx=1&amp;sn=7bcc5cf17cf98ef246baf8c32c11c1b6&amp;chksm=,å¾½å·æ­™ä¸œå››å¤§è‘—åé…¬ç¥æ°‘ä¿—ä¹‹ï¼šâ€œç«¦å£ä¼šâ€,"å¾½å·æ­™ ä¸œå›› å¤§ è‘—å é…¬ç¥ æ°‘ä¿— ä¹‹ ï¼š â€œ ç«¦å£ä¼š â€
",1
http://mp.weixin.qq.com/s?__biz=MjM5OTc1NDAxMg==&amp;mid=2652058121&amp;idx=1&amp;sn=96ba9014081cd5b638acccea1f2187b2&amp;chksm=,ã€å¾½å·å¤æ‘è½ã€‘ç£»æºªæ‘ï¼šæ˜ä»£æŠ—å€­åå°†èƒ¡å®—å®ªçš„å¤–å©†å®¶,"ã€ å¾½å· å¤ æ‘è½ ã€‘ ç£» æºª æ‘ ï¼š æ˜ä»£ æŠ—å€­ åå°† èƒ¡ å®—å®ª çš„ å¤–å©† å®¶
",1
http://mp.weixin.qq.com/s?__biz=MjM5OTc1NDAxMg==&amp;mid=2652058156&amp;idx=1&amp;sn=e27c294eaac05b75a6a8d6341107bcc7&amp;chksm=,ã€å¾½å·å¤æ‘è½ã€‘èƒ¡é”¦æ¶›å¥¶å¥¶å«ä½ å»å¡å±±å¥¹å®¶çœ‹é›¾,"ã€ å¾½å· å¤ æ‘è½ ã€‘ èƒ¡ é”¦æ¶› å¥¶å¥¶ å« ä½  å» å¡ å±± å¥¹å®¶ çœ‹ é›¾
",1
http://mp.weixin.qq.com/s?__biz=MjM5OTc1NDAxMg==&amp;mid=2652058201&amp;idx=1&amp;sn=b82fe06e6e35d96f0baf40634d92d572&amp;chksm=,ã€å¾½å·ã€‘ä¸€ä¸ªâ€œæ‘„é¬¼â€çœ¼ä¸­çš„åœ£åœ°,"ã€ å¾½å· ã€‘ ä¸€ä¸ª â€œ æ‘„ é¬¼ â€ çœ¼ä¸­ çš„ åœ£åœ°
",1
http://mp.weixin.qq.com/s?__biz=MjM5OTc1NDAxMg==&amp;mid=2652058232&amp;idx=1&amp;sn=1b7733516a92ee4c1163fcbc18b5e1aa&amp;chksm=,ã€å¾½å·å¤æ‘è½ã€‘æ­™å¿è“ç”°æ‘ï¼šé™é»˜äº†1400å¤šå¹´çš„ç§ç‰é‡Œ,"ã€ å¾½å· å¤ æ‘è½ ã€‘ æ­™å¿ è“ç”° æ‘ ï¼š é™é»˜ äº† 1400 å¤š å¹´ çš„ ç§ ç‰é‡Œ
",1
http://mp.weixin.qq.com/s?__biz=MjM5OTc1NDAxMg==&amp;mid=2652058248&amp;idx=1&amp;sn=c399519ce58fe24b0ee310dc77260402&amp;chksm=,ã€å¾½å·ã€‘æ— å®…ä¸é›•èŠ±,"ã€ å¾½å· ã€‘ æ—  å®… ä¸ é›•èŠ±
",1
http://mp.weixin.qq.com/s?__biz=MjM5MzQ0NTUyOA==&amp;mid=2649754853&amp;idx=1&amp;sn=0b183a5413e670ff5cda7c71447d5d28&amp;mpshare=1&amp;scene=5&amp;srcid=0206qFBsYXQVcJy2qMC8a38F,å°è„šå¤ªå¤ªæ±Ÿå†¬ç§€æŒ¥å¾—äº†èœåˆ€ï¼Œæ‹å¾—æ¸…å¤§å±€çš„ä¼ å¥‡,"å°è„š å¤ªå¤ª æ±Ÿ å†¬ ç§€ æŒ¥ å¾—äº† èœåˆ€ ï¼Œ æ‹ å¾— æ¸… å¤§å±€ çš„ ä¼ å¥‡
",1
http://mp.weixin.qq.com/s?__biz=MjM5OTc1NDAxMg==&amp;mid=2652058298&amp;idx=1&amp;sn=7dec205c0d78505956ce8aaafab5a934&amp;chksm=,ã€å¾½å·å¤æ‘è½ã€‘æ­™å¿å”é‡Œæ‘ï¼šè€æˆå°ä¸Šæœ‰ç»å“ï¼Œå®˜èˆ¹å‘é‡Œè—å¦™å¢ƒ,"ã€ å¾½å· å¤ æ‘è½ ã€‘ æ­™å¿ å” é‡Œæ‘ ï¼š è€ æˆå° ä¸Š æœ‰ ç»å“ ï¼Œ å®˜ èˆ¹ å‘ é‡Œ è— å¦™å¢ƒ
",1
http://mp.weixin.qq.com/s?__biz=MjM5OTc1NDAxMg==&amp;mid=2652058364&amp;idx=1&amp;sn=67cbcde079e63ba01564074dea08b1ab&amp;chksm=,ã€å¾½å·å¤æ‘è½ã€‘å¾½å·ç§˜å¢ƒï¼šèµ°è¿›çŸ³é—¨æ¢é’å³°,"ã€ å¾½å· å¤ æ‘è½ ã€‘ å¾½å· ç§˜ å¢ƒ ï¼š èµ° è¿› çŸ³é—¨ æ¢ é’å³°
",1
http://mp.weixin.qq.com/s?__biz=MjM5OTc1NDAxMg==&amp;mid=2652058398&amp;idx=4&amp;sn=7f865d9724245ad7c2e3ee6f1791c08f&amp;chksm=,ã€å¾½å·ã€‘è¶£è¯´å¾½å·ï¼ˆä¸Šï¼‰,"ã€ å¾½å· ã€‘ è¶£ è¯´ å¾½å· ï¼ˆ ä¸Š ï¼‰
",1
http://mp.weixin.qq.com/s/FwWKyVhWO2MbO0dVBS7_0g,å¾½å·å¤ä¹¦é™¢ä¹‹ç´«é˜³ä¹¦é™¢,"å¾½å· å¤ä¹¦ é™¢ ä¹‹ ç´«é˜³ ä¹¦é™¢
",1
http://mp.weixin.qq.com/s/YitXfLVpWwbMg4b7T9ptdg,æ°´å¢¨å©ºæº,"æ°´å¢¨ å©ºæº
",1
http://mp.weixin.qq.com/s/eC3pyWICeXAenodQ01sbJQ,å¤©ä¸Šäººé—´ä¸€ç»ï¼Œé‚£å°±æ˜¯å©ºæºç§‹è‰²ï¼è¿™ç»„ç¾å›¾ï¼Œè¯·æ”¶è—,"å¤©ä¸Š äººé—´ ä¸€ç» ï¼Œ é‚£ å°± æ˜¯ å©ºæº ç§‹è‰² ï¼ è¿™ ç»„ ç¾å›¾ ï¼Œ è¯· æ”¶è—
",1
http://mp.weixin.qq.com/s/nUjJOY_uXdnjaEP20FfSow,æŸ¥æµâ€”å…¸è—åœ¨æ·±å±±å¹½è°·ä¸­çš„å¤é•‡,"æŸ¥ æµ â€” å…¸è— åœ¨ æ·±å±± å¹½è°· ä¸­ çš„ å¤é•‡
",1
http://mp.weixin.qq.com/s?__biz=MzI3MDE3MjkwOQ==&amp;mid=2650927333&amp;idx=1&amp;sn=4fc67402db1ba6ff50757222e80466e2&amp;chksm=,é¸¡å…¬å°–ä¸ŠæŸ¿å­çº¢,"é¸¡ å…¬å°– ä¸Š æŸ¿å­ çº¢
",1
http://mp.weixin.qq.com/s?__biz=MzIyNDA4NDIxMA==&amp;mid=400101920&amp;idx=1&amp;sn=d87cc62e6f9229b65d9ea0cbf69beed8&amp;mpshare=1&amp;scene=5&amp;srcid=121540HFqsPTfDQC8xPpAdss,å¾½å·æ‘è½ | å…»è‚²èƒ¡é€‚çš„åœ°æ–¹ï¼Œä¸Šåº„,"å¾½å· æ‘è½ | å…»è‚² èƒ¡ é€‚ çš„ åœ°æ–¹ ï¼Œ ä¸Š åº„
",1
http://mp.weixin.qq.com/s?__biz=MjM5MzQ0NTUyOA==&amp;mid=2649754897&amp;idx=1&amp;sn=af7205df63a7cb9c1b0a3efa74021dc8&amp;mpshare=1&amp;scene=5&amp;srcid=0206FdyJiiVn7AozWH05iv1h,å¾½å·æ‘è½â€”â€”é£æ°´çš„â€œç†æƒ³å›½â€ï¼ˆäºŒï¼‰,"å¾½å· æ‘è½ â€”â€” é£æ°´ çš„ â€œ ç†æƒ³å›½ â€ ï¼ˆ äºŒ ï¼‰
",1
http://mp.weixin.qq.com/s?__biz=MzIyNDA4NDIxMA==&amp;mid=400205002&amp;idx=1&amp;sn=7b5564bfaf8b2272ab73407927521dce&amp;mpshare=1&amp;scene=5&amp;srcid=1215exQI09y5yHysorG7NJtg,å¾½å·æ‘æ–‡åŒ– | é»„å±±æ°´ï¼Œæ–°å®‰æº,"å¾½å· æ‘ æ–‡åŒ– |é»„ å±±æ°´ ï¼Œ æ–° å®‰æº
",1
http://mp.weixin.qq.com/s?__biz=MzIyNDA4NDIxMA==&amp;mid=400263580&amp;idx=1&amp;sn=0d98d0f710acb11f908df23af2343c93&amp;mpshare=1&amp;scene=5&amp;srcid=1215nwTwsMgGsblEA60mzAzY,å¾½å·æ–‡åŒ– | æ¢è®¿å¾½å·å¤æ‘è½â€”â€”å±¯æºª,"å¾½å· æ–‡åŒ– | æ¢è®¿ å¾½å· å¤ æ‘è½ â€”â€” å±¯æºª
",1
http://mp.weixin.qq.com/s?__biz=MzIyNDA4NDIxMA==&amp;mid=400369420&amp;idx=1&amp;sn=01609fbcee24117aaa607db5a2285224&amp;mpshare=1&amp;scene=5&amp;srcid=1215Q3c9tmLZTLy542nmoPua,å¾½å·æ–‡åŒ– | æ·±ç§‹å»å¾½å·çœ‹æ‘è½ï¼Œç¾è‰³ä¸­å›½,"å¾½å· æ–‡åŒ– | æ·±ç§‹ å» å¾½å· çœ‹ æ‘è½ ï¼Œ ç¾è‰³ ä¸­å›½
",1
http://mp.weixin.qq.com/s?__biz=MzIyNDA4NDIxMA==&amp;mid=400829396&amp;idx=1&amp;sn=575f00114cfb5ffbf2e13683d1d0e9bc&amp;mpshare=1&amp;scene=5&amp;srcid=1215V7KES6dc3NLrLkH36u5D,çš–å—è¡Œ | åšå²¸æ¡ƒæº,"çš–å— è¡Œ |åš å²¸ æ¡ƒæº
",1
http://mp.weixin.qq.com/s?__biz=MzIyNDA4NDIxMA==&amp;mid=400895400&amp;idx=1&amp;sn=f17736e5b6ce65303757dc16fbd906b7&amp;mpshare=1&amp;scene=5&amp;srcid=1215FQVwzpmFtOojNebEamhH,å¾½å·æ–‡åŒ– | å¾½å¢¨ä¸­çš„â€œæ˜å››å®¶â€ä¸â€œæ¸…å››å®¶â€,"å¾½å· æ–‡åŒ– | å¾½å¢¨ ä¸­ çš„ â€œ æ˜ å›› å®¶ â€ ä¸ â€œ æ¸… å›› å®¶ â€
",1
http://mp.weixin.qq.com/s?__biz=MzIyOTQ4MjEyNA==&amp;mid=2247483811&amp;idx=1&amp;sn=07404207b523b4b38a68e67b0795af22&amp;chksm=,å¾½å•†å››å¤§è¡Œä¸šä¹‹ä¸‰ â€”â€” èŒ¶å•†,"å¾½å•† å›› å¤§ è¡Œä¸š ä¹‹ ä¸‰ â€”â€” èŒ¶å•†
",1
http://mp.weixin.qq.com/s?__biz=MzIyOTQ4MjEyNA==&amp;mid=2247483802&amp;idx=1&amp;sn=3d63cac5200d8eec0f95f54309e34d83&amp;chksm=,å¾½å•†å››å¤§è¡Œä¸šä¹‹ä¸€ â€”â€” ç›å•†,"å¾½å•† å›› å¤§ è¡Œä¸š ä¹‹ä¸€ â€”â€” ç›å•†
",1
http://mp.weixin.qq.com/s?__biz=MzI3MTAwNTA4NA==&amp;mid=2649742252&amp;idx=1&amp;sn=94106b7ca83cdcc3d565d8fcb15a1112&amp;chksm=,ã€å¾½å·ç™¾æ‘ã€‘é¾™æ± æ±°â€”â€”é‚£ç‰‡å¿ƒçµçš„å‡€åœŸ,"ã€ å¾½å· ç™¾ æ‘ ã€‘ é¾™ æ±  æ±° â€”â€” é‚£ ç‰‡ å¿ƒçµ çš„ å‡€åœŸ
",1
http://mp.weixin.qq.com/s/e5CyWb6rqvKRyxj4uAitjg,å¾½å·äººï¼Œä½ ä»å“ªé‡Œæ¥ï¼Ÿ,"å¾½å· äºº ï¼Œ ä½  ä» å“ªé‡Œ æ¥ ï¼Ÿ
",1
http://mp.weixin.qq.com/s/YrLkLoNXirdIaqATB8pNvw,å¾½å·ï¼Œä½ ç»™æˆ‘å›æ¥â€”â€”æ­™å¿ç¯‡,"å¾½å· ï¼Œ ä½  ç»™ æˆ‘ å›æ¥ â€”â€” æ­™å¿ ç¯‡
",1
http://mp.weixin.qq.com/s/bG8ZY69n4doIHfq7RqB31A,å¾½å·ï¼Œä½ ç»™æˆ‘å›æ¥â€”é»Ÿå¿ç¯‡,"å¾½å· ï¼Œ ä½  ç»™ æˆ‘ å›æ¥ â€” é»Ÿå¿ ç¯‡
",1
http://mp.weixin.qq.com/s/F3Auit0Bk-ZZo12_evmVew,å¾½å·ï¼Œä½ ç»™æˆ‘å›æ¥â€”ä¼‘å®ç¯‡,"å¾½å· ï¼Œ ä½  ç»™ æˆ‘ å›æ¥ â€” ä¼‘å® ç¯‡
",1
http://mp.weixin.qq.com/s/blfIx6VnL_VwGd-2Ra9Hfw,å¾½å·ï¼Œä½ ç»™æˆ‘å›æ¥â€”â€”ç¥é—¨ç¯‡,"å¾½å· ï¼Œ ä½  ç»™ æˆ‘ å›æ¥ â€”â€” ç¥é—¨ ç¯‡
",1
http://mp.weixin.qq.com/s/3X2pZitF7KzPSm24OwDEpw,ã€è¡Œèµ°å¾½å·ã€‘è®¸æ‘ï¼šæ­™å¿åŒ—ä¹¡çš„ä¸­å›½å†å²æ–‡åŒ–åé•‡,"ã€ è¡Œèµ° å¾½å· ã€‘ è®¸æ‘ ï¼š æ­™å¿ åŒ—ä¹¡ çš„ ä¸­å›½ å†å² æ–‡åŒ– å é•‡
",1
http://mp.weixin.qq.com/s?__biz=MzIyNDA4NDIxMA==&amp;mid=400036534&amp;idx=1&amp;sn=b25449c0b16b2ca10fb543da00385e3b&amp;mpshare=1&amp;scene=5&amp;srcid=1206C6sqqmBIY7Wf2lq81sZH,"å¾½å·æ–‡åŒ– | å¾½å•†,ä»å¾½éª†é©¼åˆ°å„’å•†","å¾½å· æ–‡åŒ– |å¾½å•† , ä» å¾½ éª†é©¼ åˆ° å„’å•†
",1
http://mp.weixin.qq.com/s?__biz=MzIyNDA4NDIxMA==&amp;mid=400046205&amp;idx=1&amp;sn=4f80ec415d4ac325e642d4b697a250eb&amp;mpshare=1&amp;scene=5&amp;srcid=1206xQGozgY8shq1FuQRbuQl,å¾½å·æ–‡åŒ–/è¯»å”è¯—å®‹è¯ï¼Œå»å¾½å·æ™’ç§‹,"å¾½å· æ–‡åŒ– / è¯» å”è¯— å®‹è¯ ï¼Œ å» å¾½å· æ™’ ç§‹
",1
http://mp.weixin.qq.com/s?__biz=MzIyNDA4NDIxMA==&amp;mid=400056542&amp;idx=1&amp;sn=74973942b3b1e5f5a86efbd00a8ba9d4&amp;mpshare=1&amp;scene=5&amp;srcid=12061zXmuGVkuwllKZgK6PuG,å¾½å·æ‘è½ | å®æ‘ï¼Œç”»é‡Œç‰›å½¢æ‘,"å¾½å· æ‘è½ | å®æ‘ ï¼Œ ç”»é‡Œç‰›å½¢æ‘
",1
http://mp.weixin.qq.com/s?__biz=MzIyNDA4NDIxMA==&amp;mid=400069464&amp;idx=1&amp;sn=5cbe07a6b37187151d2e5e2636b20a2a&amp;mpshare=1&amp;scene=5&amp;srcid=1206gdlYsssYAwobqxoihYxN,å¾½å·æ‘è½ | ç»©æºªé¾™å·ï¼Œæœ‰é¾™åœ¨å·,"å¾½å· æ‘è½ | ç»©æºª é¾™å· ï¼Œ æœ‰ é¾™ åœ¨ å·
",1
http://mp.weixin.qq.com/s?__biz=MzIyNDA4NDIxMA==&amp;mid=400130855&amp;idx=1&amp;sn=66e309229712d89b17b20ca8ce4fa2c0&amp;mpshare=1&amp;scene=5&amp;srcid=1206WhVSFYvfE8vl8Nin3ZYY,å¾½å·æ–‡åŒ– | é£æ°´å°¤é‡æ•°å¾½äºº,"å¾½å· æ–‡åŒ– | é£æ°´ å°¤ é‡ æ•° å¾½ äºº
",1
http://mp.weixin.qq.com/s?__biz=MzIyNDA4NDIxMA==&amp;mid=400161200&amp;idx=1&amp;sn=52764a9a3e13c3e9f2aa2a37c4f307fd&amp;mpshare=1&amp;scene=5&amp;srcid=1206HpUmA9Sx8wGuCjTazq5e,å¾½å·æ–‡åŒ– | æ·±æ·±å¤å·· é©¬å¤´èŠ±å¢™,"å¾½å· æ–‡åŒ– |æ·±æ·± å¤ å·· é©¬å¤´ èŠ±å¢™
",1
http://mp.weixin.qq.com/s?__biz=MzIyNDA4NDIxMA==&amp;mid=400192057&amp;idx=1&amp;sn=35153bf6c3164a89f5e69115f7a3e3ea&amp;mpshare=1&amp;scene=5&amp;srcid=1206x6d5FbQiazBIjpZa8fxM,èµ°è¿›çš–å—å¤æ‘ èµæœ€ç¾å¾½å·æ™’ç§‹,"èµ° è¿› çš–å— å¤ æ‘ èµ æœ€ ç¾ å¾½å· æ™’ ç§‹
",1
http://mp.weixin.qq.com/s?__biz=MzIyNDA4NDIxMA==&amp;mid=400238811&amp;idx=1&amp;sn=e923bae4fc1dcec2b2260f4f0403cf83&amp;mpshare=1&amp;scene=5&amp;srcid=1206DM6xwEJp607r2PIjxDNI,å¾½å·æ–‡åŒ– | è§£è¯»å¾½å·çš„å¤ç‰ŒåŠ,"å¾½å· æ–‡åŒ– | è§£è¯» å¾½å· çš„ å¤ ç‰ŒåŠ
",1
http://mp.weixin.qq.com/s?__biz=MzIyNDA4NDIxMA==&amp;mid=400250068&amp;idx=1&amp;sn=3b3781f701b4cb2c3451b7fae45139d7&amp;mpshare=1&amp;scene=5&amp;srcid=1206I6MTUkafunUBDEcHZPCj,å¾½å·æ–‡åŒ– | å¾½å·äººçš„ä¼ ç»Ÿäº§ä¸šï¼šæ–‡æˆ¿å››å®,"å¾½å· æ–‡åŒ– | å¾½å· äºº çš„ ä¼ ç»Ÿ äº§ä¸š ï¼š æ–‡æˆ¿å››å®
",1
http://mp.weixin.qq.com/s?__biz=MzIyNDA4NDIxMA==&amp;mid=400316300&amp;idx=1&amp;sn=1ddf03ee95c2054dff0193d64273e9f3&amp;mpshare=1&amp;scene=5&amp;srcid=1206rp4xzMtkaYfKmmOwCMHx,å¾½å·æ‘è½ | å®°ç›¸æ•…é‡Œâ€”â€”é›„æ‘,"å¾½å· æ‘è½ | å®°ç›¸ æ•…é‡Œ â€”â€” é›„ æ‘
",1
http://mp.weixin.qq.com/s?__biz=MzIyNDA4NDIxMA==&amp;mid=400451000&amp;idx=1&amp;sn=709f2a48fd2af8ed764a28fc2ff599c4&amp;mpshare=1&amp;scene=5&amp;srcid=1206tz9vQxZh6WBa29oMP8DG,å¾½å·æ–‡åŒ– | å¾½å•†è€å·,"å¾½å· æ–‡åŒ– |å¾½ å•† è€ å·
",1
http://mp.weixin.qq.com/s?__biz=MzIyNDA4NDIxMA==&amp;mid=400507086&amp;idx=1&amp;sn=ed1e3aa9641d133e985bc58939725250&amp;mpshare=1&amp;scene=5&amp;srcid=12064uBpgtbBqPXJ3sQKUOhy,å¾½å·æ–‡åŒ– | å¾½æˆä¸å¾½èœ,"å¾½å· æ–‡åŒ– |å¾½ æˆ ä¸ å¾½èœ
",1
http://mp.weixin.qq.com/s?__biz=MzIyNDA4NDIxMA==&amp;mid=400537160&amp;idx=1&amp;sn=00497785008d1fdce7d22019ab00387a&amp;mpshare=1&amp;scene=5&amp;srcid=1206qgaS4OjQrZIBhIaFn3S7,å¾½å·æ–‡åŒ– | é»„å±±ä¸æ–°å®‰ç”»æ´¾,"å¾½å· æ–‡åŒ– | é»„å±± ä¸ æ–°å®‰ ç”»æ´¾
",1
http://mp.weixin.qq.com/s?__biz=MzA4NDI0MzMwNA==&amp;mid=2650179271&amp;idx=1&amp;sn=28ad0b5a8f367525d29342b9e9021598&amp;chksm=,æ˜¥é£åé‡Œä¸å¦‚ä½  æ—¶å…‰æœªè€,"æ˜¥é£ å é‡Œ ä¸å¦‚ ä½  æ—¶å…‰ æœª è€
",1
http://mp.weixin.qq.com/s?__biz=MzIyNDA4NDIxMA==&amp;mid=400576713&amp;idx=1&amp;sn=4c35ada51abcb6f09ae2143110ed812a&amp;mpshare=1&amp;scene=5&amp;srcid=1206f86m5OYxBsSip6iMNqGE,ç¢§ å±± å° è±¡,"ç¢§ å±± å°è±¡
",1
http://mp.weixin.qq.com/s?__biz=MzIyNDA4NDIxMA==&amp;mid=400566278&amp;idx=1&amp;sn=eed6d14c4d82f9e7d2cc0472c5c196a3&amp;mpshare=1&amp;scene=5&amp;srcid=1206XkqaJfttCVSggi3j4E8Y,å¾½å·æ–‡åŒ– | èµ›é‡‘èŠ±,"å¾½å· æ–‡åŒ– |èµ› é‡‘èŠ±
",1
http://mp.weixin.qq.com/s?__biz=MzIyNDA4NDIxMA==&amp;mid=400634766&amp;idx=1&amp;sn=d43bfaf9056f8f7d2f8679aceeedab8d&amp;mpshare=1&amp;scene=5&amp;srcid=1206Rob1TtqKcJ4rOzO9F4JO,å¾½å·æ‘è½ | å”æ¨¡æ‘,"å¾½å· æ‘è½ |å” æ¨¡æ‘
",1
http://mp.weixin.qq.com/s?__biz=MzIyNDA4NDIxMA==&amp;mid=400647816&amp;idx=1&amp;sn=ca7f62c47223622bbd259e16c6c4ed72&amp;mpshare=1&amp;scene=5&amp;srcid=1206ghpY6JN5YTtZCdR9gVGW,ä¸­å›½å†å²æ–‡åŒ–ååŸâ€”â€”å¾½å·å¤åŸ,"ä¸­å›½ å†å² æ–‡åŒ– ååŸ â€”â€” å¾½å· å¤åŸ
",1
http://mp.weixin.qq.com/s?__biz=MzIyNDA4NDIxMA==&amp;mid=400660176&amp;idx=1&amp;sn=96f0d0a5517550a2738f1a804c21a473&amp;mpshare=1&amp;scene=5&amp;srcid=120621o6EIKiKHESdCXGAZF0,å°è±¡è¥¿é€’â€”â€”æ¡ƒèŠ±æºé‡Œäººå®¶,"å°è±¡ è¥¿ é€’ â€”â€” æ¡ƒèŠ±æº é‡Œ äººå®¶
",1
http://mp.weixin.qq.com/s?__biz=MzIyNDA4NDIxMA==&amp;mid=400738746&amp;idx=1&amp;sn=9669c14c8c21eaf4f0e785036ce4f8fa&amp;mpshare=1&amp;scene=5&amp;srcid=1206hzamSuOVycOTyHAi7MGE,å†¬å­£æ¡ƒèŠ±æ½­ï¼Œè®©äººä¸€é†‰æ–¹ä¼‘ä¹‹ç¾,"å†¬å­£ æ¡ƒèŠ± æ½­ ï¼Œ è®© äºº ä¸€é†‰æ–¹ä¼‘ ä¹‹ ç¾
",1
http://mp.weixin.qq.com/s?__biz=MzIyNDA4NDIxMA==&amp;mid=400801981&amp;idx=1&amp;sn=1f9dae5c2ca092627b4f915134ac5481&amp;mpshare=1&amp;scene=5&amp;srcid=1206etuaNMYtQwLZiyeMp9hX,è®¸æ‘â€”â€”éå¸ƒåèƒœçš„å¤é•‡,"è®¸ æ‘ â€”â€” éå¸ƒ åèƒœ çš„ å¤é•‡
",1
http://mp.weixin.qq.com/s?__biz=MzIyNDA4NDIxMA==&amp;mid=400780581&amp;idx=1&amp;sn=367720dc247cfc0f3bf9fe4be8de13d3&amp;mpshare=1&amp;scene=5&amp;srcid=120685iYX92WsfhXIO4juEcI,ä¸‡å®‰â€”â€”åƒå¹´å¤é•‡,"ä¸‡å®‰ â€”â€” åƒ å¹´ å¤é•‡
",1
http://mp.weixin.qq.com/s?__biz=MzIyNDA4NDIxMA==&amp;mid=400810223&amp;idx=1&amp;sn=501e64dff033b8a96d5c18cea77f893b&amp;mpshare=1&amp;scene=5&amp;srcid=1206eZ6HDoDyBzZyxdK9VnAH,å¾½å·æ–‡åŒ– | å¤ªå¹³çŒ´é­,"å¾½å· æ–‡åŒ– | å¤ªå¹³ çŒ´ é­
",1
http://mp.weixin.qq.com/s?__biz=MzIyNDA4NDIxMA==&amp;mid=400839446&amp;idx=1&amp;sn=83860bb74170bf9577106070d200c2e8&amp;mpshare=1&amp;scene=5&amp;srcid=1206NlUUt4NgioCTM7EMOXEg,å‘ˆåâ€”â€”å¤ç§°åŒè´¤é‡Œ,"å‘ˆ å â€”â€” å¤ ç§° åŒ è´¤é‡Œ
",1
http://mp.weixin.qq.com/s?__biz=MzIyNDA4NDIxMA==&amp;mid=400999789&amp;idx=1&amp;sn=447610095c2c31deab4674b19480e27d&amp;mpshare=1&amp;scene=5&amp;srcid=1206hu8JbZu0ZGVFAX9JGI9E,å¾½å·æ–‡åŒ– | ä¹¦è‹‘æ˜¥ç§‹ï¼ˆä¸‹ï¼‰,"å¾½å· æ–‡åŒ– | ä¹¦è‹‘ æ˜¥ç§‹ ï¼ˆ ä¸‹ ï¼‰
",1
http://mp.weixin.qq.com/s?__biz=MzIyNDA4NDIxMA==&amp;mid=400955494&amp;idx=1&amp;sn=6f7db33916d70c2ffc09d05e31b54359&amp;mpshare=1&amp;scene=5&amp;srcid=12066ZNkxIu9kpDv6zYTMv0w,å¾½å·æ–‡åŒ– | ä¹¦è‹‘æ˜¥ç§‹ï¼ˆä¸Šï¼‰,"å¾½å· æ–‡åŒ– | ä¹¦è‹‘ æ˜¥ç§‹ ï¼ˆ ä¸Š ï¼‰
",1
http://mp.weixin.qq.com/s?__biz=MzIyNDA4NDIxMA==&amp;mid=401154968&amp;idx=1&amp;sn=889710238247cbb3ca0506e22ceb6899&amp;mpshare=1&amp;scene=5&amp;srcid=1206gewC8uY1TQU7cRbgiUJT,å¾½å·æ–‡åŒ– | ä¸‡å®‰ç½—ç›˜,"å¾½å· æ–‡åŒ– | ä¸‡å®‰ ç½— ç›˜
",1
http://mp.weixin.qq.com/s?__biz=MzIyNDA4NDIxMA==&amp;mid=401194367&amp;idx=1&amp;sn=a0708dc3d5e7b9e24a02fbb6d76fe392&amp;mpshare=1&amp;scene=5&amp;srcid=1206AS7h4e1VkGWh98O1381N,å¾½å·æ–‡åŒ– | ç¥å¥‡è¿ä½“å¤æ°‘å±…â€”â€”å…³éº“,"å¾½å· æ–‡åŒ– | ç¥å¥‡ è¿ä½“ å¤ æ°‘å±… â€”â€” å…³éº“
",1
http://mp.weixin.qq.com/s?__biz=MzI3MDE3MjkwOQ==&amp;mid=403208193&amp;idx=1&amp;sn=d6bd0135f963926e3b96c1369e35b700&amp;mpshare=1&amp;scene=5&amp;srcid=1203TuvThaJ26NiTXEbSHkkb,ç»©æºªç¾,"ç»©æºª ç¾
",1
http://mp.weixin.qq.com/s?__biz=MzI3MDE3MjkwOQ==&amp;mid=403441638&amp;idx=1&amp;sn=2b4ceb372000fc11d8a377a004aa9583&amp;mpshare=1&amp;scene=5&amp;srcid=1203FChcUT0yiCKdZ8CLXT7T,å¾½å·çš„æ˜¥å¤©,"å¾½å· çš„ æ˜¥å¤©
",1
http://mp.weixin.qq.com/s?__biz=MzI3MDE3MjkwOQ==&amp;mid=2650926642&amp;idx=1&amp;sn=aca648f6b2cc1518317fcbd9e832d676&amp;mpshare=1&amp;scene=5&amp;srcid=1203knd4nWa1p80gHvC31ey1,å¾½å·æ–‡çŒ® å…³ç…§å‰ä¸–ä»Šç”Ÿ,"å¾½å· æ–‡çŒ® å…³ç…§ å‰ä¸– ä»Šç”Ÿ
",1
http://mp.weixin.qq.com/s?__biz=MzI3MDE3MjkwOQ==&amp;mid=2650926983&amp;idx=1&amp;sn=e092739eeb8e0512b6dcc568a274d863&amp;mpshare=1&amp;scene=5&amp;srcid=1203RTxQ329Q9X6SmJ2WG0oi,å¾½å·ä¼ ç»Ÿæ‘è½ä¹‹ä¸€,"å¾½å· ä¼ ç»Ÿ æ‘è½ ä¹‹ ä¸€
",1
http://mp.weixin.qq.com/s?__biz=MzI3MDM3NDY0Nw==&amp;mid=2247484386&amp;idx=1&amp;sn=bc87658c6583f5f3313fb44eb295f90e&amp;chksm=,å¤è€çš„ç¥ç§˜è¡Œä¸šï¼,"å¤è€ çš„ ç¥ç§˜ è¡Œä¸š ï¼
",1
http://mp.weixin.qq.com/s?__biz=MzIyOTQ4MjEyNA==&amp;mid=2247483775&amp;idx=1&amp;sn=30ed4eb8a4a9662d9cce61d13e4b376b&amp;chksm=,é˜…ä¸å°½çš„å¾½æ´¾å»ºç­‘ï¼Œå“ä¸å®Œçš„å¾½å·ä¸‰é›•,"é˜… ä¸ å°½ çš„ å¾½æ´¾ å»ºç­‘ ï¼Œ å“ ä¸ å®Œ çš„ å¾½å· ä¸‰ é›•
",1
http://mp.weixin.qq.com/s?__biz=MjM5MzQ0NTUyOA==&amp;mid=208984684&amp;idx=1&amp;sn=41d033a2c30080a8448f87d92c43e3ef&amp;mpshare=1&amp;scene=5&amp;srcid=1202qvibvLGI6FrDIXmik8Hh,å¾½å·è¿‘ç°ä»£ç”»å›å·¨åŒ â€”â€”é»„å®¾è™¹,"å¾½å· è¿‘ç°ä»£ ç”»å› å·¨åŒ  â€”â€” é»„å®¾è™¹
",1
http://mp.weixin.qq.com/s?__biz=MzIyOTQ4MjEyNA==&amp;mid=2247483716&amp;idx=1&amp;sn=632ec05815a338dd80bebb31f2894759&amp;mpshare=1&amp;scene=5&amp;srcid=1202jfF0XdqXk0QhW2htgkuw,ä¸­å›½æœ€ç¾ä¹¡æ‘ â€”â€” å©ºæº,"ä¸­å›½ æœ€ ç¾ ä¹¡æ‘ â€”â€” å©ºæº
",1
http://mp.weixin.qq.com/s?__biz=MzIyNDA4NDIxMA==&amp;mid=400754756&amp;idx=1&amp;sn=e0d69b86e699232c12f9e1c050477e0b&amp;mpshare=1&amp;scene=5&amp;srcid=1202EMCUOLbSBMFHGbLmuDMI,é»Ÿå¿å±å±±æ‘é£æ°´è§£æï¼Œä½ çŸ¥é“å—ï¼Ÿ,"é»Ÿå¿ å±å±± æ‘ é£æ°´ è§£æ ï¼Œ ä½  çŸ¥é“ å— ï¼Ÿ
",1
http://mp.weixin.qq.com/s?__biz=MzIyNDA4NDIxMA==&amp;mid=400922898&amp;idx=1&amp;sn=27767d925d8e70e902ed453a68ed5e5b&amp;mpshare=1&amp;scene=5&amp;srcid=1202QUbjozUjaMro02WZhn9X,å¾½å·æ–‡åŒ– | å¯¹å©ºæºä¼ ç»Ÿç¤¾ä¼šçš„æ·±åº¦è¿½æº¯,"å¾½å· æ–‡åŒ– |å¯¹ å©ºæº ä¼ ç»Ÿ ç¤¾ä¼š çš„ æ·±åº¦ è¿½æº¯
",1
http://mp.weixin.qq.com/s?__biz=MzIyNDA4NDIxMA==&amp;mid=401125093&amp;idx=1&amp;sn=739fbd55239d2945620ed67e23587630&amp;mpshare=1&amp;scene=5&amp;srcid=1202tCZ3XAkhJkWJSO7l42xQ,å¾½å·æ–‡åŒ– | å¾½ç­è¿›äº¬,"å¾½å· æ–‡åŒ– | å¾½ç­ è¿› äº¬
",1
http://mp.weixin.qq.com/s?__biz=MzI3MTAwNTA4NA==&amp;mid=2649742101&amp;idx=1&amp;sn=3a33ae18e105adee823e4953a1e491ce&amp;chksm=,ç§‹è‰² | å¡”å·ï¼Œç§‹å¤©çš„ç«¥è¯,"ç§‹è‰² |å¡” å· ï¼Œ ç§‹å¤© çš„ ç«¥è¯
",1
http://mp.weixin.qq.com/s?__biz=MzA5ODk2Nzg2Mw==&amp;mid=2691175637&amp;idx=3&amp;sn=f0a531af24a7134983ba0efa871f24bc&amp;chksm=,ğŸ”¥å‰å®³äº†æˆ‘çš„å¾½å·ï¼ä¸­è‹±æ–‡å®£ä¼ ç‰‡å‡ºç‚‰å•¦ï¼ç¾é†‰äº†,"ï¿½ï¿½ å‰å®³ äº† æˆ‘ çš„ å¾½å· ï¼ ä¸­ è‹±æ–‡ å®£ä¼  ç‰‡ å‡ºç‚‰ å•¦ ï¼ ç¾ é†‰äº†
",1
http://mp.weixin.qq.com/s?__biz=MzAwOTcxOTMzOQ==&amp;mid=2693996810&amp;idx=5&amp;sn=3f73dedbdfae3d8152899973fe46e56b&amp;chksm=,å¾½å·ï¼šä¸€ä¸ªåå­—å°±è®©å¤šå°‘äººé­‚ç‰µæ¢¦ç»•,"å¾½å· ï¼š ä¸€ä¸ª åå­— å°± è®© å¤šå°‘ äºº é­‚ç‰µæ¢¦ç»•
",1
http://mp.weixin.qq.com/s?__biz=MzIyNDA4NDIxMA==&amp;mid=400025713&amp;idx=1&amp;sn=3e030397a44ae1bfc71521b693ca5b80&amp;mpshare=1&amp;scene=5&amp;srcid=1023wvTPfOJJUg272WVvHOIZ,å¾½å•†å’Œå¾½å·æ–‡åŒ–çš„æ˜¯å¦‚ä½•èµ·æºçš„ï¼Ÿ,"å¾½å•† å’Œ å¾½å· æ–‡åŒ– çš„ æ˜¯ å¦‚ä½• èµ·æº çš„ ï¼Ÿ
",1
http://mp.weixin.qq.com/s?__biz=MzI4NTAyNjI0OA==&amp;mid=2649807046&amp;idx=1&amp;sn=adfbdf2737ea00b0d529eea73b675d46&amp;mpshare=1&amp;scene=5&amp;srcid=10095mWzIUhKBRJmgw2RnxVQ,æ®è¯´è¿™æ‰æ˜¯å¾½å·å¤åŸçš„æ­£ç¡®æ‰“å¼€æ–¹å¼ ã€å®Œæ•´ç‰ˆã€‘,"æ®è¯´ è¿™ æ‰ æ˜¯ å¾½å· å¤åŸ çš„ æ­£ç¡® æ‰“å¼€ æ–¹å¼ ã€ å®Œæ•´ç‰ˆ ã€‘
",1
http://mp.weixin.qq.com/s?__biz=MzIyNDA4NDIxMA==&amp;mid=400118871&amp;idx=1&amp;sn=61eefcba5f9441ff9dda5a1a2fdcecd4&amp;mpshare=1&amp;scene=5&amp;srcid=0919fhQQFfqfIMoYehJOpxcF,å¾½å·æ–‡åŒ– | èšæ—è€Œå±…ï¼Œæºè¿œæµé•¿,"å¾½å· æ–‡åŒ– |èš æ— è€Œ å±… ï¼Œ æºè¿œæµé•¿
",1
http://mp.weixin.qq.com/s?__biz=MzIyNDA4NDIxMA==&amp;mid=400290479&amp;idx=1&amp;sn=8d4aecaec32e854c31a02764d9ae76a1&amp;mpshare=1&amp;scene=5&amp;srcid=0919TvTQgrFQODaHJiy4AZ9n,å¾½å·æ–‡åŒ– | å¾½å·æ–‡äºº,"å¾½å· æ–‡åŒ– | å¾½å· æ–‡äºº
",1
http://mp.weixin.qq.com/s?__biz=MzI5MDM0NDA4Ng==&amp;mid=2247483948&amp;idx=1&amp;sn=41c2a247854f90b8c51b47cdbceca5d3&amp;mpshare=1&amp;scene=5&amp;srcid=12017Fe3VJoZREYesKL9rh6m,å¾½å·æ–‡åŒ–çš„ç‰¹ç‚¹ï¼ˆå¾½å·æ–‡åŒ–ç³»åˆ—ä¹‹å››ï¼‰,"å¾½å· æ–‡åŒ– çš„ ç‰¹ç‚¹ ï¼ˆ å¾½å· æ–‡åŒ– ç³»åˆ— ä¹‹å›› ï¼‰
",1
http://mp.weixin.qq.com/s?__biz=MzI5MDM0NDA4Ng==&amp;mid=2247483841&amp;idx=1&amp;sn=585a6b0c7d177e8a8b2fcd077261b8df&amp;mpshare=1&amp;scene=5&amp;srcid=0919p8fM6GKXJyKe9h4WAUdQ,å¾½å·æ–‡åŒ–ç®€å²ï¼ˆå¾½å·æ–‡åŒ–ç³»åˆ—ä¹‹ä¸€ï¼‰,"å¾½å· æ–‡åŒ– ç®€å² ï¼ˆ å¾½å· æ–‡åŒ– ç³»åˆ— ä¹‹ä¸€ ï¼‰
",1
http://mp.weixin.qq.com/s?__biz=MzI0NTAxOTMxMQ==&amp;mid=2650940549&amp;idx=4&amp;sn=34073da75461b319a864b5b07e7a2502&amp;mpshare=1&amp;scene=5&amp;srcid=0919dWnAWdDYcYwO9nxRvdod,å†è°ˆå¾½å·æ–‡åŒ–,"å†è°ˆ å¾½å· æ–‡åŒ–
",1
http://mp.weixin.qq.com/s?__biz=MjM5MzQ0NTUyOA==&amp;mid=2649755106&amp;idx=1&amp;sn=b9fcaaa894aeb460030aea2dbc8ec10e&amp;chksm=,æ¡ƒæºå¤ç¥  éº’éºŸç‘è±¡,"æ¡ƒæºå¤ç¥  éº’éºŸ ç‘è±¡
",1
http://mp.weixin.qq.com/s?__biz=MjM5MzQ0NTUyOA==&amp;mid=2649755090&amp;idx=1&amp;sn=66fc7bb0019551629676d720fe54c86c&amp;chksm=,ç«‹æ˜¥ ç§‹æµ¦å½“æ­Œ,"ç«‹æ˜¥ ç§‹ æµ¦ å½“æ­Œ
",1
http://mp.weixin.qq.com/s?__biz=MjM5OTc1NDAxMg==&amp;mid=2652059848&amp;idx=1&amp;sn=7d39af6eae7ea27e4f942624a08efa01&amp;chksm=,ğŸŒ·å°è±¡æ­™å¿å–èŠ±æ¸”æ‘,"ï¿½ï¿½ å°è±¡ æ­™å¿ å–èŠ± æ¸”æ‘
",1
http://mp.weixin.qq.com/s?__biz=MzA4NDI0MzMwNA==&amp;mid=2650179278&amp;idx=1&amp;sn=95308beabf682e44665ca64b43a19ff6&amp;chksm=,é™Œä¸ŠèŠ±å¼€ç¼“ç¼“å½’ æ°´å¢¨å¾½å·çµå±±æ‘,"é™Œä¸Š èŠ± å¼€ ç¼“ç¼“ å½’ æ°´å¢¨ å¾½å· çµ å±±æ‘
",1
http://mp.weixin.qq.com/s?__biz=MjM5OTc1NDAxMg==&amp;mid=2652059870&amp;idx=1&amp;sn=a29af33834fa074fee71f0c11504367a&amp;chksm=,æ­™å¿å¾½åŸé•‡å—å±æ‘æ‘å²,"æ­™å¿ å¾½ åŸé•‡ å—å± æ‘æ‘ å²
",1
http://mp.weixin.qq.com/s?__biz=MzI3MTAwNTA4NA==&amp;mid=2649742765&amp;idx=1&amp;sn=0c850a2db3c72eb7644a9e302094c8e3&amp;chksm=,ã€å¾½å·ç™¾æ‘ã€‘å°æ¡¥æµæ°´äººå®¶åœ¨æå‘,"ã€ å¾½å· ç™¾ æ‘ ã€‘ å°æ¡¥æµæ°´ äººå®¶ åœ¨ æ å‘
",1
http://mp.weixin.qq.com/s?__biz=MjM5MzQ0NTUyOA==&amp;mid=202951473&amp;idx=1&amp;sn=0ff17b07c5eefdd683d82de9db9a1ef1&amp;mpshare=1&amp;scene=5&amp;srcid=01316ipLt1XDEb0hYb6yDrfJ,é›ªåº„æ‚Ÿå…¬å°è¿¹ ä¹‹äºŒ,"é›ª åº„ æ‚Ÿ å…¬ å°è¿¹ ä¹‹ äºŒ
",1
http://mp.weixin.qq.com/s?__biz=MjM5MzQ0NTUyOA==&amp;mid=203083403&amp;idx=1&amp;sn=6bba0e4043f336d7dc10a3ea8a32f4c2&amp;mpshare=1&amp;scene=5&amp;srcid=0131RTg9TKkbHdtUzBzYYyiW,é›ªåº„æ‚Ÿå…¬å°è¿¹ ä¹‹ä¸‰,"é›ª åº„ æ‚Ÿ å…¬ å°è¿¹ ä¹‹ ä¸‰
",1
http://mp.weixin.qq.com/s?__biz=MjM5MzQ0NTUyOA==&amp;mid=208193567&amp;idx=2&amp;sn=e2a1178ac0cce094a1d02a30df964a5d&amp;mpshare=1&amp;scene=5&amp;srcid=0131HCek7SnyzOMGZLprLl7K,å¾½é¥¶å¤é“ å¤§å±±äººå®¶,"å¾½ é¥¶ å¤é“ å¤§å±± äººå®¶
",1
http://mp.weixin.qq.com/s?__biz=MjM5MzQ0NTUyOA==&amp;mid=208206653&amp;idx=1&amp;sn=a1b631a85e734424b5bd66b79013bee1&amp;mpshare=1&amp;scene=5&amp;srcid=0131CgorvPgCxxrFpNzAEQtO,è™šè°·çš„å…ˆé”‹æ„è¯†,"è™š è°· çš„ å…ˆé”‹ æ„è¯†
",1
http://mp.weixin.qq.com/s?__biz=MjM5MzQ0NTUyOA==&amp;mid=208672269&amp;idx=1&amp;sn=7a12206f404d819ae3185d5bdf610ff6&amp;mpshare=1&amp;scene=5&amp;srcid=01313gZv4ScaKfmtZWpsC7uC,å¾½å·ç”»å›è¿‘ç°ä»£â€œå››å¤§å®¶â€ä¹‹æ±ªé‡‡ç™½,"å¾½å· ç”»å› è¿‘ç°ä»£ â€œ å›› å¤§ å®¶ â€ ä¹‹ æ±ª é‡‡ç™½
",1
http://mp.weixin.qq.com/s?__biz=MzI3MTAwNTA4NA==&amp;mid=2649742878&amp;idx=1&amp;sn=61a637c850416b3548b8a1a335530308&amp;chksm=,ã€å¾½å·ç™¾æ‘ã€‘æ¢…èŠ±é¦™è‡ªå–èŠ±æ¸”æ‘,"ã€ å¾½å· ç™¾ æ‘ ã€‘ æ¢…èŠ± é¦™ è‡ªå– èŠ± æ¸”æ‘
",1
http://mp.weixin.qq.com/s?__biz=MjM5MzQ0NTUyOA==&amp;mid=208920767&amp;idx=1&amp;sn=34dd2eedae0652297120588cb1532c62&amp;mpshare=1&amp;scene=5&amp;srcid=0131PdTcyVgGXTangAQNLXuA,å¾½å·ç”»å›è¿‘ç°ä»£â€œå››å¤§å®¶â€ä¹‹è™šè°·,"å¾½å· ç”»å› è¿‘ç°ä»£ â€œ å›› å¤§ å®¶ â€ ä¹‹ è™š è°·
",1
http://mp.weixin.qq.com/s?__biz=MjM5MzQ0NTUyOA==&amp;mid=209051110&amp;idx=1&amp;sn=02bb18031758aaa8bf47ffe2ae559bc7&amp;mpshare=1&amp;scene=5&amp;srcid=01317fl3oWfMg8FB2t561SWr,è¿‘ç°ä»£ç”»å›â€œæ–°å®‰å››å¤§å®¶â€ä¹‹æ±ªæ…ç”Ÿ,"è¿‘ç°ä»£ ç”»å› â€œ æ–°å®‰ å›› å¤§ å®¶ â€ ä¹‹ æ±ª æ…ç”Ÿ
",1
http://mp.weixin.qq.com/s?__biz=MjM5MzQ0NTUyOA==&amp;mid=400740696&amp;idx=1&amp;sn=6e21c6f180d92fd2116a1498725410a2&amp;mpshare=1&amp;scene=5&amp;srcid=01312V59Y2QajP0UfWocXHqo,å¾½å·å”çš‹çš„åŠ±å¿—æ•…äº‹,"å¾½å· å” çš‹çš„ åŠ±å¿— æ•…äº‹
",1
http://mp.weixin.qq.com/s?__biz=MjM5MzQ0NTUyOA==&amp;mid=400795801&amp;idx=1&amp;sn=513208114b45da7ef9db1bd933703a2a&amp;mpshare=1&amp;scene=5&amp;srcid=0131hzwlMEISLBPrrL5y4UoU,å¾½å·å”çš‹çš„åŠä¸–æ•…äº‹,"å¾½å· å”çš‹ çš„ åŠ ä¸–æ•… äº‹
",1
http://mp.weixin.qq.com/s?__biz=MjM5MzQ0NTUyOA==&amp;mid=400904153&amp;idx=1&amp;sn=66cdd4c90be3819435a46ebae4538110&amp;mpshare=1&amp;scene=5&amp;srcid=0131RR2dJ2fJSJ7dkn17KvGp,å¾½å·å”çš‹çš„ç»ä¸–å¯¹è”,"å¾½å· å”çš‹ çš„ ç»ä¸– å¯¹ è”
",1
http://mp.weixin.qq.com/s?__biz=MjM5MzQ0NTUyOA==&amp;mid=400915726&amp;idx=1&amp;sn=c4b422e5fb0e6859b3edfe8915434606&amp;mpshare=1&amp;scene=5&amp;srcid=0131kmLPE7K8T5e632KjAgMA,å”çš‹çš„ä¸¤ä¸ªå¥‡å¦™æ¢¦å¢ƒ,"å”çš‹ çš„ ä¸¤ ä¸ª å¥‡å¦™ æ¢¦å¢ƒ
",1
http://mp.weixin.qq.com/s?__biz=MjM5MzQ0NTUyOA==&amp;mid=402271173&amp;idx=1&amp;sn=6357fb74b4a4299424a94ef1d5f5ed1a&amp;mpshare=1&amp;scene=5&amp;srcid=0131rcrgb8W1btLhvT4alZFv,æ”¾é£ç¯ ä¸Šæœˆå®«,"æ”¾ é£ç¯ ä¸Š æœˆå®«
",1
http://mp.weixin.qq.com/s?__biz=MjM5MzQ0NTUyOA==&amp;mid=2649754892&amp;idx=1&amp;sn=b499060c5a4f089a2d61043b11b99610&amp;mpshare=1&amp;scene=5&amp;srcid=0131OGCDa78mjwky5HQTGBcN,å¾½å·æ‘è½â€”â€”é£æ°´çš„â€œç†æƒ³å›½â€ï¼ˆä¸€ï¼‰,"å¾½å· æ‘è½ â€”â€” é£æ°´ çš„ â€œ ç†æƒ³å›½ â€ ï¼ˆ ä¸€ ï¼‰
",1
http://mp.weixin.qq.com/s?__biz=MjM5MzQ0NTUyOA==&amp;mid=2649754967&amp;idx=1&amp;sn=458523ad46dd07769a31417345f5cc98&amp;mpshare=1&amp;scene=5&amp;srcid=01316nVYIiP3YTbYpWubcxlG,ç‹®å­æ—ä¸­ç§‹å¤œè¯,"ç‹®å­ æ—ä¸­ ç§‹ å¤œè¯
",1
http://mp.weixin.qq.com/s?__biz=MzI3MDM3NDY0Nw==&amp;mid=2247484781&amp;idx=1&amp;sn=a66532961028a64b120a6f8ea224251a&amp;chksm=,å¾½å·ä¸‡è±¡ï½œæ˜¥æš–èŠ±å¼€ï¼Œä½•ä¸æ¥åœºå¯»â€œæ ¹â€ä¹‹æ—…,"å¾½å· ä¸‡è±¡ ï½œ æ˜¥æš–èŠ±å¼€ ï¼Œ ä½• ä¸ æ¥ åœº å¯» â€œ æ ¹ â€ ä¹‹ æ—…
",1
http://mp.weixin.qq.com/s?__biz=MjM5MzQ0NTUyOA==&amp;mid=2649755036&amp;idx=1&amp;sn=c2b4f12898404c256169f4e5f7b4612f&amp;chksm=,ç»©æºªç™»æºæ²³å…‰å½±æ¼«å™,"ç»©æºª ç™» æº æ²³ å…‰å½± æ¼« å™
",1
http://mp.weixin.qq.com/s?__biz=MjM5MzQ0NTUyOA==&amp;mid=2649755049&amp;idx=1&amp;sn=c061380bfe96305342aa3816c13c126a&amp;chksm=,å†¬å­£é»„å±±ä¿®è¡Œæ¼«è¯­,"å†¬å­£ é»„å±± ä¿®è¡Œ æ¼«è¯­
",1
http://mp.weixin.qq.com/s?__biz=MzIyOTQ4MjEyNA==&amp;mid=2247483768&amp;idx=1&amp;sn=b56bcb2133bc3cb5c4561621eb4bd18e&amp;mpshare=1&amp;scene=5&amp;srcid=0131NVU4vDPXgPRrTHiplgJ4,ä¸­ç§‹ç‰¹åˆŠ | å¾½å·å„å¿çš„ä¸­ç§‹è€ä¹ ä¿—,"ä¸­ç§‹ ç‰¹åˆŠ | å¾½å· å„ å¿ çš„ ä¸­ç§‹ è€ ä¹ ä¿—
",1
http://mp.weixin.qq.com/s?__biz=MzIyOTQ4MjEyNA==&amp;mid=2247483798&amp;idx=1&amp;sn=6029e81667d0c6b1db6d0362ab1c33da&amp;chksm=,å®‹ä»£ä»¥æ¥ä¸­å›½æ€æƒ³æ–‡åŒ–å‘å±•çº¿ç´¢â€”â€”ä¸‰ä¸ªå¾½å·äººï¼šæœ±ç†¹ã€æˆ´éœ‡å’Œèƒ¡é€‚,"å®‹ä»£ ä»¥æ¥ ä¸­å›½ æ€æƒ³ æ–‡åŒ– å‘å±• çº¿ç´¢ â€”â€” ä¸‰ ä¸ª å¾½å· äºº ï¼š æœ±ç†¹ ã€ æˆ´éœ‡ å’Œ èƒ¡ é€‚
",1
http://mp.weixin.qq.com/s?__biz=MzIyOTQ4MjEyNA==&amp;mid=2247483771&amp;idx=1&amp;sn=f98bb48f347310572f1778411c38c3b8&amp;chksm=,å¾½å·å¤äº•ï¼Œæ·±è—äº†å¤šå°‘å†å²å¾€äº‹,"å¾½å· å¤äº• ï¼Œ æ·± è— äº† å¤šå°‘ å†å² å¾€äº‹
",1
http://mp.weixin.qq.com/s?__biz=MzIyOTQ4MjEyNA==&amp;mid=2247483787&amp;idx=1&amp;sn=0638aea4f49c2e45cbbd539a797ede8d&amp;chksm=,æ¯•æ˜‡çš„ä¼ æ‰¿â€”â€”æ¢å¯»æ´»å­—å°åˆ·æœ¯çš„ç¾,"æ¯•æ˜‡ çš„ ä¼ æ‰¿ â€”â€” æ¢å¯» æ´»å­— å°åˆ·æœ¯ çš„ ç¾
",1
http://mp.weixin.qq.com/s?__biz=MzA3MTEyNjk0Nw==&amp;mid=402536189&amp;idx=1&amp;sn=d07bf66bc7866d37404472d94f992e8b&amp;mpshare=1&amp;scene=5&amp;srcid=0131bhxeV4EgP8rZCnLzGEdx,å„’é‡Šé“ä¸‰æ•™å’Œè°å…±å¤„çš„å±å±±æ‘,"å„’é‡Šé“ ä¸‰æ•™ å’Œè° å…±å¤„ çš„ å±å±± æ‘
",1
http://mp.weixin.qq.com/s?__biz=MzA3MTEyNjk0Nw==&amp;mid=402581191&amp;idx=1&amp;sn=c8f5a3ff6f41a977cafd41d351c2c3e0&amp;mpshare=1&amp;scene=5&amp;srcid=0131kRqnedeTq3yZ5zlhN4rQ,å¾½å·çš„ä¸€ä½æ‚²æƒ…æ–‡äºº,"å¾½å· çš„ ä¸€ ä½ æ‚²æƒ… æ–‡äºº
",1
http://mp.weixin.qq.com/s?__biz=MzA3MTEyNjk0Nw==&amp;mid=402685406&amp;idx=1&amp;sn=8127b6de844b319c8d34b659ed72b80c&amp;mpshare=1&amp;scene=5&amp;srcid=0131jThaI7Kvj026syOLC4yA,å¾½å·å†å²å¹´ä»£æ­Œ,"å¾½å· å†å² å¹´ä»£ æ­Œ
",1
http://mp.weixin.qq.com/s?__biz=MzA3MTEyNjk0Nw==&amp;mid=403349313&amp;idx=1&amp;sn=625122815cba2364bef7b7c41f9eae0e&amp;mpshare=1&amp;scene=5&amp;srcid=0131RVnEFike8EjNFSmaLRIJ,å…‰å‰è£•åçš„å¾½å·å ‚å·,"å…‰å‰è£•å çš„ å¾½å· å ‚å·
",1
http://mp.weixin.qq.com/s?__biz=MzA3MTEyNjk0Nw==&amp;mid=2651808473&amp;idx=1&amp;sn=f59672ec119517e897b96cee4e1ad404&amp;mpshare=1&amp;scene=5&amp;srcid=0131ptYa3T5J5YCsDfhb9jDK,å¤ªå¹³ï¼Œä»å¾½æ–‡åŒ–æœ‹å‹åœˆè¿›å…¥å¤§å®¶åº­,"å¤ªå¹³ ï¼Œ ä» å¾½ æ–‡åŒ– æœ‹å‹ åœˆ è¿›å…¥ å¤§å®¶åº­
",1
http://mp.weixin.qq.com/s?__biz=MzA3MTEyNjk0Nw==&amp;mid=2651808484&amp;idx=1&amp;sn=02417d6ea819f848a4ff8180a0b2852d&amp;mpshare=1&amp;scene=5&amp;srcid=0131oRidRbatEal6f33coqMC,å†å²ä¸Šå¾½å·æ–‡åŒ–çš„å‡ æ¬¡å¤§æµ©åŠ«,"å†å² ä¸Š å¾½å· æ–‡åŒ– çš„ å‡  æ¬¡ å¤§ æµ©åŠ«
",1
http://mp.weixin.qq.com/s?__biz=MzA3MTEyNjk0Nw==&amp;mid=2651808492&amp;idx=1&amp;sn=6d107d5f4adc6de496d9f5b5d1492f6d&amp;mpshare=1&amp;scene=5&amp;srcid=0131VF4mwDlsWjTSZfnAozwa,å¹¿å¾·ã€çŸ³å°æ›¾å±äºå¤å¾½å·å—ï¼Ÿ,"å¹¿å¾· ã€ çŸ³å° æ›¾ å±äº å¤ å¾½å· å— ï¼Ÿ
",1
http://mp.weixin.qq.com/s?__biz=MzA3MTEyNjk0Nw==&amp;mid=2651808540&amp;idx=1&amp;sn=e975b1c36d1d3d3efb6f0a2559836bfa&amp;mpshare=1&amp;scene=5&amp;srcid=0131nOMtX69BG29u9zlpBHOj,è®©äººçœ¼é‡Œå¸¸å«æ³ªæ°´çš„å¾½å·DNA,"è®© äºº çœ¼é‡Œ å¸¸ å«æ³ª æ°´ çš„ å¾½å· D N A
",1
http://mp.weixin.qq.com/s?__biz=MzA3MTEyNjk0Nw==&amp;mid=2651808569&amp;idx=1&amp;sn=8b97067caaad5c028d919e5a1b916eba&amp;mpshare=1&amp;scene=5&amp;srcid=01312x8eVpjdRVmUscpK4jjP,â€œå¾½â€å­—è—ç€çš„å†å²å¯†ç ,"â€œ å¾½ â€ å­— è— ç€ çš„ å†å² å¯†ç 
",1
http://mp.weixin.qq.com/s?__biz=MzA3MTEyNjk0Nw==&amp;mid=2651808583&amp;idx=1&amp;sn=ced8b392b6e3a0a448ce877d370a8059&amp;mpshare=1&amp;scene=5&amp;srcid=0131v56o88TR8dPgmPV1Mh97,å¾½å·å†å²ä¸Šçš„å†œæ°‘èµ·ä¹‰æ–—äº‰,"å¾½å· å†å² ä¸Š çš„ å†œæ°‘ èµ·ä¹‰ æ–—äº‰
",1
http://mp.weixin.qq.com/s?__biz=MzA3MTEyNjk0Nw==&amp;mid=2651808611&amp;idx=1&amp;sn=a9abd0f384280443d3bb36d1230c9a78&amp;mpshare=1&amp;scene=5&amp;srcid=0131g36V3RAFS8zC7wEywvdj,å“ªå‡ ä»¶äº‹æ”¹å˜äº†å¾½å·å†å²è¿›ç¨‹ï¼Ÿ,"å“ª å‡  ä»¶ äº‹ æ”¹å˜ äº† å¾½å· å†å² è¿›ç¨‹ ï¼Ÿ
",1
http://mp.weixin.qq.com/s?__biz=MzA3MTEyNjk0Nw==&amp;mid=2651808625&amp;idx=1&amp;sn=d7de56a9cc18e7d12c17b525535504bf&amp;mpshare=1&amp;scene=5&amp;srcid=01317thCx9w0pfaSd1MVuGNu,å¾½å·çš„é¾™è„‰ä¸‰å¤©å­é„£å³é»„å±±å±±è„‰,"å¾½å· çš„ é¾™è„‰ ä¸‰ å¤©å­é„£ å³ é»„å±± å±±è„‰
",1
http://mp.weixin.qq.com/s?__biz=MzI3MTAwNTA4NA==&amp;mid=2649742845&amp;idx=1&amp;sn=c3299ff0f5d69e6ad14cd728cbe005fd&amp;chksm=,ä¹±èŠ±æ¸æ¬²è¿·äººçœ¼  é»„å±±åˆæ˜¥èµèŠ±æ”»ç•¥,"ä¹± èŠ± æ¸ æ¬² è¿·äºº çœ¼ é»„å±± åˆæ˜¥ èµèŠ± æ”»ç•¥
",1
http://mp.weixin.qq.com/s?__biz=MzA3MTEyNjk0Nw==&amp;mid=2651808654&amp;idx=1&amp;sn=c3713f55b8e942124fa1784bc6d261c9&amp;mpshare=1&amp;scene=5&amp;srcid=0131fLBgYxT9XKIi3oVkCvHd,â€œä¸¤åº§é»Ÿå±±â€ä¹‹å›°æƒ‘,"â€œ ä¸¤ åº§ é»Ÿå±± â€ ä¹‹ å›°æƒ‘
",1
http://mp.weixin.qq.com/s?__biz=MzA3MTEyNjk0Nw==&amp;mid=2651808666&amp;idx=1&amp;sn=325627f008dd6093404ab72258e724f0&amp;mpshare=1&amp;scene=5&amp;srcid=0131FTEs5gFcwolLcdvk8s2T,ç¿°æ—å´å­”å˜‰ä¸å¤©å¯ä¸™å¯…ä¹‹ç‹±,"ç¿°æ— å´ å­” å˜‰ ä¸ å¤©å¯ ä¸™å¯… ä¹‹ ç‹±
",1
http://mp.weixin.qq.com/s?__biz=MzA3MTEyNjk0Nw==&amp;mid=2651808725&amp;idx=1&amp;sn=2c9f0f42da916964bbd744066698e9c6&amp;chksm=,å¾½å·å†å²ä¸Šçš„å¦ç±»äººæ‰,"å¾½å· å†å² ä¸Š çš„ å¦ ç±» äººæ‰
",1
http://mp.weixin.qq.com/s?__biz=MzI3MTAwNTA4NA==&amp;mid=2649742519&amp;idx=1&amp;sn=fd79a4ff264a874e20820081b7f845c7&amp;chksm=,ã€å¾½å·ç™¾æ‘ã€‘èˆæºï¼Œæ‹è§’çš„å¦ä¸€å¤„æ·³æœ´,"ã€ å¾½å· ç™¾ æ‘ ã€‘ èˆæº ï¼Œ æ‹è§’ çš„ å¦ ä¸€ å¤„ æ·³æœ´
",1
http://mp.weixin.qq.com/s?__biz=MzI3MTAwNTA4NA==&amp;mid=2649742528&amp;idx=1&amp;sn=034cc3c27ce20235752632fb796c75ac&amp;chksm=,æ¸…åæ´ªæ‘ | ä¹¾éš†ä¸‹æ±Ÿå—é¢˜ä¹¦çš„é•¿å¯¿å¤é‡Œ,"æ¸…å æ´ªæ‘ | ä¹¾éš† ä¸‹ æ±Ÿå— é¢˜ ä¹¦ çš„ é•¿å¯¿å¤é‡Œ
",1
http://mp.weixin.qq.com/s?__biz=MzI3MTAwNTA4NA==&amp;mid=2649742534&amp;idx=1&amp;sn=a93fb7a47b53f274e970e44604a95810&amp;chksm=,è¥¿æºªå— | ä¸€å·å‡å›ºåœ¨å±±æ°´é—´çš„æ°´å¢¨ä¸¹é’,"è¥¿ æºª å—| ä¸€ å· å‡å›º åœ¨ å±±æ°´ é—´ çš„ æ°´å¢¨ ä¸¹é’
",1
http://mp.weixin.qq.com/s?__biz=MzI3MTAwNTA4NA==&amp;mid=2649742556&amp;idx=1&amp;sn=9887fb9d3d2c2474f8d87fba24a67d9a&amp;chksm=,äº‘å±±é›¾ç½©åå…«æ‹ï¼Œé£é›¨ç©¿è¡Œéœå‘å¤é“,"äº‘å±±é›¾ç½© åå…« æ‹ ï¼Œ é£é›¨ ç©¿è¡Œ éœ å‘ å¤é“
",1
http://mp.weixin.qq.com/s?__biz=MzI3MTAwNTA4NA==&amp;mid=2649742576&amp;idx=1&amp;sn=36127611951f73fb76fc227b7f742a39&amp;chksm=,ã€å¾½å·ç™¾æ‘ã€‘ç»ç‰ˆæ±ªæ‘,"ã€ å¾½å· ç™¾ æ‘ ã€‘ ç»ç‰ˆ æ±ª æ‘
",1
http://mp.weixin.qq.com/s?__biz=MzA4MzM5MzEzMg==&amp;mid=2652072885&amp;idx=1&amp;sn=22ca58edd8446b8eed84a99ff78599bd&amp;chksm=,ä¸­å›½å¾½å·Â·å¤©ä¸Šçµå±±å…±è¿å¥ åŸºåº†å…¸,"ä¸­å›½ å¾½å· Â· å¤©ä¸Š çµå±± å…± è¿ å¥ åŸº åº†å…¸
",1
http://mp.weixin.qq.com/s?__biz=MzI3MTAwNTA4NA==&amp;mid=2649742637&amp;idx=1&amp;sn=4b8ae5e1a60a866284f58131c7e79741&amp;chksm=,å¾½å­¦çš„å½±å“åŠ›,"å¾½å­¦ çš„ å½±å“åŠ›
",1
http://mp.weixin.qq.com/s?__biz=MzI3MDM3NDY0Nw==&amp;mid=2247484482&amp;idx=1&amp;sn=906a01342dc7394488e0db382b3c9c4b&amp;chksm=,å¥¹â€œè‡­åè¿œæ‰¬â€ï¼Œå´æœ‰æ•°äº¿ç²‰ä¸ï¼,"å¥¹ â€œ è‡­åè¿œæ‰¬ â€ ï¼Œ å´ æœ‰ æ•°äº¿ ç²‰ä¸ ï¼
",1
http://mp.weixin.qq.com/s?__biz=MzI3MDM3NDY0Nw==&amp;mid=2247484507&amp;idx=1&amp;sn=76840902b0090773ba3572bd69e62908&amp;chksm=,ä¸ºäººä¿®èº«å¾·ä¸ºé¦–ï¼Œè®©ä»–ä¸‰å°ºåˆä½•å¦¨,"ä¸ºäºº ä¿®èº« å¾· ä¸º é¦– ï¼Œ è®© ä»– ä¸‰ å°º åˆ ä½•å¦¨
",1
http://mp.weixin.qq.com/s?__biz=MzI3MDM3NDY0Nw==&amp;mid=2247484588&amp;idx=1&amp;sn=7b8527db5705906bfd3a11fa546f51b4&amp;chksm=,å¾½å•†ä¸æœ¨å¤´çš„ç›¸çˆ±ç›¸ç”Ÿ,"å¾½å•† ä¸ æœ¨å¤´ çš„ ç›¸çˆ± ç›¸ç”Ÿ
",1
http://mp.weixin.qq.com/s?__biz=MzI3MDM3NDY0Nw==&amp;mid=2247484612&amp;idx=1&amp;sn=d96401eb611ece48061424f2852d3550&amp;chksm=,å¾½å·ä¸‡è±¡ï½œå¹´å‘³â€œå­—è±†ç³–â€,"å¾½å· ä¸‡è±¡ ï½œ å¹´ å‘³ â€œ å­— è±† ç³– â€
",1
http://mp.weixin.qq.com/s?__biz=MzI3MDM3NDY0Nw==&amp;mid=2247484627&amp;idx=1&amp;sn=20d0352394242f7231da25bbcfe915f9&amp;chksm=,å¾½å·ä¸‡è±¡ï½œåœ¨æ—¶é—´ä¸­æ²‰æ·€çš„å¾½å‘³,"å¾½å· ä¸‡è±¡ ï½œ åœ¨ æ—¶é—´ ä¸­ æ²‰æ·€ çš„ å¾½å‘³
",1
http://mp.weixin.qq.com/s?__biz=MzI3MDM3NDY0Nw==&amp;mid=2247484541&amp;idx=1&amp;sn=0c6645eba13ab34dd303068a61ee07c8&amp;chksm=,å¾½å·ä¸‡è±¡ï½œ æŒ‡å°–ä¸Šçš„èŠ­è•¾,"å¾½å· ä¸‡è±¡ ï½œ æŒ‡å°– ä¸Š çš„ èŠ­è•¾
",1
http://mp.weixin.qq.com/s?__biz=MzI3MDM3NDY0Nw==&amp;mid=2247484765&amp;idx=1&amp;sn=0ec2f0d5f87b22bc24d6e3581bddc629&amp;chksm=,å¾½å·ä¸‡è±¡ï½œå¤§å±±ç”Ÿæ´»çš„å£°éŸ³,"å¾½å· ä¸‡è±¡ ï½œ å¤§ å±± ç”Ÿæ´» çš„ å£°éŸ³
",1
http://mp.weixin.qq.com/s?__biz=MzI3MDM3NDY0Nw==&amp;mid=2247484653&amp;idx=1&amp;sn=df54939bf08b89c27c32529c9040fddf&amp;chksm=,å¾½å·ä¸‡è±¡ï½œâ€œèƒ½åƒçš„å¾½å¢¨â€ï¼Ÿ,"å¾½å· ä¸‡è±¡ï½œ â€œ èƒ½ åƒ çš„ å¾½å¢¨ â€ ï¼Ÿ
",1
http://mp.weixin.qq.com/s?__biz=MzI3MDM3NDY0Nw==&amp;mid=2247484666&amp;idx=1&amp;sn=3cfd8ab05ddc4baaa45201f45962a9c7&amp;chksm=,å¾½å·ä¸‡è±¡ï½œå¿ƒæ„æ·±æ—¶å¹´å‘³æµ“,"å¾½å· ä¸‡è±¡ ï½œ å¿ƒæ„ æ·± æ—¶å¹´ å‘³ æµ“
",1
http://mp.weixin.qq.com/s?__biz=MzA3MTEyNjk0Nw==&amp;mid=2651808898&amp;idx=1&amp;sn=8b8be6a2ab55b3f04b8653c71dc8ce66&amp;chksm=,è®²å¥½å¾½å·æ•…äº‹,"è®² å¥½ å¾½å· æ•…äº‹
",1
http://mp.weixin.qq.com/s?__biz=MzA5MzA0NTYxMw==&amp;mid=2658629238&amp;idx=1&amp;sn=848a72e1bccd91e3a6a7be01a1fe6fc5&amp;chksm=,å†è®¿æ™’è¢å¦ï¼šéšé€¸åœ¨å¤§å±±æ·±å¤„çš„â€œæ·©â€ï¼ˆä¸‰ç‚¹æ°´æ·©ï¼‰å§“èšé›†åœ°,"å† è®¿ æ™’ è¢å¦ ï¼š éšé€¸ åœ¨ å¤§å±± æ·±å¤„ çš„ â€œæ·© â€ ï¼ˆ ä¸‰ ç‚¹ æ°´æ·© ï¼‰ å§“ èšé›†åœ°
",1
http://mp.weixin.qq.com/s?__biz=MjM5ODU5NjQ4Ng==&amp;mid=2486509927&amp;idx=1&amp;sn=dc70b1c36641b805204bc2f7847531eb&amp;chksm=,â€œæ–°å®‰åäº”å§“â€å’Œâ€œå¾½å·å…«å¤§å§“â€ï¼Œæ‚¨çŸ¥é“å—ï¼Ÿ,"â€œ æ–°å®‰ åäº” å§“ â€ å’Œ â€œ å¾½å· å…«å¤§ å§“ â€ ï¼Œ æ‚¨ çŸ¥é“ å— ï¼Ÿ
",1
http://mp.weixin.qq.com/s?__biz=MzI3MDM3NDY0Nw==&amp;mid=2247484603&amp;idx=1&amp;sn=60e64a913da703f30152d887c2d42b9e&amp;chksm=,ç”Ÿæ´»ä¸æ­¢çœ¼å‰çš„è‹Ÿä¸”ï¼Œè¿˜æœ‰èŒ¶å’Œè¿œæ–¹,"ç”Ÿæ´» ä¸æ­¢ çœ¼å‰ çš„ è‹Ÿä¸” ï¼Œ è¿˜æœ‰ èŒ¶ å’Œ è¿œæ–¹
",1
http://mp.weixin.qq.com/s?__biz=MzA3MTEyNjk0Nw==&amp;mid=2651808903&amp;idx=1&amp;sn=da35ee5aad0133c9ea5deae9ec2d1080&amp;chksm=,è¯´é³–ï¼šæ˜æœå¾½å·ç¬¬ä¸€å†¤æ¡ˆ,"è¯´ é³– ï¼š æ˜æœ å¾½å· ç¬¬ä¸€ å†¤æ¡ˆ
",1
