url,title,segment,target,source
http://www.360doc.com/content/16/1010/15/28029384_597353740.shtml,听张脉贤先生说徽文化,"听 张 脉贤 先生 说 徽 文化
",1,cse
http://www.360doc.com/content/16/0617/22/7794234_568642540.shtml,没有徽州哪来安徽，哪来“徽文化”？,"没有 徽州 哪 来 安徽 ， 哪 来 “ 徽 文化 ” ？
",1,cse
http://www.360doc.com/content/16/0422/21/7839659_552956008.shtml,也说徽州｜徽文化：中国封建社会后期的典型标本,"也 说 徽州 ｜徽 文化 ： 中国 封建社会 后期 的 典型 标本
",1,cse
http://www.360doc.com/content/16/0520/14/4602914_560710378.shtml,徽文化之旅（皖南行之一）,"徽 文化 之 旅 （ 皖南 行 之一 ）
",1,cse
http://www.360doc.com/content/13/1130/15/137012_333421761.shtml,徽文化,"徽 文化
",1,cse
http://www.360doc.com/content/16/0329/23/150887_546398070.shtml,《徽州文化大辞典》首发徽文化首部百科全书式工具书问世,"《 徽州 文化 大 辞典 》 首发 徽 文化 首部 百科全书 式 工具书 问世
",1,cse
http://www.360doc.com/content/16/0625/19/2794318_570702823.shtml,徽文化的一朵奇葩------旌德,"徽 文化 的 一 朵 奇葩 ------ 旌德
",1,cse
http://www.360doc.com/content/16/0427/13/32759971_554221669.shtml,徽州文化,"徽州 文化
",1,cse
http://www.360doc.com/content/13/1130/15/137012_333423074.shtml,徽文化特点是什么？,"徽 文化 特点 是 什么 ？
",1,cse
http://www.360doc.com/content/15/0427/23/13477377_466473215.shtml,【日本家徽文化】详解,"【 日本 家徽 文化 】 详解
",1,cse
http://www.360doc.com/content/16/1015/00/5545997_598514013.shtml,古徽州文化旅游,"古 徽州 文化 旅游
",1,cse
http://www.360doc.com/content/15/0105/23/13276094_438495373.shtml,关于率先启动徽州文化生态保护实验区建设的建议案,"关于 率先 启动 徽州 文化 生态 保护 实验区 建设 的 建议案
",1,cse
http://www.360doc.com/content/13/1130/15/137012_333422706.shtml,“徽文化”2,"“ 徽 文化 ” 2
",1,cse
http://www.360doc.com/content/13/1130/15/137012_333420327.shtml,谈谈徽文化研究的现实意义,"谈谈 徽 文化 研究 的 现实 意义
",1,cse
http://www.360doc.com/content/13/1130/15/137012_333420737.shtml,徽州文化,"徽州 文化
",1,cse
http://www.360doc.com/content/16/0325/14/4958641_545143866.shtml,徽州文化博物馆,"徽州 文化 博物馆
",1,cse
http://www.360doc.com/content/15/0107/11/3133160_438838920.shtml,南京周园之八徽文化体验中心,"南京 周 园 之 八 徽 文化 体验 中心
",1,cse
http://www.360doc.com/content/15/0526/02/18960088_473267356.shtml,石与刀的碰撞：凝固徽文化符号的徽州石雕,"石 与 刀 的 碰撞 ： 凝固 徽 文化 符号 的 徽州 石雕
",1,cse
http://www.360doc.com/content/16/0808/18/11005683_581737708.shtml,国家最新AAAAA级景区——徽州文化园,"国家 最新 A A A A A 级 景区 —— 徽州 文化园
",1,cse
http://www.360doc.com/content/09/1029/11/385412_8030999.shtml,徽文化系列之——东南邹鲁”今何在,"徽 文化 系列 之—— 东南 邹鲁 ” 今 何在
",1,cse
http://www.360doc.com/content/14/1125/10/5896561_427879912.shtml,9家国家5A级旅游景区名单公示古徽州文化旅游区上榜,"9 家 国家 5 A 级 旅游 景区 名单 公示 古 徽州 文化 旅游区 上榜
",1,cse
http://www.360doc.com/content/16/0314/11/10580899_542068671.shtml,看徽州文化旅游区如何探索全域旅游,"看 徽州 文化 旅游区 如何 探索 全域 旅游
",1,cse
http://www.360doc.com/content/15/1006/13/14979747_503596273.shtml,论明清徽州文化的阶段性发展,"论 明清 徽州 文化 的 阶段性 发展
",1,cse
http://www.360doc.com/content/16/0803/14/150887_580483445.shtml,走进黄山徽州文化园,"走 进 黄山 徽州 文化园
",1,cse
http://www.360doc.com/content/12/0811/09/8413713_229534334.shtml,安徽徽文化慱物馆古代大型砚台展,"安徽 徽 文化 慱物 馆 古代 大型 砚台 展
",1,cse
http://www.360doc.com/content/14/1224/18/18892371_435477879.shtml,黄山古徽州文化旅游区1,"黄山 古 徽州 文化 旅游区 1
",1,cse
http://www.360doc.com/content/16/0126/17/10603700_530716596.shtml,古徽州文化旅游区创建国际特色旅游目的地，安徽省唯一！,"古 徽州 文化 旅游区 创建 国际 特色 旅游 目的地 ， 安徽省 唯一 ！
",1,cse
http://www.360doc.com/content/16/0401/10/5896561_547016841.shtml,《徽州文化大辞典》首发式举行（图）,"《 徽州 文化 大 辞典 》 首发式 举行 （ 图 ）
",1,cse
http://www.360doc.com/content/16/0511/09/7839659_558152465.shtml,南书房 | 徽文化之千年的徽墨,"南 书房 |徽 文化 之 千 年 的 徽墨
",1,cse
http://www.360doc.com/content/11/0903/11/7635148_145439397.shtml,走近徽州文化鲍家花园之古风今看（图）,"走近 徽州 文化 鲍 家 花园 之 古风 今 看 （ 图 ）
",1,cse
http://www.360doc.com/content/11/0607/11/2717084_122187303.shtml,《徽州文化生态保护区总体规划》正式实施-徽州-中安在线-全媒体,"《 徽州 文化 生态 保护区 总体 规划 》 正式 实施 - 徽州 - 中 安 在线 - 全 媒体
",1,cse
http://www.360doc.com/content/17/0110/14/14028072_621521573.shtml,徽州文化——风水尤重数徽人,"徽州 文化 —— 风水 尤 重 数 徽 人
",1,cse
http://www.360doc.com/content/11/0610/10/4160062_122859622.shtml,黄山区，徽文化的发源地之一（实地照片为证）,"黄山区 ， 徽 文化 的 发源地 之一 （ 实地 照片 为 证 ）
",1,cse
http://www.360doc.com/content/10/1229/16/1147381_82350078.shtml,让游客畅游“徽州文化之海”,"让 游客 畅游 “ 徽州 文化 之 海 ”
",1,cse
http://www.360doc.com/content/13/1130/14/137012_333414167.shtml,徽州文化的基本内容,"徽州 文化 的 基本 内容
",1,cse
http://www.360doc.com/content/16/1103/06/4616719_603534316.shtml,游安徽不得不玩的精品线路| 古徽州文化体验游,"游 安徽 不得不 玩 的 精品 线路 |古 徽州 文化 体验 游
",1,cse
http://www.360doc.com/content/15/1107/22/8780464_511544554.shtml,徽商和徽州文化的是如何起源的？,"徽商 和 徽州 文化 的 是 如何 起源 的 ？
",1,cse
http://www.360doc.com/content/16/0423/10/150887_553053768.shtml,黄山市什么时候找回自己的名字：徽州市？徽州这个地名为何会消失,"黄山市 什么 时候 找回 自己 的 名字 ： 徽州市 ？ 徽州 这个 地名 为何 会 消失
",1,cse
http://www.360doc.com/content/11/1229/22/278880_175944563.shtml,中国古代文化-徽州文化,"中国 古代 文化 - 徽州 文化
",1,cse
http://www.360doc.com/content/13/1130/15/137012_333419789.shtml,徽州文化的现存及其原因和价值,"徽州 文化 的 现存 及其 原因 和 价值
",1,cse
http://www.360doc.com/content/16/0511/20/13192177_558314603.shtml,徽州古城国家历史文化名城,"徽州 古城 国家 历史 文化 名城
",1,cse
http://www.360doc.com/content/14/1229/18/18892371_436679037.shtml,古徽州文化旅游区直达公交线路,"古 徽州 文化 旅游区 直达 公交 线路
",1,cse
http://www.360doc.com/content/16/0813/13/19083799_582924605.shtml,徽州文化导游词,"徽州 文化 导游 词
",1,cse
http://www.360doc.com/content/16/0628/18/7863900_571452335.shtml,解读︱历史的选择徽派建筑的历史渊源,"解读︱ 历史 的 选择 徽派 建筑 的 历史 渊源
",1,cse
http://www.360doc.com/content/10/0309/10/891507_18085273.shtml,徽州文化,"徽州 文化
",1,cse
http://www.360doc.com/content/14/1226/15/18892371_435938639.shtml,黄山古徽州文化旅游区9 ---宏村，换双布鞋散步,"黄山 古 徽州 文化 旅游区 9--- 宏村 ， 换 双 布鞋 散步
",1,cse
http://www.360doc.com/content/16/0511/17/14106735_558284700.shtml,为什么中国古代的贵族氏族没有设立家徽的传统？,"为什么 中国 古代 的 贵族 氏族 没有 设立 家徽 的 传统 ？
",1,cse
http://www.360doc.com/content/15/0113/18/18892371_440482967.shtml,徽州文化博物馆内容介绍,"徽州 文化 博物馆 内容 介绍
",1,cse
http://www.360doc.com/content/11/1007/20/700052_154128884.shtml,《徽州文化》解说词*第二十集纵横徽商（下）,"《 徽州 文化 》 解说词 * 第二十 集 纵横 徽商 （ 下 ）
",1,cse
http://www.360doc.com/content/16/0411/20/19083799_549801013.shtml,徽州文化概述,"徽州 文化 概述
",1,cse
http://www.360doc.com/content/16/1001/16/31537327_595109197.shtml,游徽州爬黄山的十条精品线路,"游 徽州 爬 黄山 的 十条 精品 线路
",1,cse
http://www.360doc.com/content/16/0727/12/10603700_578721868.shtml,葱哥谈建筑文学：徽派建筑和“马头”文化,"葱哥 谈 建筑 文学 ： 徽派 建筑 和 “ 马头 ” 文化
",1,cse
http://www.360doc.com/content/16/0727/09/13790267_578675656.shtml,华夏文明之徽州文化,"华夏 文明 之 徽州 文化
",1,cse
http://www.360doc.com/content/16/1012/11/5575132_597802057.shtml,婺源为徽州文化的发祥地,"婺源 为 徽州 文化 的 发祥地
",1,cse
http://www.360doc.com/content/11/0830/09/1835276_144420748.shtml,黟县徽州文化生态保护实验区建设之我见,"黟县 徽州 文化 生态 保护 实验区 建设 之 我 见
",1,cse
http://www.360doc.com/content/16/0331/07/5299136_546708635.shtml,领略徽州文化观明清古民居赏水上丹霞地貌专列9日游,"领略 徽州 文化观 明清 古 民居 赏 水上 丹霞 地貌 专列 9日 游
",1,cse
http://www.360doc.com/content/13/0507/08/8484361_283531367.shtml,视频: 【徽州文化】中华楷模,"视频 : 【 徽州 文化 】 中华 楷模
",1,cse
http://www.360doc.com/content/15/0430/07/253549_466966129.shtml,了解徽州文化nubia星空之约华东站开启,"了解 徽州 文化 n u b i a 星空 之 约 华东 站 开启
",1,cse
http://www.360doc.com/content/10/0729/01/111790_42163379.shtml,从徽商的兴衰看儒家文化的局限,"从 徽商 的 兴衰 看 儒家 文化 的 局限
",1,cse
http://www.360doc.com/content/13/0507/08/8484361_283531177.shtml,视频: 【徽州文化】文化先锋,"视频 : 【 徽州 文化 】 文化 先锋
",1,cse
http://www.360doc.com/content/13/0507/08/8484361_283532543.shtml,视频: 【徽州文化】家族背影,"视频 : 【 徽州 文化 】 家族 背影
",1,cse
http://www.360doc.com/content/11/1130/22/1837283_168757373.shtml,央视的20集纪录片《徽州文化》解说词全纪录,"央视 的 20 集 纪录片 《 徽州 文化 》 解说词 全 纪录
",1,cse
http://www.360doc.com/content/09/0425/08/88761_3259751.shtml,从“徽”之秒看徽派建筑——组图,"从 “ 徽 ” 之 秒 看 徽派 建筑 —— 组图
",1,cse
http://www.360doc.com/content/16/0805/16/7888036_581012230.shtml,水墨婺源，徽州之梦,"水墨 婺源 ， 徽州 之梦
",1,cse
http://www.360doc.com/content/16/1214/13/7888036_614604303.shtml,徽派建筑：中华大地上的一抹亮色,"徽派 建筑 ： 中华 大地 上 的 一 抹 亮色
",1,cse
http://www.360doc.com/content/16/0814/22/32677966_583250928.shtml,全景解读合福高铁｜沿途美景美食大盘点第3季,"全景 解读 合 福 高铁 ｜ 沿途 美景 美食 大盘 点 第3季
",1,cse
http://www.360doc.com/content/16/0117/20/11005683_528668428.shtml,国家历史文化名城——安徽绩溪,"国家 历史 文化 名城 —— 安徽 绩溪
",1,cse
http://www.360doc.com/content/16/0629/04/32187633_571541590.shtml,旅游～乘坐“中国最美高铁线” ，从合肥出发赏美景,"旅游 ～ 乘坐 “ 中国 最 美 高铁 线 ” ， 从 合肥 出发 赏 美景
",1,cse
http://www.360doc.com/relevant/186177168_more.shtml,中国古代一些著名的商帮和商人.--相关文章,"中国 古代 一些 著名 的 商 帮 和 商人.-- 相关 文章
",1,cse
http://www.360doc.com/content/11/1007/20/700052_154127426.shtml,《徽州文化》解说词*第十七集不朽丹青（上）,"《 徽州 文化 》 解说词 * 第十七 集 不朽 丹青 （ 上 ）
",1,cse
http://www.360doc.com/content/16/0828/17/36099955_586562373.shtml,丁昌盛、马悦凯访问安徽省黄梅戏艺术中心,"丁 昌盛 、 马 悦凯 访问 安徽省 黄梅戏 艺术 中心
",1,cse
http://www.360doc.com/content/11/1007/20/700052_154125483.shtml,《徽州文化》解说词*第十三集书院春秋,"《 徽州 文化 》 解说词 * 第十三 集 书院 春秋
",1,cse
http://www.360doc.com/content/11/1007/19/700052_154119984.shtml,《徽州文化》解说词*第二集神奇山水简介,"《 徽州 文化 》 解说词 * 第二 集 神奇 山水 简介
",1,cse
http://www.360doc.com/content/15/0520/08/19519242_471863937.shtml,古代大型砚台,"古代 大型 砚台
",1,cse
http://www.360doc.com/content/13/0311/08/1630322_270708018.shtml,中国民间美术非物质文化遗产35——徽州三雕,"中国 民间 美术 非物质 文化 遗产 35—— 徽州 三 雕
",1,cse
http://www.360doc.com/content/16/0325/09/3545243_545067875.shtml,徽州的居所,"徽州 的 居所
",1,cse
http://www.360doc.com/content/11/1007/20/700052_154127051.shtml,《徽州文化》解说词*第十六集智慧之光,"《 徽州 文化 》 解说词 * 第十六 集 智慧 之 光
",1,cse
http://www.360doc.com/content/11/1007/20/700052_154125061.shtml,《徽州文化》解说词*第十二集教育启蒙,"《 徽州 文化 》 解说词 * 第十二 集 教育 启蒙
",1,cse
http://www.360doc.com/content/16/0415/17/9423541_550896717.shtml,隽妙无比的徽派建筑,"隽 妙 无比的 徽派 建筑
",1,cse
http://www.360doc.com/content/14/0810/21/8484361_400888788.shtml,视频: 徽州文化园最新宣传片,"视频 : 徽州 文化园 最新 宣传 片
",1,cse
http://www.360doc.com/content/07/0708/20/19147_600557.shtml,安徽休宁——中国第一状元县,"安徽 休宁 —— 中国 第一 状元 县
",1,cse
http://www.360doc.com/content/16/0926/10/32712951_593706753.shtml,徽派乐园合肥开业,"徽派 乐园 合肥 开业
",1,cse
http://www.360doc.com/content/16/0510/08/13192177_557749240.shtml,安徽的国家级历史文化名城,"安徽 的 国家级 历史 文化 名城
",1,cse
http://www.360doc.com/content/14/0825/10/5299136_404443138.shtml,中国黄山，最经典的旅游线路(家庭亲子游),"中国 黄山 ， 最 经典 的 旅游 线路 ( 家庭 亲子游 )
",1,cse
http://www.360doc.com/content/16/0814/22/32677966_583250871.shtml,合福高铁——最美高铁线“精品”旅游线路先体验,"合福 高铁 —— 最 美 高 铁线 “ 精品 ” 旅游 线路 先 体验
",1,cse
http://www.360doc.com/content/14/0629/01/17488626_390630265.shtml,[转载] 徽州文化是越文化吗？,"[ 转载 ] 徽州 文化 是 越 文化 吗 ？
",1,cse
http://www.360doc.com/content/11/1104/10/7705659_161574407.shtml,胡锦涛与江泽民不平凡的平民领袖（03）,"胡 锦涛 与 江 泽民 不 平凡 的 平民 领袖 （ 03 ）
",1,cse
http://www.360doc.com/content/16/0813/15/19083799_582952827.shtml,徽州导游词,"徽州 导游 词
",1,cse
http://www.360doc.com/content/13/0712/11/2556131_299371191.shtml,历史名城徽州,"历史 名城 徽州
",1,cse
http://www.360doc.com/content/16/0813/13/19083799_582924641.shtml,徽州女人导游词,"徽州 女人 导游 词
",1,cse
http://www.360doc.com/content/14/1210/10/18139840_431715106.shtml,安徽的个人简历曝光，安徽人必看！,"安徽 的 个人 简历 曝光 ， 安徽 人 必 看 ！
",1,cse
http://www.360doc.com/content/16/0928/11/29931466_594337669.shtml,第二座万达城开业从南昌到合肥王健林的文旅IP升级了,"第二 座 万 达 城 开业 从 南昌 到 合肥 王 健 林 的 文 旅 I P 升级 了
",1,cse
http://www.360doc.com/content/15/0614/06/16823049_477973098.shtml,传统图徽对当代标志本土设计理念的启示,"传统 图 徽 对 当代 标志 本土 设计 理念 的 启示
",1,cse
http://www.360doc.com/content/14/1229/18/18892371_436683189.shtml,黄山市古徽州文化旅游区旅游专线开通,"黄山市 古 徽州 文化 旅游区 旅游 专线 开通
",1,cse
http://www.360doc.com/content/16/0812/10/4958641_582652276.shtml,那些历史那些乡愁：地名演变文化之脉不能断,"那些 历史 那些 乡愁 ： 地名 演变 文化 之 脉 不 能 断
",1,cse
http://www.360doc.com/content/16/1117/20/1189884_607367018.shtml,中国保存最完好的四大古城之一黄山徽州古城旅游攻略,"中国 保存 最 完好 的 四 大 古城 之一 黄山 徽州 古城 旅游 攻略
",1,cse
http://www.360doc.com/content/14/0610/16/13381122_385430589.shtml,【游记】国庆出游之《歙县鲍家花园》,"【 游记 】 国庆 出游 之 《 歙县 鲍 家 花园 》
",1,cse
http://www.360doc.com/relevant/161574407_more.shtml,胡锦涛与江泽民不平凡的平民领袖（03）--相关文章,"胡 锦涛 与 江 泽民 不 平凡 的 平民 领袖 （ 03）-- 相关 文章
",1,cse
http://www.360doc.com/content/16/1015/08/28672832_598545228.shtml,秋冬季节游黄山必去的地方,"秋 冬 季节 游 黄山 必 去 的 地方
",1,cse
http://www.360doc.com/content/16/0528/17/30569978_563048220.shtml,天上徽州,"天上 徽州
",1,cse
http://www.360doc.com/relevant/473267356_more.shtml,石与刀的碰撞：凝固徽文化符号的徽州石雕--相关文章,"石 与 刀 的 碰撞 ： 凝固 徽 文化 符号 的 徽州 石雕-- 相关 文章
",1,cse
http://www.360doc.com/content/13/1219/08/8826950_338311295.shtml,在屯溪感受徽文化,"在 屯溪 感受 徽 文化
",1,cse
http://www.360doc.com/content/11/1027/09/720729_159517852.shtml,徽州文化介绍,"徽州 文化 介绍
",1,cse
http://www.360doc.com/content/13/0904/12/498756_312135037.shtml,徽州文化博物馆,"徽州 文化 博物馆
",1,cse
http://www.360doc.com/content/14/1226/15/18892371_435934473.shtml,黄山古徽州文化旅游区3,"黄山 古 徽州 文化 旅游区 3
",1,cse
http://www.360doc.com/content/14/1230/18/18892371_436930570.shtml,徽文化乡村深度体验二日游,"徽 文化 乡村 深度 体验 二日 游
",1,cse
http://www.360doc.com/content/14/1019/07/8826950_418061998.shtml,璀璨的徽州文化,"璀璨 的 徽州 文化
",1,cse
http://www.360doc.com/relevant/581737708_more.shtml,国家最新AAAAA级景区——徽州文化园--相关文章,"国家 最新 A A A A A 级 景区 —— 徽州 文化园 -- 相关 文章
",1,cse
http://www.360doc.com/relevant/466966129_more.shtml,了解徽州文化nubia星空之约华东站开启--相关文章,"了解 徽州 文化 n u b i a 星空 之 约 华东 站 开启 -- 相关 文章
",1,cse
http://www.360doc.com/content/14/1202/07/14453044_429740873.shtml,安徽5A景区新宠儿 - 古徽州文化旅游区,"安徽 5 A 景区 新 宠儿 - 古 徽州 文化 旅游区
",1,cse
http://www.360doc.com/relevant/597802057_more.shtml,婺源为徽州文化的发祥地--相关文章,"婺源 为 徽州 文化 的 发祥地 -- 相关 文章
",1,cse
http://www.360doc.com/content/11/1007/20/700052_154128378.shtml,《徽州文化》解说词*第十九集纵横徽商（上）,"《 徽州 文化 》 解说词 * 第十九 集 纵横 徽商 （ 上 ）
",1,cse
http://www.360doc.com/content/14/1226/15/18892371_435938933.shtml,黄山古徽州文化旅游区10-----黄山宏村清和月客栈,"黄山 古 徽州 文化 旅游区 10----- 黄山 宏村 清 和 月 客栈
",1,cse
http://www.360doc.com/content/13/0507/07/8484361_283530393.shtml,视频: 【徽州文化】纵横徽商(上下),"视频 : 【 徽州 文化 】 纵横 徽商 ( 上下 )
",1,cse
http://www.360doc.com/content/13/1130/15/137012_333419275.shtml,品读徽州民居窥视徽州文化,"品读 徽州 民居 窥视 徽州 文化
",1,cse
http://www.360doc.com/content/16/1204/07/21195092_611704825.shtml,央视首播:人间仙景,"央视 首播 : 人间 仙景
",1,cse
http://www.360doc.com/content/13/0507/07/8484361_283529889.shtml,视频: 【徽州文化】教育启蒙,"视频 : 【 徽州 文化 】 教育 启蒙
",1,cse
http://www.360doc.com/content/11/1007/20/700052_154127938.shtml,《徽州文化》解说词*第十八集不朽丹青（下）,"《 徽州 文化 》 解说词 * 第十八 集 不朽 丹青 （ 下 ）
",1,cse
http://www.360doc.com/content/13/0507/07/8484361_283529810.shtml,视频: 【徽州文化】不朽丹青（上下）,"视频 : 【 徽州 文化 】 不朽 丹青 （ 上下 ）
",1,cse
http://www.360doc.com/content/13/0507/07/8484361_283528585.shtml,视频: 【徽州文化】村落风水,"视频 : 【 徽州 文化 】 村落 风水
",1,cse
http://www.360doc.com/content/16/0414/15/16377250_550571923.shtml,被人民日报点名“复名徽州” 安徽黄山官方回应|徽州|徽州地区,"被 人民日报 点名 “ 复 名 徽州 ” 安徽 黄山 官方 回应 |徽州 | 徽州 地区
",1,cse
http://www.360doc.com/content/14/1226/15/18892371_435940035.shtml,黄山古徽州文化旅游区13-----宏村南湖倚湖绿苑客栈,"黄山 古 徽州 文化 旅游区 13----- 宏村 南湖 倚 湖 绿 苑 客栈
",1,cse
http://www.360doc.com/content/15/0711/20/2369606_484289771.shtml,一生痴绝处，无梦到徽州,"一生 痴 绝 处 ， 无梦 到 徽州
",1,cse
http://www.360doc.com/content/16/0422/22/4723480_552971851.shtml,地名之争再发酵学者：把婺源还给安徽,"地名 之 争 再 发酵 学者 ： 把 婺源 还 给 安徽
",1,cse
http://www.360doc.com/content/16/0512/16/5896561_558535781.shtml,新安江文脉拓徽州,"新安江 文脉 拓 徽州
",1,cse
http://www.517huizhou.com/forum.php?gid=43,徽州文化- 徽州大论坛-,"徽州 文化 - 徽州 大论 坛 -
",1,cse
http://www.517huizhou.com/hnews/bencandy-htm-fid-55-id-971.html,徽州年俗- 徽州文化---徽州人的精神家园,"徽州 年 俗 - 徽州 文化 --- 徽州 人 的 精神 家园
",1,cse
http://www.517huizhou.com/forum.php?mod=viewthread&tid=94954,【3月26日】2017黄山徽州马拉松报名启动- 活动召集- 徽州大论坛-,"【 3月 26日 】 2017 黄山 徽州 马拉松 报名 启动 - 活动 召集 - 徽州 大论 坛 -
",1,cse
http://www.517huizhou.com/forum.php?mod=forumdisplay&fid=95,徽州微访谈- 徽州大论坛-,"徽州 微 访谈 - 徽州 大论 坛 -
",1,cse
http://www.517huizhou.com/forum.php?mod=forumdisplay&fid=94,求职招聘- 徽州大论坛-,"求职 招聘 - 徽州 大论 坛 -
",1,cse
http://www.517huizhou.com/forum.php?mod=forumdisplay&fid=54,吃在徽州- 徽州大论坛-,"吃 在 徽州 - 徽州 大论 坛 -
",1,cse
http://www.517huizhou.com/forum.php?mod=forumdisplay&fid=40&page=31,逍遥户外- 第31页- 徽州大论坛-,"逍遥 户外 - 第31 页 - 徽州 大论 坛 -
",1,cse
http://www.517huizhou.com/forum.php?mod=forumdisplay&fid=136,张金古道乡村越野跑山赛专版- 徽州大论坛-,"张 金 古道 乡村 越野跑 山 赛 专版 - 徽州 大论 坛 -
",1,cse
http://www.517huizhou.com/forum.php?mod=forumdisplay&fid=44,摄影沙龙- 徽州大论坛-,"摄影 沙龙 - 徽州 大论 坛 -
",1,cse
http://www.517huizhou.com/forum.php?mod=forumdisplay&fid=37,徽州民生今日: 2 |主题: 2961|排名,"徽州 民生 今日 : 2| 主题 : 2961| 排名
",1,cse
http://www.517huizhou.com/forum.php?mod=forumdisplay&fid=40&page=6,逍遥户外- 第6页- 徽州大论坛-,"逍遥 户外 - 第6 页 - 徽州 大论 坛 -
",1,cse
http://www.517huizhou.com/forum.php?mod=forumdisplay&fid=55,跳蚤市场- 徽州大论坛-,"跳蚤市场 - 徽州 大论 坛 -
",1,cse
http://www.517huizhou.com/forum.php?mod=forumdisplay&fid=82,菜鸟天地- 徽州大论坛-,"菜 鸟 天地 - 徽州 大论 坛 -
",1,cse
http://www.517huizhou.com/forum.php?mod=forumdisplay&fid=132,2016新春盛典- 徽州大论坛-,"2016 新春 盛典 - 徽州 大论 坛 -
",1,cse
http://www.517huizhou.com/forum.php?mod=forumdisplay&fid=36,新安茶馆- 徽州大论坛-,"新安 茶馆 - 徽州 大论 坛 -
",1,cse
http://www.517huizhou.com/forum.php?mod=forumdisplay&fid=65,运动与健康- 徽州大论坛-,"运动 与 健康 - 徽州 大论 坛 -
",1,cse
http://www.517huizhou.com/forum.php?mod=forumdisplay&fid=102&page=2,走进徽州区- 第2页- 徽州大论坛-,"走 进 徽州区 - 第2页- 徽州 大论 坛 -
",1,cse
http://www.517huizhou.com/forum.php?mod=forumdisplay&fid=59,快乐垂钓- 徽州大论坛-,"快乐 垂钓 - 徽州 大论 坛 -
",1,cse
http://www.517huizhou.com/forum.php?mod=forumdisplay&fid=139,新春盛典- 徽州大论坛-,"新春 盛典 - 徽州 大论 坛 -
",1,cse
http://www.517huizhou.com/forum.php?mod=forumdisplay&fid=119,黄山汽车- 徽州大论坛-,"黄山 汽车 - 徽州 大论 坛 -
",1,cse
http://www.517huizhou.com/forum.php?mod=forumdisplay&fid=41&page=5,徽州百村- 第5页- 徽州大论坛-,"徽州 百 村-第5页- 徽州 大论 坛 -
",1,cse
http://www.517huizhou.com/forum.php?mod=forumdisplay&fid=89&page=3,房屋租赁- 第3页- 徽州大论坛-,"房屋 租赁 - 第3页- 徽州 大论 坛 -
",1,cse
http://www.517huizhou.com/forum.php?mod=forumdisplay&fid=40&page=7,逍遥户外- 第7页- 徽州大论坛-,"逍遥 户外 - 第7页- 徽州 大论 坛 -
",1,cse
http://www.517huizhou.com/forum.php?mod=forumdisplay&fid=40&page=8,逍遥户外- 第8页- 徽州大论坛-,"逍遥 户外 - 第8页- 徽州 大论 坛 -
",1,cse
http://www.517huizhou.com/forum.php?mod=forumdisplay&fid=68,活动召集- 徽州大论坛-,"活动 召集 - 徽州 大论 坛 -
",1,cse
http://www.517huizhou.com/forum.php?mod=forumdisplay&fid=41&page=9,徽州百村- 第9页- 徽州大论坛-,"徽州 百 村-第9页- 徽州 大论 坛 -
",1,cse
http://www.517huizhou.com/forum.php?mod=forumdisplay&fid=40&page=5,逍遥户外- 第5页- 徽州大论坛-,"逍遥 户外 - 第5页- 徽州 大论 坛 -
",1,cse
http://www.517huizhou.com/forum.php?mod=forumdisplay&fid=40&page=10,逍遥户外- 第10页- 徽州大论坛-,"逍遥 户外 - 第10 页 - 徽州 大论 坛 -
",1,cse
http://www.517huizhou.com/forum.php?mod=forumdisplay&fid=83,徽州房产- 徽州大论坛-,"徽州 房产 - 徽州 大论 坛 -
",1,cse
http://www.517huizhou.com/forum.php?mod=forumdisplay&fid=68&page=9,活动召集- 第9页- 徽州大论坛-,"活动 召集 -第9页- 徽州 大论 坛 -
",1,cse
http://www.517huizhou.com/forum.php?mod=forumdisplay&fid=36&page=10,新安茶馆- 第10页- 徽州大论坛-,"新安 茶馆 - 第10 页 - 徽州 大论 坛 -
",1,cse
http://www.517huizhou.com/forum.php?mod=forumdisplay&fid=135,老土说徽州- 徽州大论坛-,"老土 说 徽州 - 徽州 大论 坛 -
",1,cse
http://www.517huizhou.com/forum.php?mod=forumdisplay&fid=40&page=14,逍遥户外- 第14页- 徽州大论坛-,"逍遥 户外 - 第14 页 - 徽州 大论 坛 -
",1,cse
http://www.517huizhou.com/forum.php?mod=forumdisplay&fid=45,音像天地- 徽州大论坛-,"音像 天地 - 徽州 大论 坛 -
",1,cse
http://www.517huizhou.com/forum.php?mod=forumdisplay&fid=51,公告建议- 徽州大论坛-,"公告 建议 - 徽州 大论 坛 -
",1,cse
http://www.517huizhou.com/forum.php?mod=forumdisplay&fid=40&page=13,逍遥户外- 第13页- 徽州大论坛-,"逍遥 户外 - 第13 页 - 徽州 大论 坛 -
",1,cse
http://www.517huizhou.com/forum.php?mod=forumdisplay&fid=36&page=42,新安茶馆- 第42页- 徽州大论坛-,"新安 茶馆 - 第42 页 - 徽州 大论 坛 -
",1,cse
http://www.517huizhou.com/forum.php?mod=forumdisplay&fid=40&page=11,逍遥户外- 第11页- 徽州大论坛-,"逍遥 户外 - 第11 页 - 徽州 大论 坛 -
",1,cse
http://www.517huizhou.com/forum.php?mod=forumdisplay&fid=37&page=4,徽州民生- 第4页- 徽州大论坛-,"徽州 民生 - 第4页- 徽州 大论 坛 -
",1,cse
http://www.517huizhou.com/forum.php?mod=forumdisplay&fid=44&page=53,摄影沙龙- 第53页- 徽州大论坛-,"摄影 沙龙 -第53 页 - 徽州 大论 坛 -
",1,cse
http://www.517huizhou.com/forum.php?mod=forumdisplay&fid=44&page=54,摄影沙龙- 第54页- 徽州大论坛-,"摄影 沙龙 -第54 页 - 徽州 大论 坛 -
",1,cse
http://www.517huizhou.com/forum.php?mod=forumdisplay&fid=112,2015新春盛典- 徽州大论坛-,"2015 新春 盛典 - 徽州 大论 坛 -
",1,cse
http://www.517huizhou.com/forum.php?mod=forumdisplay&fid=44&page=115,摄影沙龙- 第115页- 徽州大论坛-,"摄影 沙龙 -第115 页 - 徽州 大论 坛 -
",1,cse
http://www.517huizhou.com/forum.php?mod=forumdisplay&fid=44&page=114,摄影沙龙- 第114页- 徽州大论坛-,"摄影 沙龙 -第114 页 - 徽州 大论 坛 -
",1,cse
http://www.517huizhou.com/forum.php?mod=forumdisplay&fid=40&page=63,逍遥户外- 第63页- 徽州大论坛-,"逍遥 户外 - 第63 页 - 徽州 大论 坛 -
",1,cse
http://www.517huizhou.com/forum.php?mod=forumdisplay&fid=44&page=112,摄影沙龙- 第112页- 徽州大论坛-,"摄影 沙龙 -第112 页 - 徽州 大论 坛 -
",1,cse
http://www.517huizhou.com/forum.php?mod=forumdisplay&fid=44&page=160,摄影沙龙- 第160页- 徽州大论坛-,"摄影 沙龙 -第160 页 - 徽州 大论 坛 -
",1,cse
http://www.517huizhou.com/forum.php?mod=forumdisplay&fid=40&page=27,逍遥户外- 第27页- 徽州大论坛-,"逍遥 户外 - 第27 页 - 徽州 大论 坛 -
",1,cse
http://www.517huizhou.com/forum.php?mod=forumdisplay&fid=40&page=24,逍遥户外- 第24页- 徽州大论坛-,"逍遥 户外 - 第24 页 - 徽州 大论 坛 -
",1,cse
http://www.517huizhou.com/forum.php?mod=forumdisplay&fid=48,新安文社- 徽州大论坛-,"新安 文 社 - 徽州 大论 坛 -
",1,cse
http://www.517huizhou.com/forum.php?mod=forumdisplay&fid=119&page=2,黄山汽车- 第2页- 徽州大论坛-,"黄山 汽车 - 第2页- 徽州 大论 坛 -
",1,cse
http://www.517huizhou.com/forum.php?mod=forumdisplay&fid=44&page=55,摄影沙龙- 第55页- 徽州大论坛-,"摄影 沙龙 -第55 页 - 徽州 大论 坛 -
",1,cse
http://www.517huizhou.com/forum.php?mod=forumdisplay&fid=44&page=129,摄影沙龙- 第129页- 徽州大论坛-,"摄影 沙龙 -第129 页 - 徽州 大论 坛 -
",1,cse
http://www.517huizhou.com/forum.php?mod=forumdisplay&fid=44&page=111,摄影沙龙- 第111页- 徽州大论坛-,"摄影 沙龙 -第111 页 - 徽州 大论 坛 -
",1,cse
http://www.517huizhou.com/forum.php?mod=forumdisplay&fid=47,琴棋书画- 徽州大论坛-,"琴棋书画 - 徽州 大论 坛 -
",1,cse
http://www.517huizhou.com/forum.php?mod=forumdisplay&fid=44&page=60,摄影沙龙- 第60页- 徽州大论坛-,"摄影 沙龙 -第60 页 - 徽州 大论 坛 -
",1,cse
http://www.517huizhou.com/forum.php?mod=forumdisplay&fid=40&page=30,逍遥户外- 第30页- 徽州大论坛-,"逍遥 户外 - 第30 页 - 徽州 大论 坛 -
",1,cse
http://www.517huizhou.com/forum.php?mod=forumdisplay&fid=44&page=56,摄影沙龙- 第56页- 徽州大论坛-,"摄影 沙龙 -第56 页 - 徽州 大论 坛 -
",1,cse
http://www.517huizhou.com/forum.php?mod=forumdisplay&fid=44&page=85,摄影沙龙- 第85页- 徽州大论坛-,"摄影 沙龙 -第85 页 - 徽州 大论 坛 -
",1,cse
http://www.517huizhou.com/forum.php?mod=forumdisplay&fid=68&page=13,活动召集- 第13页- 徽州大论坛-,"活动 召集 -第13 页 - 徽州 大论 坛 -
",1,cse
http://www.517huizhou.com/forum.php?mod=forumdisplay&fid=85,徽州大风采- 徽州大论坛-,"徽州 大 风采 - 徽州 大论 坛 -
",1,cse
http://www.517huizhou.com/forum.php?mod=forumdisplay&fid=40&page=33,逍遥户外- 第33页- 徽州大论坛-,"逍遥 户外 - 第33 页 - 徽州 大论 坛 -
",1,cse
http://www.517huizhou.com/forum.php?mod=forumdisplay&fid=40&page=19,逍遥户外- 第19页- 徽州大论坛-,"逍遥 户外 - 第19 页 - 徽州 大论 坛 -
",1,cse
http://www.517huizhou.com/forum.php?mod=forumdisplay&fid=131,徽州区户外运动协会- 徽州大论坛-,"徽州区 户外 运动 协会 - 徽州 大论 坛 -
",1,cse
http://www.517huizhou.com/forum.php?mod=forumdisplay&fid=40&page=62,逍遥户外- 第62页- 徽州大论坛-,"逍遥 户外 - 第62 页 - 徽州 大论 坛 -
",1,cse
http://www.517huizhou.com/forum.php?mod=forumdisplay&fid=40&page=60,逍遥户外- 第60页- 徽州大论坛-,"逍遥 户外 - 第60 页 - 徽州 大论 坛 -
",1,cse
http://www.517huizhou.com/forum.php?mod=forumdisplay&fid=40&page=28,逍遥户外- 第28页- 徽州大论坛-,"逍遥 户外 - 第28 页 - 徽州 大论 坛 -
",1,cse
http://www.517huizhou.com/forum.php?mod=forumdisplay&fid=68&page=5,活动召集- 第5页- 徽州大论坛-,"活动 召集 -第5页- 徽州 大论 坛 -
",1,cse
http://www.517huizhou.com/forum.php?mod=forumdisplay&fid=40&page=55,逍遥户外- 第55页- 徽州大论坛-,"逍遥 户外 - 第55 页 - 徽州 大论 坛 -
",1,cse
http://www.517huizhou.com/forum.php?mod=forumdisplay&fid=40&page=61,逍遥户外- 第61页- 徽州大论坛-,"逍遥 户外 - 第61 页 - 徽州 大论 坛 -
",1,cse
http://www.517huizhou.com/forum.php?mod=forumdisplay&fid=40&page=56,逍遥户外- 第56页- 徽州大论坛-,"逍遥 户外 - 第56 页 - 徽州 大论 坛 -
",1,cse
http://www.517huizhou.com/plugin.php?id=appbyme_app:download,下载页面- 徽州大论坛-,"下载 页面 - 徽州 大论 坛 -
",1,cse
http://www.517huizhou.com/forum.php?mod=forumdisplay&fid=40&page=17,逍遥户外- 第17页- 徽州大论坛-,"逍遥 户外 - 第17 页 - 徽州 大论 坛 -
",1,cse
http://www.517huizhou.com/forum.php?mod=forumdisplay&fid=40&page=59,逍遥户外- 第59页- 徽州大论坛-,"逍遥 户外 - 第59 页 - 徽州 大论 坛 -
",1,cse
http://www.517huizhou.com/forum.php?mod=forumdisplay&fid=36&page=30,新安茶馆- 第30页- 徽州大论坛-,"新安 茶馆 - 第30 页 - 徽州 大论 坛 -
",1,cse
http://www.517huizhou.com/forum.php?mod=forumdisplay&fid=40&page=57,逍遥户外- 第57页- 徽州大论坛-,"逍遥 户外 - 第57 页 - 徽州 大论 坛 -
",1,cse
http://www.517huizhou.com/forum.php?mod=forumdisplay&fid=107&page=1,快乐毅行- 徽州大论坛-,"快乐 毅 行 - 徽州 大论 坛 -
",1,cse
http://www.517huizhou.com/forum.php?mod=forumdisplay&fid=55&page=8,跳蚤市场- 第8页- 徽州大论坛-,"跳蚤市场 - 第8页- 徽州 大论 坛 -
",1,cse
http://www.517huizhou.com/forum.php?mod=forumdisplay&fid=139&page=1,新春盛典- 徽州大论坛-,"新春 盛典 - 徽州 大论 坛 -
",1,cse
http://www.517huizhou.com/forum.php?gid=38,徽州户外- 徽州大论坛-,"徽州 户外 - 徽州 大论 坛 -
",1,cse
http://www.517huizhou.com/forum.php?mod=forumdisplay&fid=44&page=127,摄影沙龙- 第127页- 徽州大论坛-,"摄影 沙龙 -第127 页 - 徽州 大论 坛 -
",1,cse
http://www.517huizhou.com/forum.php?mod=forumdisplay&fid=40&page=23,逍遥户外- 第23页- 徽州大论坛-,"逍遥 户外 - 第23 页 - 徽州 大论 坛 -
",1,cse
http://www.517huizhou.com/forum.php?mod=forumdisplay&fid=40&page=26,逍遥户外- 第26页- 徽州大论坛-,"逍遥 户外 - 第26 页 - 徽州 大论 坛 -
",1,cse
http://www.517huizhou.com/forum.php?mod=forumdisplay&fid=71,法律咨询   - 徽州大论坛-,"法律 咨询 - 徽州 大论 坛 -
",1,cse
http://www.517huizhou.com/forum.php?gid=39,徽州摄影- 徽州大论坛-,"徽州 摄影 - 徽州 大论 坛 -
",1,cse
http://www.517huizhou.com/forum.php?mod=forumdisplay&fid=44&page=128,摄影沙龙- 第128页- 徽州大论坛-,"摄影 沙龙 -第128 页 - 徽州 大论 坛 -
",1,cse
http://www.517huizhou.com/forum.php?mod=forumdisplay&fid=44&page=67,摄影沙龙- 第67页- 徽州大论坛-,"摄影 沙龙 -第67 页 - 徽州 大论 坛 -
",1,cse
http://www.517huizhou.com/forum.php?gid=75,徽州公益- 徽州大论坛-,"徽州 公益 - 徽州 大论 坛 -
",1,cse
http://www.517huizhou.com/forum.php?mod=forumdisplay&fid=44&page=137,摄影沙龙- 第137页- 徽州大论坛-,"摄影 沙龙 -第137 页 - 徽州 大论 坛 -
",1,cse
http://www.517huizhou.com/forum.php?mod=forumdisplay&fid=44&page=158,摄影沙龙- 第158页- 徽州大论坛-,"摄影 沙龙 -第158 页 - 徽州 大论 坛 -
",1,cse
http://www.517huizhou.com/forum.php?mod=forumdisplay&fid=44&page=70,摄影沙龙- 第70页- 徽州大论坛-,"摄影 沙龙 -第70 页 - 徽州 大论 坛 -
",1,cse
http://www.517huizhou.com/forum.php?mod=forumdisplay&fid=44&page=113,摄影沙龙- 第113页- 徽州大论坛-,"摄影 沙龙 -第113 页 - 徽州 大论 坛 -
",1,cse
http://www.517huizhou.com/forum.php?mod=forumdisplay&fid=42,公益联盟- 徽州大论坛-,"公益 联盟 - 徽州 大论 坛 -
",1,cse
http://www.517huizhou.com/forum.php?mod=forumdisplay&fid=76,黄山顺风车队- 徽州大论坛-,"黄山 顺风 车队 - 徽州 大论 坛 -
",1,cse
http://www.517huizhou.com/forum.php?gid=106,联谊活动- 徽州大论坛-,"联谊 活动 - 徽州 大论 坛 -
",1,cse
http://www.517huizhou.com/forum.php?mod=forumdisplay&fid=127,旅游频道- 徽州大论坛-,"旅游 频道 - 徽州 大论 坛 -
",1,cse
http://www.99huizhou.com/forum.php?mod=forumdisplay&fid=78,人文徽州_徽州文化区_故园徽州_徽州网-故园徽州网-黄山门户社区 ...,"人文 徽州_ 徽州 文化区_ 故园 徽州_ 徽州 网 - 故园 徽州 网 - 黄山 门户 社区 ...
",1,cse
http://www.99huizhou.com/forum-148-1.html,第十一届中国黄山国际旅游节暨徽文化节-故园徽州网- Powered by ...,"第十一 届 中国 黄山 国际 旅游节 暨 徽 文化节 - 故园 徽州 网 - P o w e r e d b y...
",1,cse
http://www.99huizhou.com/forum-119-1.html,第十届中国黄山国际旅游节暨徽文化节_故园徽州-故园徽州网 ...,"第十 届 中国 黄山 国际 旅游节 暨 徽 文化 节_ 故园 徽州 - 故园 徽州 网...
",1,cse
http://www.99huizhou.com/forum-147-1.html,徽州文化生态保护区专版,"徽州 文化 生态 保护区 专版
",1,cse
http://www.99huizhou.com/forum.php?gid=1,徽州文化-故园徽州- Powered by Discuz!,"徽州 文化 - 故园 徽州 - P o w e r e d b y D i s c u z !
",1,cse
http://www.99huizhou.com/forum.php?mod=forumdisplay&fid=78&filter=typeid&typeid=13,徽学知识- 人文徽州_徽州文化区_故园徽州_徽州网-故园徽州网-黄山 ...,"徽学 知识 - 人文 徽州_ 徽州 文化区_ 故园 徽州_ 徽州 网 - 故园 徽州 网 - 黄山...
",1,cse
http://www.99huizhou.com/thread-194203-1-1.html,方利山2017元旦特稿：纪念“徽州文化生态保护区”设立九周年-故园时评 ...,"方利山 2017 元旦 特稿 ： 纪念 “ 徽州 文化 生态 保护区 ” 设立 九 周年 - 故园 时评 ...
",1,cse
http://www.99huizhou.com/archiver/fid-147.html,徽州文化生态保护区专版,"徽州 文化 生态 保护区 专版
",1,cse
http://www.99huizhou.com/thread-187251-1-1.html,【重要】故园徽州文化促进会关于复徽的四点意见-故园时评-故园徽州网 ...,"【 重要 】 故园 徽州 文化 促进会 关于 复 徽 的 四点 意见 - 故园 时评 - 故园 徽州 网...
",1,cse
http://www.99huizhou.com/forum.php?mod=forumdisplay&fid=78&filter=typeid&typeid=162,徽风民俗- 人文徽州_徽州文化区_故园徽州_徽州网-故园徽州网-黄山 ...,"徽 风 民俗 - 人文 徽州_ 徽州 文化区_ 故园 徽州_ 徽州 网 - 故园 徽州 网 - 黄山...
",1,cse
http://www.99huizhou.com/forum-112-1.html,徽州收藏_徽州文化区_故园徽州_徽州网-故园徽州网-黄山门户社区 ...,"徽州 收藏_ 徽州 文化区_ 故园 徽州_ 徽州 网 - 故园 徽州 网 - 黄山 门户 社区 ...
",1,cse
http://www.99huizhou.com/forum.php?mod=forumdisplay&fid=147&orderby=&filter=dateline&dateline=86400,徽州文化生态保护区专版_徽州文化区_故园徽州_徽州网-故园徽州网 ...,"徽州 文化 生态 保护区 专版_ 徽州 文化区_ 故园 徽州_ 徽州 网 - 故园 徽州 网...
",1,cse
http://www.99huizhou.com/forum.php?mod=forumdisplay&fid=78&filter=typeid&typeid=161,徽州名人- 人文徽州_徽州文化区_故园徽州_徽州网-故园徽州网-黄山 ...,"徽州 名人 - 人文 徽州_ 徽州 文化区_ 故园 徽州_ 徽州 网 - 故园 徽州 网 - 黄山...
",1,cse
http://www.99huizhou.com/forum-144-1.html,徽州目连戏_徽州文化区_故园徽州_徽州网-故园徽州网-黄山门户社区 ...,"徽州 目 连戏_ 徽州 文化区_ 故园 徽州_ 徽州 网 - 故园 徽州 网 - 黄山 门户 社区 ...
",1,cse
http://www.99huizhou.com/thread-48039-1-1.html,【讨论】珍惜自由空间！——“黄山市故园徽州文化促进会”成立感言 ...,"【 讨论 】 珍惜 自由 空间 ！ —— “ 黄山市 故园 徽州 文化 促进会 ” 成立 感言 ...
",1,cse
http://www.99huizhou.com/forum-128-1.html,徽州姓氏_徽州文化区_故园徽州_徽州网-故园徽州网-黄山门户社区 ...,"徽州 姓氏_ 徽州 文化区_ 故园 徽州_ 徽州 网 - 故园 徽州 网 - 黄山 门户 社区 ...
",1,cse
http://www.99huizhou.com/article-337-1.html,打造徽州生态文化黄山古居实施保护-故园徽州- Powered by Discuz!,"打造 徽州 生态 文化 黄山 古 居 实施 保护 - 故园 徽州 - P o w e r e d b y D i s c u z !
",1,cse
http://www.99huizhou.com/thread-16488-1-1.html,【转帖】徽文化小说《巨砚》（李平易）-天都文社-故园徽州网- Powered by ...,"【 转 帖 】 徽 文化 小说 《 巨砚 》 （ 李 平易 ） - 天 都 文 社 - 故园 徽州 网 - P o w e r e d b y...
",1,cse
http://www.99huizhou.com/thread-175659-1-1.html,水口庙-徽州文化生态保护区专版-故园徽州网- Powered by Discuz!,"水口 庙 - 徽州 文化 生态 保护区 专版 - 故园 徽州 网 - P o w e r e d b y D i s c u z !
",1,cse
http://www.99huizhou.com/thread-187741-1-1.html,方利山： 屯堡“抬汪公”源自徽州文化——兼与陈训明商榷-人文徽州 ...,"方 利山 ： 屯 堡 “ 抬 汪 公 ” 源自 徽州 文化 —— 兼 与 陈 训明 商榷 - 人文 徽州 ...
",1,cse
http://www.99huizhou.com/thread-177898-1-1.html,《源的守望》首发式暨徽州文化生态保护学术座谈会7月10日在黄山学院 ...,"《 源 的 守望 》 首发式 暨 徽州 文化 生态 保护 学术 座谈会 7月 10日 在 黄山 学院 ...
",1,cse
http://www.99huizhou.com/forum-214-1.html,协会专区_故园徽州-故园徽州网- Powered by Discuz!,"协会 专区_ 故园 徽州 - 故园 徽州 网 - P o w e r e d b y D i s c u z !
",1,cse
http://www.99huizhou.com/archiver/tid-22147.html,【专题】第十届中国黄山国际旅游节暨徽文化节专题报道,"【 专题 】 第十 届 中国 黄山 国际 旅游节 暨 徽 文化节 专题 报道
",1,cse
http://www.99huizhou.com/group.php?sgid=235,徽州文化,"徽州 文化
",1,cse
http://www.99huizhou.com/thread-148631-1-1.html,黄山市故园徽州文化促进会第二届理事会名单-协会专区-故园徽州网 ...,"黄山市 故园 徽州 文化 促进会 第二 届 理事会 名单 - 协会 专区 - 故园 徽州 网...
",1,cse
http://www.99huizhou.com/thread-174799-1-1.html,故园徽州文化促进会收藏俱乐部第一次屯蒙故园雅集活动花絮-徽州 ...,"故园 徽州 文化 促进会 收藏 俱乐部 第一 次 屯 蒙 故园 雅 集 活动 花絮 - 徽州 ...
",1,cse
http://www.99huizhou.com/thread-174060-1-1.html,求助祠堂修缮倡议书怎么写好-徽州文化生态保护区专版-故园徽州网 ...,"求助 祠堂 修缮 倡议书 怎么 写 好 - 徽州 文化 生态 保护区 专版 - 故园 徽州 网...
",1,cse
http://www.99huizhou.com/thread-183217-1-1.html,方利山文：徽州文化与徽州太极拳-故园时评-故园徽州网- Powered by ...,"方利山文 ： 徽州 文化 与 徽州 太极拳 - 故园 时评 - 故园 徽州 网 - P o w e r e d b y...
",1,cse
http://www.99huizhou.com/thread-176805-1-1.html,菲元文：徽州文化与法治社会建设（二）-故园时评-故园徽州网- Powered ...,"菲 元文 ： 徽州 文化 与 法治 社会 建设 （ 二 ） - 故园 时评 - 故园 徽州 网 - P o w e r e d...
",1,cse
http://www.99huizhou.com/thread-193910-1-1.html,方利山文： 文化徽州与水木清华-故园时评-故园徽州网- Powered by ...,"方利山文 ： 文化 徽州 与 水木 清华 - 故园 时评 - 故园 徽州 网 - P o w e r e d b y...
",1,cse
http://www.99huizhou.com/forum-178-1.html,徽州得名888周年专版-故园徽州网- Powered by Discuz!,"徽州 得名 888 周年 专版 - 故园 徽州 网 - P o w e r e d b y D i s c u z !
",1,cse
http://www.99huizhou.com/thread-163354-1-1.html,经济观察报：祠堂正在消失-徽州文化生态保护区专版-故园徽州网 ...,"经济 观察 报 ： 祠堂 正在 消失 - 徽州 文化 生态 保护区 专版 - 故园 徽州 网...
",1,cse
http://www.99huizhou.com/thread-91509-1-1.html,中国传统文化的标本——徽州文化-刘伯山-徽州文化生态保护区专版 ...,"中国 传统 文化 的 标本 —— 徽州 文化 - 刘 伯山 - 徽州 文化 生态 保护区 专版 ...
",1,cse
http://www.99huizhou.com/thread-150579-1-1.html,歙县：扮靓景点创5A-徽州文化生态保护区专版-故园徽州网- Powered ...,"歙县 ： 扮靓 景点 创 5 A- 徽州 文化 生态 保护区 专版 - 故园 徽州 网 - P o w e r e d...
",1,cse
http://www.99huizhou.com/thread-194687-1-1.html,徽州人请转发，希望引起更多徽州同胞重视-故园时评-故园徽州网 ...,"徽州 人 请 转发 ， 希望 引起 更 多 徽州 同胞 重视 - 故园 时评 - 故园 徽州 网...
",1,cse
http://www.99huizhou.com/thread-189123-1-1.html,方利山：“融通古今守根护魂——徽州乡村文化生态保护”-人文徽州-故园 ...,"方 利山 ： “ 融通 古 今 守 根 护 魂 —— 徽州 乡村 文化 生态 保护 ” - 人文 徽州 - 故园 ...
",1,cse
http://www.99huizhou.com/thread-111048-1-1.html,安徽共有137个博物馆其中黄山市数量最多-徽州文化生态保护区专版 ...,"安徽 共有 137 个 博物馆 其中 黄山市 数量 最 多 - 徽州 文化 生态 保护区 专版 ...
",1,cse
http://www.99huizhou.com/forum-265-1.html,活动专题回顾-故园徽州网- Powered by Discuz!,"活动 专题 回顾 - 故园 徽州 网 - P o w e r e d b y D i s c u z !
",1,cse
http://www.99huizhou.com/thread-194029-1-1.html,方利山年终专稿：徽学的影响力-故园时评-故园徽州网- Powered by ...,"方利山 年终 专稿 ： 徽学 的 影响力 - 故园 时评 - 故园 徽州 网 - P o w e r e d b y...
",1,cse
http://www.99huizhou.com/thread-71825-2-1.html,故园徽州文化促进会理事会贺联-协会专区-故园徽州网- Powered by ...,"故园 徽州 文化 促进会 理事会 贺联 - 协会 专区 - 故园 徽州 网 - P o w e r e d b y...
",1,cse
http://www.99huizhou.com/thread-192668-1-1.html,2017“点亮徽州，西街文化之夜”故园徽州新春盛典报名帖,"2017 “ 点亮 徽州 ， 西街 文化 之 夜 ” 故园 徽州 新春 盛典 报 名帖
",1,cse
http://www.99huizhou.com/article-330-1.html,文化生态保护的担忧-方利山-故园徽州- Powered by Discuz!,"文化 生态 保护 的 担忧 - 方利山- 故园 徽州 - P o w e r e d b y D i s c u z !
",1,cse
http://www.99huizhou.com/thread-72901-1-1.html,国家科研项目“徽州文化生态保护、徽州宗族祠堂”调查（已更新调研报告 ...,"国家 科研 项目 “ 徽州 文化 生态 保护 、 徽州 宗族 祠堂 ” 调查 （ 已 更新 调研 报告 ...
",1,cse
http://www.99huizhou.com/thread-194577-1-1.html,方利山:光大徽学，“徽州”必须复名-故园时评-故园徽州网- Powered by ...,"方 利山 : 光大 徽学 ， “ 徽州 ” 必须 复 名 - 故园 时评 - 故园 徽州 网 - P o w e r e d b y...
",1,cse
http://www.99huizhou.com/thread-192675-1-1.html,送文化进城是个好点子-说鳖茶馆-故园徽州网- Powered by Discuz!,"送 文化 进城 是 个 好 点子 - 说 鳖 茶馆 - 故园 徽州 网 - P o w e r e d b y D i s c u z !
",1,cse
http://www.99huizhou.com/forum-159-1.html,黄山美食-徽州美食-黄山特产-故园徽州网- Powered by Discuz!,"黄山 美食 - 徽州 美食 - 黄山 特产 - 故园 徽州 网 - P o w e r e d b y D i s c u z !
",1,cse
http://www.99huizhou.com/archiver/fid-112.html,徽州收藏_徽州文化区_故园徽州_徽州网-故园徽州网-黄山门户社区 ...,"徽州 收藏_ 徽州 文化区_ 故园 徽州_ 徽州 网 - 故园 徽州 网 - 黄山 门户 社区 ...
",1,cse
http://www.99huizhou.com/thread-41330-1-1.html,绩溪县大事记（转帖）-徽州文化生态保护区专版-故园徽州网- Powered ...,"绩溪县 大事记 （ 转 帖 ） - 徽州 文化 生态 保护区 专版 - 故园 徽州 网 - P o w e r e d...
",1,cse
http://www.99huizhou.com/forum.php?mod=forumdisplay&fid=159,黄山美食-徽州美食-黄山特产-故园徽州网- Powered by Discuz!,"黄山 美食 - 徽州 美食 - 黄山 特产 - 故园 徽州 网 - P o w e r e d b y D i s c u z !
",1,cse
http://www.99huizhou.com/forum-266-1.html,徽州古村落-故园徽州- Powered by Discuz!,"徽州 古 村落 - 故园 徽州 - P o w e r e d b y D i s c u z !
",1,cse
http://www.99huizhou.com/archiver/index.php?action=tid&value=93616&&_dsign=feebde77,新安世医“张一帖”传承不衰-徽州文化生态保护区专版-故园徽州网 ...,"新安 世医 “ 张一 帖 ” 传承 不 衰 - 徽州 文化 生态 保护区 专版 - 故园 徽州 网...
",1,cse
http://www.99huizhou.com/forum-269-1.html,徽派赏石_故园徽州-故园徽州网- Powered by Discuz!,"徽派 赏 石_ 故园 徽州 - 故园 徽州 网 - P o w e r e d b y D i s c u z !
",1,cse
http://www.99huizhou.com/forum-70-1.html,寻根徽州_故园徽州-故园徽州网- Powered by Discuz!,"寻根 徽州_ 故园 徽州 - 故园 徽州 网 - P o w e r e d b y D i s c u z !
",1,cse
http://www.99huizhou.com/forum.php?gid=274,故园徽州-故园徽州网- Powered by Discuz!,"故园 徽州 - 故园 徽州 网 - P o w e r e d b y D i s c u z !
",1,cse
http://www.99huizhou.com/thread-190041-1-1.html,方利山文：用好珍贵资源振兴千年古黟-故园时评-故园徽州网- Powered ...,"方利山文 ： 用 好 珍贵 资源 振兴 千 年 古 黟- 故园 时评 - 故园 徽州 网 - P o w e r e d...
",1,cse
http://www.99huizhou.com/forum.php?mod=collection,淘帖- 故园徽州- Powered by Discuz!,"淘 帖 - 故园 徽州 - P o w e r e d b y D i s c u z !
",1,cse
http://www.99huizhou.com/forum-247-1.html,育才徽塾-黄山教育-故园徽州网- Powered by Discuz!,"育才 徽塾- 黄山 教育 - 故园 徽州 网 - P o w e r e d b y D i s c u z !
",1,cse
http://www.99huizhou.com/thread-185543-1-1.html,各地现存的汪公祭民俗-人文徽州-故园徽州网- Powered by Discuz!,"各地 现存 的 汪 公祭 民俗 - 人文 徽州 - 故园 徽州 网 - P o w e r e d b y D i s c u z !
",1,cse
http://www.99huizhou.com/thread-146682-1-1.html,木雕大师蒯正华荣获非遗最高奖中华非物质文化遗产传承人薪传奖 ...,"木雕 大师 蒯正华 荣获 非 遗 最高 奖 中华 非物质 文化 遗产 传承 人 薪 传 奖...
",1,cse
http://www.99huizhou.com/forum-267-1.html,寻徽之旅_故园徽州-故园徽州网- Powered by Discuz!,"寻 徽 之 旅_ 故园 徽州 - 故园 徽州 网 - P o w e r e d b y D i s c u z !
",1,cse
http://www.99huizhou.com/thread-187441-1-1.html,我的老家英坑(10-大结局）：古今故事说英坑-旅游户外-故园徽州网 ...,"我 的 老家 英 坑 ( 10- 大 结局 ） ： 古 今 故事 说 英 坑 - 旅游 户外 - 故园 徽州 网...
",1,cse
http://www.99huizhou.com/portal.php?mod=topic&topicid=4,提示信息- 故园徽州- Powered by Discuz!,"提示 信息 - 故园 徽州 - P o w e r e d b y D i s c u z !
",1,cse
http://www.99huizhou.com/home.php?mod=space&do=share,全部分享- 故园徽州- Powered by Discuz!,"全部 分享 - 故园 徽州 - P o w e r e d b y D i s c u z !
",1,cse
http://www.99huizhou.com/userapp.php,提示信息- 故园徽州- Powered by Discuz!,"提示 信息 - 故园 徽州 - P o w e r e d b y D i s c u z !
",1,cse
http://www.99huizhou.com/plugin.php?id=singcere_waterfall,随便逛逛- 故园徽州- Powered by Discuz!,"随便 逛逛 - 故园 徽州 - P o w e r e d b y D i s c u z !
",1,cse
http://www.99huizhou.com/thread-189611-1-1.html,方利山文： 学人楷模乡贤典范——纪念汪世清先生诞辰100周年-故园 ...,"方利山文 ： 学人 楷模 乡贤 典范 —— 纪念 汪 世清 先生 诞辰 100 周年 - 故园 ...
",1,cse
http://www.99huizhou.com/news/,黄山资讯|黄山新闻聚焦|黄山新闻网-故园徽州旗下站点- Powered by ...,"黄山 资讯 | 黄山 新闻 聚焦 | 黄山 新闻网 - 故园 徽州 旗 下 站点 - P o w e r e d b y...
",1,cse
http://www.99huizhou.com/thread-194651-1-1.html,为“徽州”计，是“撸起袖子加油干”的时候了-故园时评-故园徽州网 ...,"为 “ 徽州 ” 计 ， 是 “ 撸起 袖子 加油 干 ” 的 时候 了 - 故园 时评 - 故园 徽州 网...
",1,cse
http://www.99huizhou.com/forum-168-1.html,振兴徽州-故园徽州网- Powered by Discuz!,"振兴 徽州 - 故园 徽州 网 - P o w e r e d b y D i s c u z !
",1,cse
http://www.99huizhou.com/thread-193958-1-1.html,偶院院士注意-新安书画-故园徽州网- Powered by Discuz!,"偶 院 院士 注意 - 新安 书画 - 故园 徽州 网 - P o w e r e d b y D i s c u z !
",1,cse
http://www.99huizhou.com/forum-169-1.html,新安书画_故园徽州-故园徽州网- Powered by Discuz!,"新安 书画_ 故园 徽州 - 故园 徽州 网 - P o w e r e d b y D i s c u z !
",1,cse
http://www.99huizhou.com/thread-193957-1-1.html,他们不去磻溪了-新安书画-故园徽州网- Powered by Discuz!,"他们 不 去 磻溪 了 - 新安 书画 - 故园 徽州 网 - P o w e r e d b y D i s c u z !
",1,cse
http://www.99huizhou.com/thread-193959-1-1.html,真草隶篆行-新安书画-故园徽州网- Powered by Discuz!,"真 草隶篆 行 - 新安 书画 - 故园 徽州 网 - P o w e r e d b y D i s c u z !
",1,cse
http://www.99huizhou.com/forum-49-1.html,故园时评-黄山网评-故园徽州网- Powered by Discuz!,"故园 时评 - 黄山 网 评 - 故园 徽州 网 - P o w e r e d b y D i s c u z !
",1,cse
http://www.99huizhou.com/thread-193992-1-1.html,这幅大好-新安书画-故园徽州网- Powered by Discuz!,"这 幅 大好 - 新安 书画 - 故园 徽州 网 - P o w e r e d b y D i s c u z !
",1,cse
http://www.99huizhou.com/thread-193859-1-1.html,故园书画院成立三周年贺电-新安书画-故园徽州网- Powered by Discuz!,"故园 书画院 成立 三 周年 贺电 - 新安 书画 - 故园 徽州 网 - P o w e r e d b y D i s c u z !
",1,cse
http://www.99huizhou.com/thread-193991-1-1.html,徒子徒孙全来了-新安书画-故园徽州网- Powered by Discuz!,"徒子徒孙 全 来 了 - 新安 书画 - 故园 徽州 网 - P o w e r e d b y D i s c u z !
",1,cse
http://www.99huizhou.com/thread-192436-1-1.html,收藏杂项欣赏  -徽州收藏-故园徽州网- Powered by Discuz!,"收藏 杂项 欣赏 - 徽州 收藏 - 故园 徽州 网 - P o w e r e d b y D i s c u z !
",1,cse
http://www.99huizhou.com/dpw_activity-activity.html,活动中心- 故园徽州- Powered by Discuz!,"活动 中心 - 故园 徽州 - P o w e r e d b y D i s c u z !
",1,cse
http://www.99huizhou.com/forum.php?mod=forumdisplay&fid=279,政策法规_故园徽州-故园徽州网- Powered by Discuz!,"政策法规_ 故园 徽州 - 故园 徽州 网 - P o w e r e d b y D i s c u z !
",1,cse
http://www.99huizhou.com/thread-192641-1-1.html,偶院丁酉春联-新安书画-故园徽州网- Powered by Discuz!,"偶 院 丁酉 春联 - 新安 书画 - 故园 徽州 网 - P o w e r e d b y D i s c u z !
",1,cse
http://www.99huizhou.com/forum-264-1.html,媒体互动_故园徽州-故园徽州网- Powered by Discuz!,"媒体 互动_ 故园 徽州 - 故园 徽州 网 - P o w e r e d b y D i s c u z !
",1,cse
http://www.99huizhou.com/home.php?mod=space&do=album,最新更新的相册- 故园徽州- Powered by Discuz!,"最新 更新 的 相册 - 故园 徽州 - P o w e r e d b y D i s c u z !
",1,cse
http://www.99huizhou.com/forum.php?mod=guide,导读-最新热门- 故园徽州- Powered by Discuz!,"导读 - 最新 热门 - 故园 徽州 - P o w e r e d b y D i s c u z !
",1,cse
http://www.99huizhou.com/thread-192643-1-1.html,为徽州市写副春联-说鳖茶馆-故园徽州网- Powered by Discuz!,"为 徽州市 写 副 春联 - 说 鳖 茶馆 - 故园 徽州 网 - P o w e r e d b y D i s c u z !
",1,cse
http://www.99huizhou.com/forum.php?mod=forumdisplay&fid=109,摄影天地-黄山摄影网|黄山摄影家交流平台-故园徽州网- Powered by ...,"摄影 天地 - 黄山 摄影 网 | 黄山 摄影家 交流 平台 - 故园 徽州 网 - P o w e r e d b y...
",1,cse
http://www.99huizhou.com/thread-193994-1-1.html,为舒老师新书《徽州布衣》题一联-说鳖茶馆-故园徽州网- Powered by ...,"为 舒 老师 新书 《 徽州 布衣 》 题 一 联 - 说 鳖 茶馆 - 故园 徽州 网 - P o w e r e d b y...
",1,cse
http://www.99huizhou.com/archiver/fid-178.html,徽州得名888周年专版-故园徽州网- Powered by Discuz! Archiver,"徽州 得名 888 周年 专版 - 故园 徽州 网 - P o w e r e d b y D i s c u z ! A r c h i v e r
",1,cse
http://www.99huizhou.com/thread-149701-1-1.html,省文化厅厅长袁华一行参观蒯正华木雕工作室-徽州文化生态保护区专 ...,"省 文化厅 厅长 袁 华 一行 参观 蒯正华 木雕 工作室 - 徽州 文化 生态 保护区 专...
",1,cse
http://www.99huizhou.com/forum-101-1.html,旅游户外-徽州旅游户外第一平台-故园徽州网- Powered by Discuz!,"旅游 户外 - 徽州 旅游 户外 第一 平台 - 故园 徽州 网 - P o w e r e d b y D i s c u z !
",1,cse
http://www.99huizhou.com/thread-189730-1-1.html,沙孟海书法-新安书画-故园徽州网- Powered by Discuz!,"沙孟海 书法 - 新安 书画 - 故园 徽州 网 - P o w e r e d b y D i s c u z !
",1,cse
http://www.99huizhou.com/thread-189715-1-1.html,马大师夫人的字-新安书画-故园徽州网- Powered by Discuz!,"马 大师 夫人 的 字 - 新安 书画 - 故园 徽州 网 - P o w e r e d b y D i s c u z !
",1,cse
http://www.99huizhou.com/forum-109-1.html,摄影天地-黄山摄影网|黄山摄影家交流平台-故园徽州网- Powered by ...,"摄影 天地 - 黄山 摄影 网 | 黄山 摄影家 交流 平台 - 故园 徽州 网 - P o w e r e d b y...
",1,cse
http://www.99huizhou.com/thread-194559-1-1.html,对联-说鳖茶馆-故园徽州网- Powered by Discuz!,"对联 - 说 鳖 茶馆 - 故园 徽州 网 - P o w e r e d b y D i s c u z !
",1,cse
http://www.99huizhou.com/forum-170-1.html,投诉建议_故园徽州-故园徽州网- Powered by Discuz!,"投诉 建议_ 故园 徽州 - 故园 徽州 网 - P o w e r e d b y D i s c u z !
",1,cse
http://www.99huizhou.com/thread-185731-1-1.html,看图说徽州第三讲徽州照壁-寻徽之旅-故园徽州网- Powered by Discuz!,"看图 说 徽州 第三 讲 徽州 照壁 - 寻 徽 之 旅 - 故园 徽州 网 - P o w e r e d b y D i s c u z !
",1,cse
http://www.99huizhou.com/thread-194260-1-1.html,元旦送一联-说鳖茶馆-故园徽州网- Powered by Discuz!,"元旦 送 一 联 - 说 鳖 茶馆 - 故园 徽州 网 - P o w e r e d b y D i s c u z !
",1,cse
http://ahage.net/m/view.php?aid=22117,徽州文化的批判与发展_安徽文化网| 安徽文化人的网上家园，网上最大 ...,"徽州 文化 的 批判 与 发展_ 安徽 文化 网 | 安徽 文化人 的 网上 家园 ， 网上 最 大 ...
",1,cse
http://ahage.net/m/view.php?aid=2609,太平军和红卫兵——毁灭徽文化的两大妖魔_安徽文化网| 安徽文化人 ...,"太平军 和 红卫兵 —— 毁灭 徽 文化 的 两 大 妖魔_ 安徽 文化 网 | 安徽 文化人 ...
",1,cse
http://ahage.net/m/view.php?aid=19235,徽商的衰落与徽文化的局限_安徽文化网| 安徽文化人的网上家园，网上 ...,"徽商 的 衰落 与 徽 文化 的 局限_ 安徽 文化 网 | 安徽 文化人 的 网上 家园 ， 网上 ...
",1,cse
http://ahage.net/m/view.php?aid=7419,"根在传承,魂在创新——徽文化产业探索_安徽文化网| 安徽文化人的 ...","根 在 传承 , 魂 在 创新 —— 徽 文化 产业 探索_ 安徽 文化 网 | 安徽 文化人 的 ...
",1,cse
http://ahage.net/m/view.php?aid=18750,徽商的兴盛与徽文化的作用_安徽文化网| 安徽文化人的网上家园，网上 ...,"徽商 的 兴盛 与 徽 文化 的 作用_ 安徽 文化 网 | 安徽 文化人 的 网上 家园 ， 网上 ...
",1,cse
http://ahage.net/m/view.php?aid=7004,弘扬徽文化，砚海造神奇——记王祖伟_安徽文化网| 安徽文化人的网上 ...,"弘扬 徽 文化 ， 砚海 造 神奇 —— 记 王 祖伟_ 安徽 文化 网 | 安徽 文化人 的 网上 ...
",1,cse
http://www.ahage.net/lvyou/31373.html,行走绩溪古村落感受徽文化发源地之美_安徽文化网| 安徽文化人的 ...,"行走 绩溪 古 村落 感受 徽 文化 发源地 之 美_ 安徽 文化 网 | 安徽 文化人 的 ...
",1,cse
http://ahage.net/m/view.php?aid=31272,徽文化在铜陵地区的传承和影响_安徽文化网| 安徽文化人的网上家园 ...,"徽 文化 在 铜陵 地区 的 传承 和 影响_ 安徽 文化 网 | 安徽 文化人 的 网上 家园 ...
",1,cse
http://ahage.net/m/view.php?aid=31149,说说徽文化赏赏徽地理_安徽文化网| 安徽文化人的网上家园，网上最大 ...,"说说 徽 文化 赏赏 徽 地理_ 安徽 文化 网 | 安徽 文化人 的 网上 家园 ， 网上 最 大 ...
",1,cse
http://www.ahage.net/huixue/1934.html,谈谈徽文化研究的现实意义_我的网站,"谈谈 徽 文化 研究 的 现实 意义 _我 的 网站
",1,cse
http://ahage.net/m/view.php?aid=220,徽州文化的本质及其历史地位_安徽文化网| 安徽文化人的网上家园 ...,"徽州 文化 的 本质 及其 历史 地位_ 安徽 文化 网 | 安徽 文化人 的 网上 家园 ...
",1,cse
http://ahage.net/m/view.php?aid=2232,现代化与徽派建筑_安徽文化网| 安徽文化人的网上家园，网上最大的 ...,"现代化 与 徽派 建筑_ 安徽 文化 网 | 安徽 文化人 的 网上 家园 ， 网上 最 大 的 ...
",1,cse
http://ahage.net/m/view.php?aid=22115&pageno=2,关于徽州文化是平民文化还是贵族文化的讨论综述(2)_安徽文化网 ...,"关于 徽州 文化 是 平民 文化 还是 贵族 文化 的 讨论 综述 ( 2 )_ 安徽 文化 网...
",1,cse
http://www.ahage.net/news/12753.html,文化探寻活动——走进源泉徽文化博物馆_我的网站,"文化 探寻 活动 —— 走 进 源泉 徽 文化 博物馆_ 我 的 网站
",1,cse
http://www.ahage.net/zhuanti/mulu/10640.html,徽文化专题第二辑——安徽民俗_我的网站,"徽 文化 专题 第二 辑 —— 安徽 民俗_ 我 的 网站
",1,cse
http://www.ahage.net/cul/list_3_17.html,徽派文化/ 安徽文化_安徽文化网| 安徽文化人的网上家园，网上最大的 ...,"徽派 文化 / 安徽 文化_ 安徽 文化 网 | 安徽 文化人 的 网上 家园 ， 网上 最 大 的 ...
",1,cse
http://www.ahage.net/news/1759.html,安徽省徽州文化博物馆昨日在黄山市隆重开馆_我的网站,"安徽省 徽州 文化 博物馆 昨日 在 黄山市 隆重 开馆_ 我 的 网站
",1,cse
http://www.ahage.net/huidiao/huangshanyudiao.html,“徽州三雕”出新品黄山玉雕让徽文化放光彩_我的网站,"“ 徽州 三 雕 ” 出 新品 黄山 玉雕 让 徽 文化 放 光彩_ 我 的 网站
",1,cse
http://ahage.net/m/view.php?aid=22385,人工天不如——徽州“三雕”调查_安徽文化网| 安徽文化人的网上家园 ...,"人工 天 不如 —— 徽州 “ 三 雕 ” 调查_ 安徽 文化 网 | 安徽 文化人 的 网上 家园 ...
",1,cse
http://www.ahage.net/huicai/pinhuicaifengwei-ganshouhuiwenhua-anhuigedixiaochidahuiji.html,品徽菜风味，感受徽文化——安徽各地小吃大汇集_我的网站,"品 徽菜 风味 ， 感受 徽 文化 —— 安徽 各地 小吃 大 汇集_ 我 的 网站
",1,cse
http://ahage.net/m/view.php?aid=2686,第四届国际徽商大会文化产业成果综述_安徽文化网| 安徽文化人的 ...,"第四 届 国际 徽商 大会 文化 产业 成果 综述_ 安徽 文化 网 | 安徽 文化人 的 ...
",1,cse
http://ahage.net/m/view.php?aid=409,安徽绩溪与徽学研究_安徽文化网| 安徽文化人的网上家园，网上最大的 ...,"安徽 绩溪 与 徽学 研究_ 安徽 文化 网 | 安徽 文化人 的 网上 家园 ， 网上 最 大 的 ...
",1,cse
http://ahage.net/m/view.php?aid=5240,“徽”说_安徽文化网| 安徽文化人的网上家园，网上最大的安徽历史文化 ...,"“ 徽 ” 说_ 安徽 文化 网 | 安徽 文化人 的 网上 家园 ， 网上 最 大 的 安徽 历史 文化 ...
",1,cse
http://www.ahage.net/huixue/11303.html,徽州文化边缘幅射的例证:查济古村_我的网站,"徽州 文化 边缘 幅射 的 例证 : 查 济 古村_ 我 的 网站
",1,cse
http://www.ahage.net/news/1044_2.html,黄山徽州区:用发展与和谐擎起徽文化大旗(2)_我的网站,"黄山 徽州区 : 用 发展 与 和谐 擎 起 徽 文化 大旗 ( 2 )_ 我 的 网站
",1,cse
http://ahage.net/m/view.php?aid=4953,三个徽州人与三个犹太人_安徽文化网| 安徽文化人的网上家园，网上 ...,"三 个 徽州 人 与 三 个 犹太人_ 安徽 文化 网 | 安徽 文化人 的 网上 家园 ， 网上 ...
",1,cse
http://www.ahage.net/lunwen/13552.html,关于徽州文化保护和开发的调研报告_我的网站,"关于 徽州 文化 保护 和 开发 的 调研 报告_ 我 的 网站
",1,cse
http://ahage.net/m/view.php?aid=790,"21世纪徽学研讨会举行,学者纵论“徽商徽班徽文化”_安徽文化网| 安徽 ...","21 世纪 徽学 研讨会 举行 , 学者 纵论 “ 徽商 徽班 徽 文化 ”_ 安徽 文化 网 | 安徽 ...
",1,cse
http://ahage.net/m/view.php?aid=266,中国戏曲史上的活化石——徽州目连戏_安徽文化网| 安徽文化人的 ...,"中国 戏曲 史 上 的 活化石 —— 徽州 目 连戏_ 安徽 文化 网 | 安徽 文化人 的 ...
",1,cse
http://www.ahage.net/huixue/1950.html,谈西递宏村世界文化遗产的发掘研究保护利用_我的网站,"谈 西 递 宏村 世界 文化 遗产 的 发掘 研究 保护 利用_ 我 的 网站
",1,cse
http://www.ahage.net/about/,关于我们—安徽文化网，关于安徽文化网,"关于 我们 — 安徽 文化 网 ， 关于 安徽 文化 网
",1,cse
http://www.ahage.net/lunwen/22315.html,徽州楹联文化与其保存现状和利用——以绩溪县为例_我的网站,"徽州 楹联 文化 与 其 保存 现状 和 利用 —— 以 绩溪县 为例_ 我 的 网站
",1,cse
http://www.ahage.net/huishang/list_11_6.html,古今人物/ 徽商崛起_安徽文化网| 安徽文化人的网上家园，网上最大的 ...,"古今 人物 / 徽商 崛起_ 安徽 文化 网 | 安徽 文化人 的 网上 家园 ， 网上 最 大 的 ...
",1,cse
http://ahage.net/m/view.php?aid=16987,古徽州的“新安四宝”_安徽文化网| 安徽文化人的网上家园，网上最大的 ...,"古 徽州 的 “ 新安 四 宝 ”_ 安徽 文化 网 | 安徽 文化人 的 网上 家园 ， 网上 最 大 的 ...
",1,cse
http://ahage.net/m/view.php?aid=24337,徽州人胡适——写在胡适诞辰120周年_安徽文化网| 安徽文化人的网上 ...,"徽州 人 胡 适 —— 写 在 胡 适 诞辰 120 周年_ 安徽 文化 网 | 安徽 文化人 的 网上 ...
",1,cse
http://www.ahage.net/huishang/list_11_7.html,古今人物/ 徽商崛起_安徽文化网| 安徽文化人的网上家园，网上最大的 ...,"古今 人物 / 徽商 崛起_ 安徽 文化 网 | 安徽 文化人 的 网上 家园 ， 网上 最 大 的 ...
",1,cse
http://www.ahage.net/huiju/4845.html,徽戏在中国戏曲史上的地位_我的网站,"徽 戏 在 中国 戏曲 史 上 的 地位_ 我 的 网站
",1,cse
http://ahage.net/m/view.php?aid=2744&pageno=3,休宁德胜鲁班木工学校，一石三鸟的伟大创举(3)_安徽文化网| 安徽 ...,"休 宁德 胜 鲁班 木工 学校 ， 一 石 三 鸟 的 伟大 创举 ( 3 )_ 安徽 文化 网 | 安徽 ...
",1,cse
http://ahage.net/m/view.php?aid=10574,徽州农民画家亦风流_安徽文化网| 安徽文化人的网上家园，网上最大的 ...,"徽州 农民 画家 亦 风流_ 安徽 文化 网 | 安徽 文化人 的 网上 家园 ， 网上 最 大 的 ...
",1,cse
http://www.ahage.net/huixue/list_7_5.html,徽史纵览/ 徽学研究_我的网站,"徽 史 纵览 / 徽学 研究_ 我 的 网站
",1,cse
http://www.ahage.net/html/culpic/22659_14.html,安庆五千年文博园传承中华五千年文化(14)_安徽文化网www.ahage.net,"安庆 五千 年 文博 园 传承 中华 五千 年 文化 ( 14 )_ 安徽 文化 网 w w w.a h a g e.n e t
",1,cse
http://ahage.net/m/view.php?aid=23290,徽商故里、千年古村、生态之乡——休宁商山_安徽文化网| 安徽文化人 ...,"徽商 故里 、 千 年 古 村 、 生态 之 乡 —— 休宁 商山_ 安徽 文化 网 | 安徽 文化人 ...
",1,cse
http://ahage.net/m/view.php?aid=12046,民办博物馆，传承安徽文化新渠道_安徽文化网| 安徽文化人的网上家园 ...,"民办 博物馆 ， 传承 安徽 文化 新 渠道_ 安徽 文化 网 | 安徽 文化人 的 网上 家园 ...
",1,cse
http://ahage.net/m/view.php?aid=15212,明代徽派民居佳构五教堂_安徽文化网| 安徽文化人的网上家园，网上 ...,"明代 徽派 民居 佳 构 五 教堂_ 安徽 文化 网 | 安徽 文化人 的 网上 家园 ， 网上 ...
",1,cse
http://ahage.net/m/view.php?aid=2889&pageno=2,徽州民间工艺从草堂走向殿堂(2)_安徽文化网| 安徽文化人的网上家园 ...,"徽州 民间 工艺 从 草堂 走向 殿堂 ( 2 )_ 安徽 文化 网 | 安徽 文化人 的 网上 家园 ...
",1,cse
http://www.ahage.net/huiju/989.html,从“罚戏碑”看徽州的戏曲文化——徽州文化系列谈_我的网站,"从 “ 罚 戏 碑 ” 看 徽州 的 戏曲 文化 —— 徽州 文化 系列谈_ 我 的 网站
",1,cse
http://www.ahage.net/huiju/984.html,徽州文化系列谈——徽州古戏台_我的网站,"徽州 文化 系列谈 —— 徽州 古 戏台_ 我 的 网站
",1,cse
http://ahage.net/m/view.php?aid=4968,篁墩：徽州宗族的圣地_安徽文化网| 安徽文化人的网上家园，网上最大 ...,"篁墩 ： 徽州 宗族 的 圣地_ 安徽 文化 网 | 安徽 文化人 的 网上 家园 ， 网上 最 大 ...
",1,cse
http://ahage.net/m/view.php?aid=4966&pageno=2,徽州：儒教圣地(2)_安徽文化网| 安徽文化人的网上家园，网上最大的 ...,"徽州 ： 儒教 圣地 ( 2 )_ 安徽 文化 网 | 安徽 文化人 的 网上 家园 ， 网上 最 大 的 ...
",1,cse
http://ahage.net/m/view.php?aid=4571,千年古镇——上庄（胡适老家）_安徽文化网| 安徽文化人的网上家园 ...,"千年 古镇 —— 上 庄 （ 胡 适 老家 ）_ 安徽 文化 网 | 安徽 文化人 的 网上 家园 ...
",1,cse
http://www.ahage.net/zatan/2097.html,新安代代显风流徽州文化传千古_我的网站,"新安 代代 显 风流 徽州 文化 传 千古_ 我 的 网站
",1,cse
http://www.ahage.net/lvyou/28812.html,亳州的古淝公所_我的网站,"亳州 的 古淝 公所_ 我 的 网站
",1,cse
http://www.ahage.net/lvyou/4709.html,青瓦白墙恋徽州_我的网站,"青瓦 白 墙 恋 徽州_ 我 的 网站
",1,cse
http://www.ahage.net/huiju/1990.html,寻找徽戏的踪迹_我的网站,"寻找 徽 戏 的 踪迹_ 我 的 网站
",1,cse
http://ahage.net/m/view.php?aid=19719,记“徽州三雕”国家级代表性传承人方新中_安徽文化网| 安徽文化人的 ...,"记 “ 徽州 三 雕 ” 国家级 代表性 传承 人 方 新 中_ 安徽 文化 网 | 安徽 文化人 的 ...
",1,cse
http://www.ahage.net/lunwen/13552_2.html,关于徽州文化保护和开发的调研报告(2)_我的网站,"关于 徽州 文化 保护 和 开发 的 调研 报告 ( 2 )_ 我 的 网站
",1,cse
http://www.ahage.net/news/16123.html,安徽文化网推出《徽州旧事》专栏（图）_我的网站,"安徽 文化 网 推出 《 徽州 旧事 》 专栏 （ 图 ）_ 我 的 网站
",1,cse
http://www.ahage.net/shuhua/32462.html,皖南书画家作品邀请展在石台县隆重开幕_安徽文化网| 安徽文化人的 ...,"皖南 书画家 作品 邀请展 在 石台县 隆重 开幕_ 安徽 文化 网 | 安徽 文化人 的 ...
",1,cse
http://ahage.net/m/view.php?aid=6889,两宋徽（州）籍诗人考_安徽文化网| 安徽文化人的网上家园，网上最大的 ...,"两 宋 徽（州）籍 诗人 考_ 安徽 文化 网 | 安徽 文化人 的 网上 家园 ， 网上 最 大 的 ...
",1,cse
http://ahage.net/m/view.php?aid=22994,徽州区中医世家概述_安徽文化网| 安徽文化人的网上家园，网上最大的 ...,"徽州区 中医 世家 概述_ 安徽 文化 网 | 安徽 文化人 的 网上 家园 ， 网上 最 大 的 ...
",1,cse
http://www.ahage.net/huipaijianzhu/30374.html,石灰窑、砖瓦窑——徽派古建筑的功臣_安徽文化网| 安徽文化人的网上 ...,"石灰窑 、 砖瓦窑 —— 徽派 古建筑 的 功臣_ 安徽 文化 网 | 安徽 文化人 的 网上 ...
",1,cse
http://www.ahage.net/image/25907_2.html,皖首台大型实景剧《宏村•阿菊》首演(3)_我的网站,"皖首台 大型 实景 剧 《 宏村•阿菊 》 首演 ( 3 )_ 我 的 网站
",1,cse
http://www.ahage.net/lvyou/4986.html,包公园之清风阁：弘扬包公精神融汇徽州文化精义_我的网站,"包 公园 之 清风 阁 ： 弘扬 包公 精神 融汇 徽州 文化 精义_ 我 的 网站
",1,cse
http://www.ahage.net/lunwen/4945.html,徽州宗祠文化与程朱理学思想_我的网站,"徽州 宗祠 文化 与 程朱理学 思想_ 我 的 网站
",1,cse
http://www.ahage.net/news/1349.html,安徽文化网寻求历史文化类网站、地方门户论坛合作_我的网站,"安徽 文化 网 寻求 历史 文化 类 网站 、 地方 门户 论坛 合作_ 我 的 网站
",1,cse
http://www.ahage.net/lvyou/23290.html,徽商故里、千年古村、生态之乡——休宁商山_我的网站,"徽商 故里 、 千 年 古 村 、 生态 之 乡 —— 休宁 商山_ 我 的 网站
",1,cse
http://ahage.net/m/view.php?aid=385,重寻绩溪汪华墓的情思_安徽文化网| 安徽文化人的网上家园，网上最大 ...,"重寻 绩溪 汪 华墓 的 情思_ 安徽 文化 网 | 安徽 文化人 的 网上 家园 ， 网上 最 大 ...
",1,cse
http://ahage.net/m/view.php?aid=22268,古村落保护之忧思——从上叶古村的消亡谈起_安徽文化网| 安徽文化 ...,"古 村落 保护 之 忧思 —— 从 上 叶 古 村 的 消亡 谈 起_ 安徽 文化 网 | 安徽 文化 ...
",1,cse
http://www.ahage.net/huixue/1327.html,浅析明清时期徽州民居天井与庭院文化特征_我的网站,"浅析 明清 时期 徽州 民居 天井 与 庭院 文化 特征_ 我 的 网站
",1,cse
http://www.ahage.net/huidiao/29725.html,源泉博物馆馆长宣繁秋：对徽州木雕的认知_安徽文化网| 安徽文化人的 ...,"源泉 博物馆 馆长 宣 繁 秋 ： 对 徽州 木雕 的 认知_ 安徽 文化 网 | 安徽 文化人 的 ...
",1,cse
http://www.ahage.net/huipaijianzhu/1962.html,杂谈徽派建筑“徽”字之妙(组图)_我的网站,"杂谈 徽派 建筑 “ 徽 ” 字 之 妙 ( 组图 )_ 我 的 网站
",1,cse
http://www.ahage.net/news/15242.html,合肥将举办“收藏最美徽州”水彩画展（图）_我的网站,"合肥 将 举办 “ 收藏 最 美 徽州 ” 水彩 画展 （ 图 ）_ 我 的 网站
",1,cse
http://www.ahage.net/lunwen/13553.html,论皖江文化研究的价值_我的网站,"论 皖江 文化 研究 的 价值_ 我 的 网站
",1,cse
http://ahage.net/m/view.php?aid=5263,徽派篆刻的艺术特征_安徽文化网| 安徽文化人的网上家园，网上最大的 ...,"徽派 篆刻 的 艺术 特征_ 安徽 文化 网 | 安徽 文化人 的 网上 家园 ， 网上 最 大 的 ...
",1,cse
http://ahage.net/m/list.php?tid=4&TotalResult=969&PageNo=96,戏曲舞蹈_安徽文化网| 安徽文化人的网上家园，网上最大的安徽历史 ...,"戏曲 舞蹈_ 安徽 文化 网 | 安徽 文化人 的 网上 家园 ， 网上 最 大 的 安徽 历史 ...
",1,cse
http://ahage.net/m/view.php?aid=2252,西川胡氏商儒仕三代_安徽文化网| 安徽文化人的网上家园，网上最大的 ...,"西川 胡氏 商儒 仕三代_ 安徽 文化 网 | 安徽 文化人 的 网上 家园 ， 网上 最 大 的 ...
",1,cse
http://ahage.net/m/view.php?aid=256,徽州古戏台及其建筑艺术_安徽文化网| 安徽文化人的网上家园，网上 ...,"徽州 古 戏台 及其 建筑 艺术_ 安徽 文化 网 | 安徽 文化人 的 网上 家园 ， 网上 ...
",1,cse
http://ahage.net/m/view.php?aid=1396,徽派戏曲——明清徽州戏曲文化_安徽文化网| 安徽文化人的网上家园 ...,"徽派 戏曲 —— 明清 徽州 戏曲 文化_ 安徽 文化 网 | 安徽 文化人 的 网上 家园 ...
",1,cse
http://ahage.net/m/view.php?aid=32428,探寻“互联网+博物馆”新形态_安徽文化网| 安徽文化人的网上家园 ...,"探寻 “ 互联网 + 博物馆 ” 新 形态_ 安徽 文化 网 | 安徽 文化人 的 网上 家园 ...
",1,cse
http://ahage.net/m/view.php?aid=199,徽学的界定及其研究方法_安徽文化网| 安徽文化人的网上家园，网上 ...,"徽学 的 界定 及其 研究 方法_ 安徽 文化 网 | 安徽 文化人 的 网上 家园 ， 网上 ...
",1,cse
http://ahage.net/m/view.php?aid=25439,文房四宝之徽墨在旌德_安徽文化网| 安徽文化人的网上家园，网上最大 ...,"文房四宝 之 徽墨 在 旌德_ 安徽 文化 网 | 安徽 文化人 的 网上 家园 ， 网上 最 大 ...
",1,cse
http://www.ahage.net/news/465.html,关于安徽文化网_我的网站,"关于 安徽 文化 网_ 我 的 网站
",1,cse
http://www.ahage.net/huiju/2191.html,绩溪县伏岭镇——徽剧发源地_我的网站,"绩溪县 伏 岭 镇 —— 徽剧 发源地_ 我 的 网站
",1,cse
http://www.ahage.net/huixue/12618.html,初识朱熹、戴震、胡适三者之间的关系_我的网站,"初 识 朱熹 、 戴震 、 胡 适 三 者 之间 的 关系_ 我 的 网站
",1,cse
http://www.ahage.net/fengsu/26914.html,浅说徽州人对八仙桌座次排定的一些讲究_我的网站,"浅说 徽州 人 对 八仙桌 座次 排定 的 一些 讲究_ 我 的 网站
",1,cse
http://www.ahage.net/huipaijianzhu/2031.html,黑与白——徽派建筑_我的网站,"黑 与 白 —— 徽派 建筑_ 我 的 网站
",1,cse
http://ahage.net/m/view.php?aid=12176,绩溪胡姓探源_安徽文化网| 安徽文化人的网上家园，网上最大的安徽 ...,"绩溪 胡姓 探源_ 安徽 文化 网 | 安徽 文化人 的 网上 家园 ， 网上 最 大 的 安徽 ...
",1,cse
http://www.ahage.net/html/tuijian/12340.html,撩开泾川古民居的神秘面纱_我的网站,"撩开 泾川 古 民居 的 神秘 面纱_ 我 的 网站
",1,cse
http://ahage.net/m/view.php?aid=17771,荫馀堂随想_安徽文化网| 安徽文化人的网上家园，网上最大的安徽历史 ...,"荫 馀堂 随想_ 安徽 文化 网 | 安徽 文化人 的 网上 家园 ， 网上 最 大 的 安徽 历史 ...
",1,cse
http://ahage.net/m/view.php?aid=30526,徽州祠堂_安徽文化网| 安徽文化人的网上家园，网上最大的安徽历史 ...,"徽州 祠堂_ 安徽 文化 网 | 安徽 文化人 的 网上 家园 ， 网上 最 大 的 安徽 历史 ...
",1,cse
http://www.ahage.net/plus/flink.php,安徽文化网| 安徽文化人的网上家园，网上最大的安徽历史文化资料 ...,"安徽 文化 网 | 安徽 文化人 的 网上 家园 ， 网上 最 大 的 安徽 历史 文化 资料 ...
",1,cse
http://ahage.net/m/view.php?aid=18446,徽商与明清徽州科举业_安徽文化网| 安徽文化人的网上家园，网上最大 ...,"徽商 与 明清 徽州 科举 业_ 安徽 文化 网 | 安徽 文化人 的 网上 家园 ， 网上 最 大 ...
",1,cse
http://www.ahage.net/huidiao/27924.html,钟馗造像与汪氏一门——谨以此文纪念一位徽州木雕老者_我的网站,"钟馗 造像 与 汪氏 一 门 —— 谨 以 此文 纪念 一 位 徽州 木雕 老者_ 我 的 网站
",1,cse
http://ahage.net/m/view.php?aid=1044,黄山徽州区:用发展与和谐擎起徽文化大旗_安徽文化网| 安徽文化人的 ...,"黄山 徽州区 : 用 发展 与 和谐 擎 起 徽 文化 大 旗_ 安徽 文化 网 | 安徽 文化人 的 ...
",1,cse
http://ahage.net/m/view.php?aid=11239,中博会文艺晚会将主打“徽”文化_安徽文化网| 安徽文化人的网上家园 ...,"中 博会 文艺 晚会 将 主打 “ 徽 ” 文化_ 安徽 文化 网 | 安徽 文化人 的 网上 家园 ...
",1,cse
http://ahage.net/m/view.php?aid=983,说说徽州书院的讲会制度——徽州文化系列谈_安徽文化网| 安徽文化 ...,"说说 徽州 书院 的 讲 会 制度 —— 徽州 文化 系列谈_ 安徽 文化 网 | 安徽 文化 ...
",1,cse
http://ahage.net/m/view.php?aid=2031,黑与白——徽派建筑_安徽文化网| 安徽文化人的网上家园，网上最大的 ...,"黑 与 白 —— 徽派 建筑_ 安徽 文化 网 | 安徽 文化人 的 网上 家园 ， 网上 最 大 的 ...
",1,cse
http://ahage.net/m/view.php?aid=1717&pageno=2,徽州人的“胎记”：怪异方言令外人懵懂(2)_安徽文化网| 安徽文化人的 ...,"徽州 人 的 “ 胎记 ” ： 怪异 方言 令 外人 懵懂 ( 2 )_ 安徽 文化 网 | 安徽 文化人 的 ...
",1,cse
http://ahage.net/m/view.php?aid=1340&pageno=5,徽州女人——侠情柔骨母仪天下的徽娘(5)_安徽文化网| 安徽文化人的 ...,"徽州 女人 —— 侠情 柔 骨 母 仪 天下 的 徽 娘 ( 5 )_ 安徽 文化 网 | 安徽 文化人 的 ...
",1,cse
http://www.ahage.net/news/17131_2.html,皖南徽派“三雕”有传人（组图）(2)_我的网站,"皖南 徽派 “ 三 雕 ” 有 传人 （ 组图 ） ( 2 )_ 我 的 网站
",1,cse
http://ahage.net/m/view.php?aid=2370,屯溪博物馆藏“徽州砖雕”_安徽文化网| 安徽文化人的网上家园，网上 ...,"屯溪 博物馆 藏 “ 徽州 砖雕 ”_ 安徽 文化 网 | 安徽 文化人 的 网上 家园 ， 网上 ...
",1,cse
http://ahage.net/m/view.php?aid=10858,休宁发现清代万安罗盘作坊老店_安徽文化网| 安徽文化人的网上家园 ...,"休宁 发现 清代 万安 罗 盘 作坊 老店_ 安徽 文化 网 | 安徽 文化人 的 网上 家园 ...
",1,cse
http://www.ahage.net/bbs/thread.php?fid-222.html,资料下载区- 安徽文化论坛- 安徽文化网| 安徽文化人的网上家园ahage ...,"资料 下载 区 - 安徽 文化 论坛 - 安徽 文化 网 | 安徽 文化人 的 网上 家园 a h a g e...
",1,cse
http://ahage.net/m/view.php?aid=1043,五大难题挑战“西递、宏村”保护_安徽文化网| 安徽文化人的网上家园 ...,"五 大 难题 挑战 “ 西递 、 宏村 ” 保护_ 安徽 文化 网 | 安徽 文化人 的 网上 家园 ...
",1,cse
http://ahage.net/m/view.php?aid=587,安徽徽剧的历史介绍与发展现状_安徽文化网| 安徽文化人的网上家园 ...,"安徽 徽剧 的 历史 介绍 与 发展 现状_ 安徽 文化 网 | 安徽 文化人 的 网上 家园 ...
",1,cse
http://cul.anhuinews.com/,徽文化频道-中安在线,"徽 文化 频道 - 中 安 在线
",1,cse
http://cul.anhuinews.com/system/2017/01/25/007553182.shtml,天长小记者寻访“天官画”传承徽文化中安在线-徽文化频道,"天长 小 记者 寻访 “ 天官 画 ” 传承 徽 文化 中 安 在线 - 徽 文化 频道
",1,cse
http://cul.anhuinews.com/system/2016/05/23/007355141.shtml,徽文化“动起来”:推动徽文化走向世界中安在线-徽文化频道,"徽 文化 “ 动 起来 ” : 推动 徽 文化 走向 世界 中 安 在线 - 徽 文化 频道
",1,cse
http://cul.anhuinews.com/system/2017/01/16/007546338.shtml,三阳古徽州的“微型读本” 中安在线-徽文化频道,"三 阳 古 徽州 的 “ 微型 读本 ” 中 安 在线 - 徽 文化 频道
",1,cse
http://cul.anhuinews.com/system/2016/11/29/007516124.shtml,中安在线－徽文化,"中 安 在线 － 徽 文化
",1,cse
http://cul.anhuinews.com/system/2016/12/13/007525809.shtml,30余位中外书画家安徽体验“徽文化” 中安在线-徽文化频道,"30 余 位 中外 书画家 安徽 体验 “ 徽 文化 ” 中 安 在线 - 徽 文化 频道
",1,cse
http://cul.anhuinews.com/system/2016/10/18/007484555.shtml,“徽州文化”行走课堂走进徽博中安在线-徽文化频道,"“ 徽州 文化 ” 行走 课堂 走 进 徽 博中 安 在线 - 徽 文化 频道
",1,cse
http://cul.anhuinews.com/system/2016/11/28/007515276.shtml,洪建华夫妇的竹刻人生中安在线-徽文化频道,"洪 建华 夫妇 的 竹刻 人生 中 安 在线 - 徽 文化 频道
",1,cse
http://cul.anhuinews.com/system/2017/01/20/007549875.shtml,亳州市:惠民大戏进万村中安在线-徽文化频道,"亳州市 : 惠民 大戏 进 万 村 中 安 在线 - 徽 文化 频道
",1,cse
http://cul.anhuinews.com/system/2017/01/25/007553200.shtml,传统技艺之定远花布印染中安在线-徽文化频道,"传统 技艺 之 定远 花布 印染 中 安 在线 - 徽 文化 频道
",1,cse
http://cul.anhuinews.com/system/2017/01/16/007546458.shtml,阜阳市:家门口看大戏中安在线-徽文化频道,"阜阳市 : 家门口 看 大 戏中 安 在线 - 徽 文化 频道
",1,cse
http://cul.anhuinews.com/system/2017/01/16/007546423.shtml,民俗艺人岁末“暖场” 中安在线-徽文化频道,"民俗 艺人 岁末 “ 暖 场 ” 中 安 在线 - 徽 文化 频道
",1,cse
http://cul.anhuinews.com/system/2017/01/16/007546407.shtml,正大气象《三人行》 中安在线-徽文化频道,"正 大 气象 《 三人行 》 中 安 在线 - 徽 文化 频道
",1,cse
http://cul.anhuinews.com/system/2016/02/06/007211125.shtml,徽墨：传播徽文化的最早使者徽文化频道中安在线,"徽墨 ： 传播 徽 文化 的 最 早 使者 徽 文化 频道 中 安 在线
",1,cse
http://cul.anhuinews.com/system/2015/12/29/007153575.shtml,深圳市徽文化研究会成立(组图) 徽文化频道中安在线,"深圳 市徽 文化 研究会 成立 ( 组图 ) 徽 文化 频道 中 安 在线
",1,cse
http://cul.anhuinews.com/system/2016/03/31/007286355.shtml,《徽州文化大辞典》首发式举行（图） 中安在线-徽文化频道,"《 徽州 文化 大 辞典 》 首发式 举行 （ 图 ） 中 安 在线 - 徽 文化 频道
",1,cse
http://cul.anhuinews.com/system/2017/01/22/007550907.shtml,庐州四大楼百年风云中安在线-徽文化频道,"庐州 四 大楼 百年 风 云中 安 在线 - 徽 文化 频道
",1,cse
http://cul.anhuinews.com/system/2016/08/05/007429571.shtml,海归人士子女体验“徽文化”（组图） 中安在线-徽文化频道,"海归 人士 子女 体验 “ 徽 文化 ” （ 组图 ） 中 安 在线 - 徽 文化 频道
",1,cse
http://cul.anhuinews.com/system/2016/08/12/007435272.shtml,安徽国家重点文物保护专项资金分配(表) 中安在线-徽文化频道,"安徽 国家 重点 文物 保护 专项 资金 分配 ( 表 ) 中 安 在线 - 徽 文化 频道
",1,cse
http://cul.anhuinews.com/system/2016/07/27/007420773.shtml,26个国家青年汉学家来安徽考察徽州文化(图) 中安在线-徽文化频道,"26 个 国家 青年 汉学家 来 安徽 考察 徽州 文化 ( 图 ) 中 安 在线 - 徽 文化 频道
",1,cse
http://cul.anhuinews.com/system/2017/01/28/007554233.shtml,黄梅戏亮相央视春晚，博得阵阵喝彩中安在线-徽文化频道,"黄梅戏 亮相 央视 春晚 ， 博得 阵阵 喝彩 中 安 在线 - 徽 文化 频道
",1,cse
http://cul.anhuinews.com/system/2016/11/01/007495930.shtml,第六届中国徽菜博览会开幕中安在线-徽文化频道,"第六 届 中国 徽菜 博览会 开幕 中 安 在线 - 徽 文化 频道
",1,cse
http://cul.anhuinews.com/system/2016/01/07/007166350.shtml,徽学、徽文化不应受地域影响徽文化频道中安在线,"徽学 、 徽 文化 不 应受 地域 影响 徽 文化 频道 中 安 在线
",1,cse
http://cul.anhuinews.com/system/2016/11/17/007508029.shtml,贾道儒行竹雕人中安在线-徽文化频道,"贾 道儒 行 竹雕 人 中 安 在线 - 徽 文化 频道
",1,cse
http://cul.anhuinews.com/system/2016/05/12/007342647.shtml,歙县徽班纪念馆展示、传承徽文化（图） 中安在线-徽文化频道,"歙县 徽班 纪念馆 展示 、 传承 徽 文化 （ 图 ） 中 安 在线 - 徽 文化 频道
",1,cse
http://cul.anhuinews.com/system/2016/11/03/007497415.shtml,吴成林让徽墨飘香四海中安在线-徽文化频道,"吴 成林 让 徽墨 飘香 四海 中 安 在线 - 徽 文化 频道
",1,cse
http://cul.anhuinews.com/system/2016/11/22/007511083.shtml,探秘“超级宣纸”制作工艺中安在线-徽文化频道,"探秘 “ 超级 宣纸 ” 制作 工艺 中 安 在线 - 徽 文化 频道
",1,cse
http://cul.anhuinews.com/system/2016/02/03/007205404.shtml,黄山创新推动徽文化保护传承徽文化频道中安在线,"黄山 创新 推动 徽 文化 保护 传承 徽 文化 频道 中 安 在线
",1,cse
http://cul.anhuinews.com/system/2016/08/22/007442361.shtml,近40位海外文化侨社负责人赴皖体验“徽文化” 中安在线-徽文化频道,"近 40 位 海外 文化 侨社 负责人 赴皖 体验 “ 徽 文化 ” 中 安 在线 - 徽 文化 频道
",1,cse
http://cul.anhuinews.com/system/2016/11/07/007499761.shtml,休宁：特色民俗引客来中安在线-徽文化频道,"休宁 ： 特色 民俗 引 客来 中 安 在线 - 徽 文化 频道
",1,cse
http://cul.anhuinews.com/system/2016/03/25/007277889.shtml,安徽文化地理：徽州的居所中安在线-徽文化频道,"安徽 文化 地理 ： 徽州 的 居所 中 安 在线 - 徽 文化 频道
",1,cse
http://cul.anhuinews.com/system/2016/08/01/007424766.shtml,黄山市打造靓丽“文化名片” 中安在线-徽文化频道,"黄山市 打造 靓丽 “ 文化 名片 ” 中 安 在线 - 徽 文化 频道
",1,cse
http://cul.anhuinews.com/system/2016/11/23/007512392.shtml,歙县瓷烛台赏析中安在线-徽文化频道,"歙县 瓷 烛台 赏析 中 安 在线 - 徽 文化 频道
",1,cse
http://cul.anhuinews.com/system/2016/01/07/007166331.shtml,以徽州文化生态赖以存生发展的徽派建筑（图）-徽文化-中安在线,"以 徽州 文化 生态 赖以 存生 发展 的 徽派 建筑 （ 图 ） - 徽 文化 - 中 安 在线
",1,cse
http://cul.anhuinews.com/system/2016/08/18/007439892.shtml,学子体验徽文化：重温那悠久的时光(图) 中安在线-徽文化频道,"学子 体验 徽 文化 ： 重温 那 悠久 的 时光 ( 图 ) 中 安 在线 - 徽 文化 频道
",1,cse
http://cul.anhuinews.com/system/2016/10/11/007478226.shtml,纪录片《花鼓纪》登陆央视中安在线-徽文化频道,"纪录片 《 花鼓 纪 》 登陆 央视 中 安 在线 - 徽 文化 频道
",1,cse
http://cul.anhuinews.com/system/2016/09/20/007464649.shtml,韩再芬携名家演绎黄梅戏经典折子戏（图） 中安在线-徽文化频道,"韩 再 芬 携 名家 演绎 黄梅戏 经典 折子戏 （ 图 ） 中 安 在线 - 徽 文化 频道
",1,cse
http://cul.anhuinews.com/system/2016/07/19/007414127.shtml,安徽饮食文化，你了解吗？ 中安在线-徽文化频道,"安徽 饮食 文化 ， 你 了 解 吗 ？ 中 安 在线 - 徽 文化 频道
",1,cse
http://cul.anhuinews.com/system/2016/12/21/007531581.shtml,安徽：宣纸纪念产品正式挂牌上市交易中安在线-徽文化频道,"安徽 ： 宣纸 纪念 产品 正式 挂牌 上市 交易 中 安 在线 - 徽 文化 频道
",1,cse
http://cul.anhuinews.com/system/2016/12/30/007537769.shtml,合肥：“非遗”作品迎新年中安在线-徽文化频道,"合肥 ： “ 非 遗 ” 作品 迎 新年 中 安 在线 - 徽 文化 频道
",1,cse
http://cul.anhuinews.com/system/2016/02/18/007223184.shtml,影视镜头里的“徽文化”：让人沉醉徽文化频道中安在线,"影视 镜头 里 的 “ 徽 文化 ” ： 让 人 沉醉 徽 文化 频道 中 安 在线
",1,cse
http://cul.anhuinews.com/system/2016/10/10/007477691.shtml,黄梅戏优秀剧目《唐诗宋词》安庆上演中安在线-徽文化频道,"黄梅戏 优秀 剧目 《 唐诗 宋词 》 安庆 上演 中 安 在线 - 徽 文化 频道
",1,cse
http://cul.anhuinews.com/system/2008/01/15/001932451.shtml,"徽文化生态保护区获批婺源、绩溪纳入-徽文化,婺源,绩溪-中安在线-徽 ...","徽 文化 生态 保护区 获 批 婺源 、 绩溪 纳入 - 徽 文化 , 婺源 , 绩溪 - 中 安 在线 - 徽...
",1,cse
http://cul.anhuinews.com/system/2016/01/25/007192641.shtml,略谈安徽地域文化的流变和形成-徽文化-中安在线,"略 谈 安徽 地域 文化 的 流 变 和 形成 - 徽 文化 - 中 安 在线
",1,cse
http://cul.anhuinews.com/system/2016/07/25/007418942.shtml,安徽将打造黄梅戏影视文化特区中安在线-徽文化频道,"安徽 将 打造 黄梅戏 影视 文化 特区 中 安 在线 - 徽 文化 频道
",1,cse
http://cul.anhuinews.com/system/2016/07/06/007402380.shtml,中安在线－徽文化,"中 安 在线 － 徽 文化
",1,cse
http://cul.anhuinews.com/system/2016/11/09/007501326.shtml,陈晓明书画作品展在合肥举办中安在线-徽文化频道,"陈 晓明 书画 作品展 在 合肥 举办 中 安 在线 - 徽 文化 频道
",1,cse
http://cul.anhuinews.com/system/2008/07/11/002061549.shtml,徽文化出版精品展销月今启动-徽文化-中安在线-徽文化,"徽 文化 出版 精品 展销 月 今 启动 - 徽 文化 - 中 安 在线 - 徽 文化
",1,cse
http://cul.anhuinews.com/system/2016/12/26/007534325.shtml,2017铜陵新年音乐会精彩上演中安在线-徽文化频道,"2017 铜陵 新年 音乐会 精彩 上 演 中 安 在线 - 徽 文化 频道
",1,cse
http://cul.anhuinews.com/system/2015/05/08/006788113.shtml,话剧《徽商传奇》亮相国家大剧院（图） 徽文化频道中安在线,"话剧 《 徽商 传奇 》 亮相 国家 大 剧院 （ 图 ） 徽 文化 频道 中 安 在线
",1,cse
http://cul.anhuinews.com/system/2016/01/27/007196317.shtml,徽菜介绍，及经典菜肴推荐徽文化频道中安在线,"徽菜 介绍 ， 及 经典 菜肴 推荐 徽 文化 频道 中 安 在线
",1,cse
http://cul.anhuinews.com/system/2016/11/11/007503935.shtml,界首渔鼓传承有了新希望中安在线-徽文化频道,"界首 渔鼓 传承 有 了 新 希望 中 安 在线 - 徽 文化 频道
",1,cse
http://cul.anhuinews.com/system/2014/07/09/006482177.shtml,胡宏坤摄影作品入选巴黎《中国徽文化》安徽风情图片展徽文化频道 ...,"胡宏 坤 摄影 作品 入选 巴黎 《 中国 徽 文化 》 安徽 风情 图片展 徽 文化 频道 ...
",1,cse
http://cul.anhuinews.com/system/2016/06/12/007380727.shtml,长篇小说《新安家族》精华版出版（图） 中安在线-徽文化频道,"长篇小说 《 新安 家族 》 精华 版 出版 （ 图 ） 中 安 在线 - 徽 文化 频道
",1,cse
http://cul.anhuinews.com/system/2016/03/29/007282642.shtml,传统徽文化折服华裔少年传统文化海外流行中安在线-徽文化频道,"传统 徽 文化 折服 华裔 少年 传统 文化 海外 流 行中 安 在线 - 徽 文化 频道
",1,cse
http://cul.anhuinews.com/system/2016/04/06/007293774.shtml,中国“新徽派”美术作品展在东京举办-徽文化-中安在线,"中国 “ 新 徽派 ” 美术 作品展 在 东京 举办 - 徽 文化 - 中 安 在线
",1,cse
http://cul.anhuinews.com/system/2016/01/12/007173271.shtml,任泽锋:传统文化滋养民族精神徽文化频道中安在线,"任 泽锋 : 传统 文化 滋养 民族 精神 徽 文化 频道 中 安 在线
",1,cse
http://cul.anhuinews.com/system/2016/11/04/007497997.shtml,安徽马派皮影：一个人的坚守中安在线-徽文化频道,"安徽 马 派 皮影 ： 一个 人 的 坚守 中 安 在线 - 徽 文化 频道
",1,cse
http://cul.anhuinews.com/system/2016/03/04/007246824.shtml,《徽州老照片》影像故事忆念徽州中安在线-徽文化频道,"《 徽州 老 照片 》 影像 故事 忆 念 徽州 中 安 在线 - 徽 文化 频道
",1,cse
http://cul.anhuinews.com/system/2016/09/30/007473820.shtml,新创话剧《淮河新娘》公演反响热烈中安在线-徽文化频道,"新 创 话剧 《 淮河 新娘 》 公演 反响 热烈 中 安 在线 - 徽 文化 频道
",1,cse
http://cul.anhuinews.com/system/2016/04/05/007291169.shtml,安徽楚文化博物馆设计招标评审中安在线-徽文化频道,"安徽 楚 文化 博物馆 设计 招标 评审 中 安 在线 - 徽 文化 频道
",1,cse
http://cul.anhuinews.com/system/2016/09/14/007462208.shtml,“书香社会” 安徽十大阅读空间揭晓中安在线-徽文化频道,"“ 书香 社会 ” 安徽 十 大 阅读 空间 揭晓 中 安 在线 - 徽 文化 频道
",1,cse
http://cul.anhuinews.com/system/2016/11/10/007503149.shtml,《大清名相》辟黄梅戏新天地中安在线-徽文化频道,"《 大 清名 相 》 辟 黄梅戏 新 天地 中 安 在线 - 徽 文化 频道
",1,cse
http://cul.anhuinews.com/system/2016/01/11/007171272.shtml,国家级非物质文化遗产项目:徽州民歌徽文化频道中安在线,"国家级 非物质 文化 遗产 项目 : 徽州 民歌 徽 文化 频道 中 安 在线
",1,cse
http://cul.anhuinews.com/system/2008/05/29/002025900.shtml,《走近徽文化》被定为普通高中校本教材-走近徽文化-中安在线-徽文化,"《 走近 徽 文化 》 被 定 为 普通 高中 校本 教材 - 走近 徽 文化 - 中 安 在线 - 徽 文化
",1,cse
http://cul.anhuinews.com/system/2008/01/15/001932445.shtml,徽文化在黄山新添展示馆-徽文化-中安在线-徽文化,"徽 文化 在 黄山 新 添 展示 馆 - 徽 文化 - 中 安 在线 - 徽 文化
",1,cse
http://cul.anhuinews.com/system/2009/03/12/002225015.shtml,徽文化生态保护应实行“大文化制”-徽文化-中安在线-徽文化,"徽 文化 生态 保护 应 实行 “ 大 文化 制 ” - 徽 文化 - 中 安 在线 - 徽 文化
",1,cse
http://cul.anhuinews.com/system/2016/11/10/007502878.shtml,翰墨丹青见风骨中安在线-徽文化频道,"翰墨 丹青 见 风骨 中 安 在线 - 徽 文化 频道
",1,cse
http://cul.anhuinews.com/system/2016/01/12/007173175.shtml,国家级非物质文化遗产:徽州目连戏徽文化频道中安在线,"国家级 非物质 文化 遗产 : 徽州 目 连 戏 徽 文化 频道 中 安 在线
",1,cse
http://cul.anhuinews.com/system/2009/01/07/002187903.shtml,徽州文化的现存原因和价值！-徽州文化-中安在线-徽文化,"徽州 文化 的 现存 原因 和 价值 ！ - 徽州 文化 - 中 安 在线 - 徽 文化
",1,cse
http://cul.anhuinews.com/system/2008/12/25/002180632.shtml,"弘扬徽文化""新安画派作品暨临摹展""31日举行-新安画派-中安在线-徽文化","弘扬 徽 文化 "" 新安 画派 作品 暨 临摹 展 ""31日 举行 - 新安 画派 - 中 安 在线 - 徽 文化
",1,cse
http://cul.anhuinews.com/system/2016/01/26/007194879.shtml,徽派篆刻刀法——冲刀法徽文化频道中安在线,"徽派 篆刻 刀法 —— 冲 刀法 徽 文化 频道 中 安 在线
",1,cse
http://cul.anhuinews.com/system/2016/08/26/007446128.shtml,安徽《黄梅音乐演唱会》登京城中安在线-徽文化频道,"安徽 《 黄梅 音乐 演唱会 》 登 京 城中 安 在线 - 徽 文化 频道
",1,cse
http://cul.anhuinews.com/system/2009/05/19/002258137.shtml,惊艳徽州文化：女红男耕吟诗做画-徽州-中安在线-徽文化,"惊 艳 徽州 文化 ： 女红 男 耕 吟诗 做 画 - 徽州 - 中 安 在线 - 徽 文化
",1,cse
http://cul.anhuinews.com/system/2016/05/25/007359907.shtml,徽州彩绘壁画亟待加强保护（图） 中安在线-徽文化频道,"徽州 彩绘 壁画 亟待 加强 保护 （ 图 ） 中 安 在线 - 徽 文化 频道
",1,cse
http://cul.anhuinews.com/system/2008/03/12/001968004.shtml,赵媛媛徽文化频道中安在线,"赵媛媛 徽 文化 频道 中 安 在线
",1,cse
http://cul.anhuinews.com/system/2008/12/25/002180647.shtml,弘扬徽文化新安画派作品展展出-新安画派-中安在线-徽文化,"弘扬 徽 文化 新安 画派 作品展 展出 - 新安 画派 - 中 安 在线 - 徽 文化
",1,cse
http://cul.anhuinews.com/system/2016/08/01/007423797.shtml,合肥：德国中学生体验中国文化中安在线-徽文化频道,"合肥 ： 德国 中学生 体验 中国 文化 中 安 在线 - 徽 文化 频道
",1,cse
http://cul.anhuinews.com/system/2016/01/27/007196316.shtml,全国八大菜系之一——徽菜徽文化频道中安在线,"全国 八大 菜系 之一 —— 徽菜 徽 文化 频道 中 安 在线
",1,cse
http://cul.anhuinews.com/system/2016/02/24/007232525.shtml,凤阳花鼓灯亮相民间曲艺大会中安在线-徽文化频道,"凤阳 花鼓 灯 亮相 民间 曲艺 大会 中 安 在线 - 徽 文化 频道
",1,cse
http://cul.anhuinews.com/system/2016/08/19/007440876.shtml,大型红色经典黄梅戏《江姐》演出中安在线-徽文化频道,"大型 红色 经典 黄梅戏 《 江 姐 》 演出 中 安 在线 - 徽 文化 频道
",1,cse
http://cul.anhuinews.com/system/2016/02/02/007203667.shtml,徽州古村落的地域特色与保护利用徽文化频道中安在线,"徽州 古 村落 的 地域 特色 与 保护 利用 徽 文化 频道 中 安 在线
",1,cse
http://cul.anhuinews.com/system/2016/01/12/007173172.shtml,国家级非物质文化遗产:泗州戏徽文化频道中安在线,"国家级 非物质 文化 遗产 : 泗州戏 徽 文化 频道 中 安 在线
",1,cse
http://cul.anhuinews.com/system/2016/03/14/007260100.shtml,梁巘《行书东坡语》赏析中安在线-徽文化频道,"梁巘 《 行书 东坡 语 》 赏析 中 安 在线 - 徽 文化 频道
",1,cse
http://cul.anhuinews.com/system/2016/02/06/007211001.shtml,亳州：文化事业大发展文化供给重实效徽文化频道中安在线,"亳州 ： 文化 事业 大 发展 文化 供给 重 实效 徽 文化 频道 中 安 在线
",1,cse
http://cul.anhuinews.com/system/2016/01/26/007194809.shtml,徽派雕刻——徽州木雕艺术徽文化频道中安在线,"徽派 雕刻 —— 徽州 木雕 艺术 徽 文化 频道 中 安 在线
",1,cse
http://cul.anhuinews.com/system/2008/01/15/001932581.shtml,吴美莲-五朵金花-中安在线-徽文化,"吴 美莲-五 朵 金花 - 中 安 在线 - 徽 文化
",1,cse
http://cul.anhuinews.com/system/2008/07/09/002060308.shtml,“徽州三雕”出新品徽文化放光彩-徽州三雕-中安在线-徽文化,"“ 徽州 三 雕 ” 出 新 品 徽 文化 放 光彩 - 徽州 三 雕 - 中 安 在线 - 徽 文化
",1,cse
http://cul.anhuinews.com/system/2008/01/15/001932578.shtml,蒋建国-蒋建国-中安在线-徽文化,"蒋 建国 - 蒋 建国 - 中 安 在线 - 徽 文化
",1,cse
http://cul.anhuinews.com/system/2008/06/30/002052343.shtml,徽文化的思想使者——赵焰-赵焰-中安在线-徽文化,"徽 文化 的 思想 使者 —— 赵 焰 - 赵 焰 - 中 安 在线 - 徽 文化
",1,cse
http://cul.anhuinews.com/system/2016/02/01/007202148.shtml,传百年家风弘徽商大义徽文化频道中安在线,"传 百年 家风 弘 徽商 大义 徽 文化 频道 中 安 在线
",1,cse
http://cul.anhuinews.com/system/2008/01/15/001932679.shtml,徽学百家——朱升-朱升-中安在线-徽文化,"徽学 百 家 —— 朱升-朱升- 中 安 在线 - 徽 文化
",1,cse
http://cul.anhuinews.com/system/2016/01/04/007160354.shtml,符离集烧鸡：一道穿越历史的美食徽文化频道中安在线,"符 离 集 烧鸡 ： 一 道 穿越 历史 的 美食 徽 文化 频道 中 安 在线
",1,cse
http://cul.anhuinews.com/system/2008/01/15/001932675.shtml,徽学百家——俞正燮-俞正燮-中安在线-徽文化,"徽学 百 家 —— 俞 正 燮 - 俞 正 燮 - 中 安 在线 - 徽 文化
",1,cse
http://cul.anhuinews.com/system/2016/01/25/007192356.shtml,“说唱人生”写精彩徽文化频道中安在线,"“ 说唱 人生 ” 写 精彩 徽 文化 频道 中 安 在线
",1,cse
http://cul.anhuinews.com/system/2016/03/10/007256006.shtml,安徽民歌分六种五类（图） 中安在线-徽文化频道,"安徽 民歌 分 六 种 五 类 （ 图 ） 中 安 在线 - 徽 文化 频道
",1,cse
http://cul.anhuinews.com/system/2009/01/06/002187329.shtml,徽州药铺同德仁-徽州-中安在线-徽文化,"徽州 药铺 同 德仁 - 徽州 - 中 安 在线 - 徽 文化
",1,cse
http://cul.anhuinews.com/system/2017/01/23/007551531.shtml,徽戏在中国戏曲史上的地位中安在线-徽文化频道,"徽 戏 在 中国 戏曲 史 上 的 地位 中 安 在线 - 徽 文化 频道
",1,cse
http://cul.anhuinews.com/system/2016/12/21/007531512.shtml,钟少华让臭鳜鱼香飘四方中安在线-徽文化频道,"钟 少华 让 臭 鳜鱼 香 飘 四 方 中 安 在线 - 徽 文化 频道
",1,cse
http://cul.anhuinews.com/system/2017/01/26/007553824_01.shtml,“老合肥”带您回忆“老餐饮” 中安在线-徽文化频道,"“ 老 合肥 ” 带 您 回忆 “ 老 餐饮 ” 中 安 在线 - 徽 文化 频道
",1,cse
http://cul.anhuinews.com/system/2016/07/06/007402396.shtml,中安在线－徽文化,"中 安 在线 － 徽 文化
",1,cse
http://cul.anhuinews.com/system/2016/09/27/007471181.shtml,徽剧，中国第一戏之母中安在线-徽文化频道,"徽剧 ， 中国 第一 戏 之母 中 安 在线 - 徽 文化 频道
",1,cse
http://cul.anhuinews.com/system/2008/10/14/002135665.shtml,古井冠名“小梅花” 徽文化频道中安在线,"古井 冠名 “ 小 梅花 ” 徽 文化 频道 中 安 在线
",1,cse
http://cul.anhuinews.com/system/2016/01/15/007178486.shtml,《中华武术文化系列丛书》在合肥发布徽文化频道中安在线,"《 中华 武术 文化 系列 丛书 》 在 合肥 发布 徽 文化 频道 中 安 在线
",1,cse
http://cul.anhuinews.com/system/2016/07/19/007413454.shtml,暑期“非遗”小课堂上学技艺中安在线-徽文化频道,"暑期 “ 非 遗 ” 小 课堂 上 学 技艺 中 安 在线 - 徽 文化 频道
",1,cse
http://cul.anhuinews.com/system/2016/01/22/007190189.shtml,东至茶文化拾萃（一） 徽文化频道中安在线,"东至 茶文化 拾萃 （ 一 ） 徽 文化 频道 中 安 在线
",1,cse
http://cul.anhuinews.com/system/2016/01/26/007194821.shtml,徽雕四绝：三分精美七分雅致徽文化频道中安在线,"徽 雕 四 绝 ： 三 分 精美 七 分 雅致 徽 文化 频道 中 安 在线
",1,cse
http://cul.anhuinews.com/system/2016/01/12/007173136.shtml,国家级非物质文化遗产:徽剧徽文化频道中安在线,"国家级 非物质 文化 遗产 : 徽剧 徽 文化 频道 中 安 在线
",1,cse
http://cul.anhuinews.com/system/2016/01/28/007197783.shtml,祁门的红茶与绿树徽文化频道中安在线,"祁门 的 红茶 与 绿 树 徽 文化 频道 中 安 在线
",1,cse
http://cul.anhuinews.com/system/2008/01/16/001933380.shtml,自成一格的徽派文化-徽文化-中安在线-徽文化,"自成 一格 的 徽派 文化 - 徽 文化 - 中 安 在线 - 徽 文化
",1,cse
http://cul.anhuinews.com/system/2008/01/15/001932656.shtml,现代画坛的一代宗师     黄宾虹徽文化频道中安在线,"现代 画坛 的 一 代 宗师 黄宾虹 徽 文化 频道 中 安 在线
",1,cse
http://cul.anhuinews.com/system/2016/01/28/007197772.shtml,三河古镇正式晋升国家5A级景区徽文化频道中安在线,"三河 古镇 正式 晋升 国家 5 A级 景区 徽 文化 频道 中 安 在线
",1,cse
http://cul.anhuinews.com/system/2016/01/13/007175230.shtml,国家级非物质文化遗产:徽墨制作技艺徽文化频道中安在线,"国家级 非物质 文化 遗产 : 徽墨 制作 技艺 徽 文化 频道 中 安 在线
",1,cse
http://cul.anhuinews.com/system/2016/05/16/007346040.shtml,安徽传统文化打出“创新”牌(图) 中安在线-徽文化频道,"安徽 传统 文化 打 出 “ 创新 ” 牌 ( 图 ) 中 安 在线 - 徽 文化 频道
",1,cse
http://www.hzwh.com/article.asp?id=1332,郑寒:刀尖舞动徽文化,"郑 寒 : 刀尖 舞动 徽 文化
",1,cse
http://www.hzwh.com/article.asp?id=1316,用心灵感悟徽文化的博大精深,"用 心灵 感悟 徽 文化 的 博大精深
",1,cse
http://www.hzwh.com/Article.asp?id=1614,徽文化元素：徽州习俗,"徽 文化 元素 ： 徽州 习俗
",1,cse
http://www.hzwh.com/article.asp?id=1456,徽文化创意产业园项目,"徽 文化 创意 产业 园 项目
",1,cse
http://www.hzwh.com/article.asp?id=742,徽文化旅游要正确定位,"徽 文化 旅游 要 正确 定位
",1,cse
http://www.hzwh.com/article.asp?id=743,谈徽文化人文旅游开发的创新,"谈 徽 文化 人文 旅游 开发 的 创新
",1,cse
http://www.hzwh.com/article.asp?id=1457,打造徽文化品牌加快黄山文化产业发展,"打造 徽 文化 品牌 加快 黄山 文化 产业 发展
",1,cse
http://www.hzwh.com/toplistb.asp?id=266,文化产业,"文化 产业
",1,cse
http://www.hzwh.com/article.asp?id=1785,黄山徽派文化游攻略,"黄山 徽派 文化 游 攻略
",1,cse
http://www.hzwh.com/article.asp?id=1325,做好徽学会文章，深挖徽文化内涵,"做好 徽 学会 文章 ， 深 挖 徽 文化 内涵
",1,cse
http://www.hzwh.com/Article.asp?id=1305,徽文化吸引世界目光,"徽 文化 吸引 世界 目光
",1,cse
http://www.hzwh.com/article.asp?id=593,四大徽班与京戏,"四 大 徽班 与 京戏
",1,cse
http://www.hzwh.com/toplistb.asp?id=229,徽学园圃,"徽学 园圃
",1,cse
http://www.hzwh.com/article.asp?id=1459,徽州文化艺术长廊,"徽州 文化 艺术 长廊
",1,cse
http://www.hzwh.com/Article.asp?id=1318,把徽文化研究推上新台阶,"把 徽 文化 研究 推 上 新 台阶
",1,cse
http://www.hzwh.com/Article.asp?id=2175,安徽文化与徽州文化,"安徽 文化 与 徽州 文化
",1,cse
http://www.hzwh.com/Article.asp?id=1313,天竺茶楼：做徽文化的“传道士”,"天竺 茶楼 ： 做 徽 文化 的 “ 传道士 ”
",1,cse
http://www.hzwh.com/toplistb.asp?id=259,文化短波,"文化 短波
",1,cse
http://www.hzwh.com/index.asp,徽州文化网欢迎您！,"徽州 文化 网 欢迎 您 ！
",1,cse
http://www.hzwh.com/goto.asp?topicid=232,徽派雕刻,"徽派 雕刻
",1,cse
http://www.hzwh.com/toplistb.asp?id=250,徽州风俗,"徽州 风俗
",1,cse
http://www.hzwh.com/article.asp?id=2590,文化部到我市检查评估徽州文化生态保护实验区建设工作,"文化部 到 我市 检查 评估 徽州 文化 生态 保护 实验区 建设 工作
",1,cse
http://www.hzwh.com/article.asp?id=1465,安徽中国徽州文化博物馆,"安徽 中国 徽州 文化 博物馆
",1,cse
http://www.hzwh.com/article.asp?id=2533,推动徽州传统文化的普及宣传,"推动 徽州 传统 文化 的 普及 宣传
",1,cse
http://www.hzwh.com/toplistb.asp?id=232,徽派雕刻,"徽派 雕刻
",1,cse
http://www.hzwh.com/article.asp?id=2587,《徽州文化大辞典》首发式举行任泽锋孔晓宏等出席,"《 徽州 文化 大 辞典 》 首发式 举行 任 泽 锋 孔 晓宏 等 出席
",1,cse
http://www.hzwh.com/article.asp?id=1326,歙县徽州学学会成立,"歙县 徽州 学学 会 成立
",1,cse
http://www.hzwh.com/Article.asp?id=1312,徽州文化与安东文化比较研究拉开序幕,"徽州 文化 与 安东 文化 比较 研究 拉开 序幕
",1,cse
http://www.hzwh.com/article.asp?id=1846,徽州文化全书,"徽州 文化 全书
",1,cse
http://www.hzwh.com/Article.asp?id=683,徽州风俗的文化意蕴,"徽州 风俗 的 文化 意蕴
",1,cse
http://www.hzwh.com/article.asp?id=699,徽州文化系列谈——徽州碑刻,"徽州 文化 系列谈 —— 徽州 碑刻
",1,cse
http://www.hzwh.com/toplistb.asp?id=246,徽州工艺,"徽州 工艺
",1,cse
http://www.hzwh.com/article.asp?id=1430,古徽州科技,"古 徽州 科技
",1,cse
http://www.hzwh.com/article.asp?id=691,徽州民风的特点及其成因,"徽州 民风 的 特点 及其 成因
",1,cse
http://www.hzwh.com/toplistb.asp?id=263,文化景观,"文化 景观
",1,cse
http://www.hzwh.com/article.asp?id=2131,新安理学: 徽州社会的灵魂,"新安 理学 : 徽州 社会 的 灵魂
",1,cse
http://www.hzwh.com/toplistb.asp?id=261,文化典藏,"文化 典藏
",1,cse
http://www.hzwh.com/toplistb.asp?id=234,徽派版画,"徽派 版画
",1,cse
http://www.hzwh.com/article.asp?id=779,论徽州文化的现代意义(下),"论 徽州 文化 的 现代 意义 ( 下 )
",1,cse
http://www.hzwh.com/toplistb.asp?id=264,文化旅游,"文化 旅游
",1,cse
http://www.hzwh.com/toplistb.asp?id=257,天下徽商,"天下 徽商
",1,cse
http://www.hzwh.com/article.asp?id=695,徽派建筑的形成及风格特点,"徽派 建筑 的 形成 及 风格 特点
",1,cse
http://www.hzwh.com/toplistb.asp?id=226,徽州宗族,"徽州 宗族
",1,cse
http://www.hzwh.com/toplistb.asp?id=227,徽州鉴宝,"徽州 鉴宝
",1,cse
http://www.hzwh.com/toplistb.asp?id=237,徽派盆景,"徽派 盆景
",1,cse
http://www.hzwh.com/article.asp?id=1988,安徽黄山：传承徽州文化实施文化惠民,"安徽 黄山 ： 传承 徽州 文化 实施 文化 惠民
",1,cse
http://www.hzwh.com/toplistb.asp?id=255,徽州文物,"徽州 文物
",1,cse
http://www.hzwh.com/Article.asp?id=2294,徽州文化古镇——潜口,"徽州 文化 古镇 —— 潜 口
",1,cse
http://www.hzwh.com/article.asp?id=1690,《徽州文化全书.徽州宗族社会》目录,"《 徽州 文化 全书. 徽州 宗族 社会 》 目录
",1,cse
http://www.hzwh.com/article.asp?id=2168,简说徽州文学（二）,"简 说 徽州 文学 （ 二 ）
",1,cse
http://www.hzwh.com/article.asp?id=1504,徽派版画,"徽派 版画
",1,cse
http://www.hzwh.com/toplistb.asp?id=230,徽州故事,"徽州 故事
",1,cse
http://www.hzwh.com/article.asp?id=663,最绝的徽菜接驾宴,"最绝 的 徽菜 接 驾 宴
",1,cse
http://www.hzwh.com/toplistb.asp?id=238,徽州刻书,"徽州 刻书
",1,cse
http://www.hzwh.com/toplistb.asp?id=242,徽州宗教,"徽州 宗教
",1,cse
http://www.hzwh.com/Article.asp?id=1561,祁门县桃源古村慎徽堂,"祁门县 桃源 古 村 慎 徽 堂
",1,cse
http://www.hzwh.com/toplistb.asp?id=260,文化纵横,"文化 纵横
",1,cse
http://www.hzwh.com/article.asp?id=1687,徽州宗族文化生态探析,"徽州 宗族 文化 生态 探析
",1,cse
http://www.hzwh.com/article.asp?id=1862,徽派篆刻刀法--冲刀法,"徽派 篆刻 刀法-- 冲 刀法
",1,cse
http://www.hzwh.com/article.asp?id=1448,安徽省徽州文化博物馆,"安徽省 徽州 文化 博物馆
",1,cse
http://www.hzwh.com/article.asp?id=1787,黄山市古徽州文化旅游区旅游专线开通,"黄山市 古 徽州 文化 旅游区 旅游 专线 开通
",1,cse
http://www.hzwh.com/toplistb.asp?id=225,秀美徽州,"秀美 徽州
",1,cse
http://www.hzwh.com/toplistb.asp?id=241,徽州朴学,"徽州 朴学
",1,cse
http://www.hzwh.com/toplistb.asp?id=251,徽州拾遗,"徽州 拾遗
",1,cse
http://www.hzwh.com/toplistb.asp?id=239,徽州藏书,"徽州 藏书
",1,cse
http://www.hzwh.com/article.asp?id=2270,徽乡农家乐——西溪南风光：丰乐河畔,"徽 乡 农家乐 —— 西 溪 南 风光 ： 丰 乐 河畔
",1,cse
http://www.hzwh.com/toplistb.asp?id=270,徽州博物,"徽州 博物
",1,cse
http://www.hzwh.com/article.asp?id=2271,徽乡农家乐——西溪南风光:乡村人家,"徽 乡 农家乐 —— 西 溪 南 风光 : 乡村 人家
",1,cse
http://www.hzwh.com/article.asp?id=857,徽派民居的科技意识,"徽派 民居 的 科技 意识
",1,cse
http://www.hzwh.com/article.asp?id=1221,徽商的兴盛与衰落,"徽商 的 兴盛 与 衰落
",1,cse
http://www.hzwh.com/article.asp?id=1961,【委员提案】加强徽州古道保护与开发,"【 委员 提案 】 加强 徽州 古道 保护 与 开发
",1,cse
http://www.hzwh.com/wndh.asp,为您导航,"为您 导航
",1,cse
http://www.hzwh.com/article.asp?id=1294,“荫余堂”在美波士顿大受欢迎,"“ 荫 余 堂 ” 在 美 波士顿 大 受 欢迎
",1,cse
http://www.hzwh.com/article.asp?id=666,伏岭徽厨历史考证,"伏 岭 徽 厨 历史 考证
",1,cse
http://www.hzwh.com/wzsm.asp,网站声明,"网站 声明
",1,cse
http://www.hzwh.com/toplistb.asp?id=223,图解徽州,"图解 徽州
",1,cse
http://www.hzwh.com/toplistb.asp?id=256,徽州文书,"徽州 文书
",1,cse
http://www.hzwh.com/article.asp?id=1414,徽州文化的自然美学特色,"徽州 文化 的 自然美学 特色
",1,cse
http://www.hzwh.com/toplistb.asp?id=252,徽州方言,"徽州 方言
",1,cse
http://www.hzwh.com/toplistb.asp?id=253,徽州文学,"徽州 文学
",1,cse
http://www.hzwh.com/toplistb.asp?id=247,徽州漆器,"徽州 漆器
",1,cse
http://www.hzwh.com/article.asp?id=1710,古徽州第一伟人---汪华,"古 徽州 第一 伟人 ---汪华
",1,cse
http://www.hzwh.com/toplistb.asp?id=236,徽州戏曲,"徽州 戏曲
",1,cse
http://www.hzwh.com/toplistb.asp?id=267,文化市场,"文化 市场
",1,cse
http://www.hzwh.com/toplistb.asp?id=262,文化鉴赏,"文化 鉴赏
",1,cse
http://www.hzwh.com/toplistb.asp?id=254,徽州文献,"徽州 文献
",1,cse
http://www.hzwh.com/toplistb.asp?id=249,徽州美食,"徽州 美食
",1,cse
http://www.hzwh.com/article.asp?id=2096,徽州文化博物馆里鉴宝,"徽州 文化 博物馆 里 鉴宝
",1,cse
http://www.hzwh.com/toplistb.asp?id=245,新安医学,"新安 医学
",1,cse
http://www.hzwh.com/Article.asp?id=1315,用电视抢救徽州文化遗产,"用 电视 抢救 徽州 文化 遗产
",1,cse
http://www.hzwh.com/toplistb.asp?id=248,徽州竹编,"徽州 竹编
",1,cse
http://www.hzwh.com/article.asp?id=1843,明代休宁著名书商——黄嘉惠,"明代 休宁 著名 书商 —— 黄 嘉惠
",1,cse
http://www.hzwh.com/toplistb.asp?id=233,徽派篆刻,"徽派 篆刻
",1,cse
http://www.hzwh.com/Article.asp?id=711,黄山旅游发展面临三大战略性机遇,"黄山旅游 发展 面临 三 大 战略 性 机遇
",1,cse
http://www.hzwh.com/Article.asp?id=2574,皖风徽韵上演鱼水深情,"皖风 徽 韵 上演 鱼水深情
",1,cse
http://www.hzwh.com/toplistb.asp?id=231,徽派建筑,"徽派 建筑
",1,cse
http://www.hzwh.com/article.asp?id=692,徽派建筑的文化意蕴与开发价值,"徽派 建筑 的 文化 意蕴 与 开发 价值
",1,cse
http://www.hzwh.com/article.asp?id=2167,简说徽州文学(一）,"简 说 徽州 文学 ( 一 ）
",1,cse
http://www.hzwh.com/article.asp?id=2575,我市2校开展徽文化传习活动,"我市 2 校 开展 徽 文化 传习 活动
",1,cse
http://www.hzwh.com/Article.asp?id=1225,"""徽商论坛""闭幕",""" 徽商 论坛 "" 闭幕
",1,cse
http://www.hzwh.com/toplistb.asp?id=229&page=12,徽学园圃,"徽学 园圃
",1,cse
http://www.hzwh.com/article.asp?id=2567,呈坎：守住静美留住乡愁,"呈 坎 ： 守 住 静 美 留住 乡愁
",1,cse
http://www.hzwh.com/goto.asp?topicid=231,徽派建筑,"徽派 建筑
",1,cse
http://www.hzwh.com/Article.asp?id=1555,徽州石雕凝固徽州文化的符号,"徽州 石雕 凝固 徽州 文化 的 符号
",1,cse
http://www.hzwh.com/article.asp?id=1624,徽商历史的文化价值批判,"徽商 历史 的 文化 价值 批判
",1,cse
http://www.hzwh.com/goto.asp?topicid=257,天下徽商,"天下 徽商
",1,cse
http://www.hzwh.com/article.asp?id=669,徽菜的形成,"徽菜 的 形成
",1,cse
http://www.hzwh.com/article.asp?id=1431,古徽州科技史上的杰出篇章,"古 徽州 科技史 上 的 杰出 篇章
",1,cse
http://www.hzwh.com/toplistb.asp?id=244,徽州科技,"徽州 科技
",1,cse
http://www.hzwh.com/toplistb.asp?id=224,故园徽州,"故园 徽州
",1,cse
http://www.hzwh.com/article.asp?id=1461,徽州洪建华竹刻研究中心,"徽州 洪 建华 竹刻 研究 中心
",1,cse
http://www.hzwh.com/toplistb.asp?id=240,新安理学,"新安 理学
",1,cse
http://www.hzwh.com/toplistb.asp?id=243,徽州教育,"徽州 教育
",1,cse
http://www.hzwh.com/article.asp?id=1417,谈儒贾徽商的思想特色,"谈 儒贾 徽商 的 思想 特色
",1,cse
http://www.hzwh.com/toplistb.asp?id=269,文化连线,"文化 连线
",1,cse
http://www.hzwh.com/article.asp?id=1035,徽卅族谱有哪些类型和名称,"徽 卅族谱 有 哪些 类型 和 名称
",1,cse
http://www.hzwh.com/article.asp?id=823,徽商是一种历史文化现象,"徽商 是 一 种 历史 文化 现象
",1,cse
http://www.xinhs.cn/article.asp?id=82813,30余位中外书画家安徽体验“徽文化”_新黄山网、黄山市干部在线学习城,"30 余 位 中外 书画家 安徽 体验 “ 徽 文化 ” _新 黄山网 、 黄山市 干部 在线 学习 城
",1,cse
http://www.xinhs.cn/article.asp?id=77994,我市2校开展徽文化传习活动_新黄山网、黄山市干部在线学习城,"我市 2 校 开展 徽 文化 传习 活动 _新 黄山网 、 黄山市 干部 在线 学习 城
",1,cse
http://www.xinhs.cn/article.asp?id=82387,匠人手中的徽州文化_新黄山网、黄山市干部在线学习城,"匠人 手中 的 徽州 文化 _新 黄山网 、 黄山市 干部 在线 学习 城
",1,cse
http://www.xinhs.cn/Article.asp?id=77024,传承徽文化浓浓是乡愁——《千古一叹古坦头》新书首发暨赠书仪式 ...,"传承 徽 文化 浓浓 是 乡愁 —— 《 千古一叹古坦头 》 新书 首发 暨 赠书 仪式 ...
",1,cse
http://www.xinhs.cn/article.asp?id=1835,黄山节筹委会要求将徽文化大观园办出特色_新黄山网、黄山市干部 ...,"黄山 节 筹委会 要求 将 徽 文化 大观园 办 出 特色 _新 黄山网 、 黄山市 干部 ...
",1,cse
http://www.xinhs.cn/article.asp?id=80659,多国青年汉学家走进西递宏村体验徽文化_新黄山网、黄山市干部在线 ...,"多 国 青年 汉学家 走 进 西 递 宏村 体验 徽 文化 _新 黄山网 、 黄山市 干部 在线 ...
",1,cse
http://www.xinhs.cn/article.asp?id=80672,我市积极推进文化产业发展_新黄山网、黄山市干部在线学习城,"我市 积极 推进 文化 产业 发展 _新 黄山网 、 黄山市 干部 在线 学习 城
",1,cse
http://www.xinhs.cn/ebook_Article.asp?id=63812,论徽州文化的现代意义_中共黄山市委党校欢迎您！,"论 徽州 文化 的 现代 意义 _中共 黄山 市委 党校 欢迎 您 ！
",1,cse
http://www.xinhs.cn/article.asp?id=80887,海外文化侨团来我市参观考察_新黄山网、黄山市干部在线学习城,"海外 文化 侨团 来 我市 参观 考察 _新 黄山网 、 黄山市 干部 在线 学习 城
",1,cse
http://www.xinhs.cn/article.asp?id=80682,工匠精神：徽派建筑为何能在中国建筑史上独树一帜？_新黄山网、黄山 ...,"工匠 精神 ： 徽派 建筑 为何 能 在 中国 建筑史 上 独树一帜 ？ _新 黄山网 、 黄山...
",1,cse
http://www.xinhs.cn/article.asp?id=82664,浅谈徽州书法（下）_新黄山网、黄山市干部在线学习城,"浅 谈 徽州 书法 （ 下 ） _新 黄山网 、 黄山市 干部 在线 学习 城
",1,cse
http://www.xinhs.cn/article.asp?id=83043,明代学者程敏政《新安文献志》与徽州文化_新黄山网、黄山市干部在线 ...,"明代 学者 程敏 政 《 新安 文献 志 》 与 徽州 文化 _新 黄山网 、 黄山市 干部 在线 ...
",1,cse
http://www.xinhs.cn/article.asp?id=81993,台湾辜金良文化基金会安徽参访团来歙县参观_新黄山网、黄山市干部 ...,"台湾 辜 金 良 文化 基金会 安徽 参访 团 来 歙县 参观 _新 黄山网 、 黄山市 干部 ...
",1,cse
http://www.xinhs.cn/Article.asp?id=3686,徽州古城景区：徽文化引来八方客_新黄山网、黄山市干部在线学习城,"徽州 古城 景区 ： 徽 文化 引来 八 方 客 _新 黄山网 、 黄山市 干部 在线 学习 城
",1,cse
http://www.xinhs.cn/article.asp?id=82731,"安徽旅游以茶为媒借助""万里茶道""沟通世界_新黄山网、黄山市干部在线 ...","安徽 旅游 以 茶 为媒 借助 "" 万 里 茶道 "" 沟通 世界 _新 黄山网 、 黄山市 干部 在线 ...
",1,cse
http://www.xinhs.cn/article.asp?id=80598,屯溪区文化创意产业初见成效_新黄山网、黄山市干部在线学习城,"屯溪区 文化 创意 产业 初见成效 _新 黄山网 、 黄山市 干部 在线 学习 城
",1,cse
http://www.xinhs.cn/article.asp?id=83182,徽州风俗文化意蕴人杰地灵古韵悠然_新黄山网、黄山市干部在线学习城,"徽州 风俗 文化 意蕴 人杰地灵 古韵 悠然 _新 黄山网 、 黄山市 干部 在线 学习 城
",1,cse
http://www.xinhs.cn/article.asp?id=83284,文化寻踪：在金华发现江南徽派建筑_新黄山网、黄山市干部在线学习城,"文化 寻踪 ： 在 金华 发现 江南 徽派 建筑 _新 黄山网 、 黄山市 干部 在线 学习 城
",1,cse
http://www.xinhs.cn/article.asp?id=82911,台湾教师历史文化参访团来古城歙县参观考察_新黄山网、黄山市干部 ...,"台湾 教师 历史 文化 参访 团 来 古城 歙县 参观 考察 _新 黄山网 、 黄山市 干部 ...
",1,cse
http://www.xinhs.cn/article.asp?id=81101,中国徽州文化博物馆圆满完成2016年全国劳模考察接待任务_新黄山网 ...,"中国 徽州 文化 博物馆 圆满 完成 2016年 全国 劳模 考察 接待 任务 _新 黄山 网...
",1,cse
http://www.xinhs.cn/article.asp?id=82395,陆群到市社科联进行工作调研_新黄山网、黄山市干部在线学习城,"陆 群 到 市 社科联 进行 工作 调研 _新 黄山网 、 黄山市 干部 在线 学习 城
",1,cse
http://www.xinhs.cn/Article.asp?id=63343,徽州文化综述_新黄山网、黄山市干部在线学习城,"徽州 文化 综述 _新 黄山网 、 黄山市 干部 在线 学习 城
",1,cse
http://www.xinhs.cn/article.asp?id=82739,“建设'五大发展'美好安徽”之黄山篇坚持“旅游+” 跨界融合，黄山旅游再 ...,"“ 建设 '五大 发展 ' 美好 安徽 ” 之 黄山 篇 坚持 “ 旅游 + ” 跨 界 融合 ， 黄山旅游 再...
",1,cse
http://www.xinhs.cn/article.asp?id=77981,保护传统村落延续乡愁记忆_新黄山网、黄山市干部在线学习城,"保护 传统 村落 延续 乡愁 记忆_ 新 黄山网 、 黄山市 干部 在线 学习 城
",1,cse
http://www.xinhs.cn/article.asp?id=75374,中法乡村文化遗产保护学术研讨组来歙县调研乡村文化遗产保护工作_ ...,"中 法 乡村 文化 遗产 保护 学术 研讨 组 来 歙县 调研 乡村 文化 遗产 保护 工作 _...
",1,cse
http://www.xinhs.cn/article.asp?id=82665,徽学漫议_新黄山网、黄山市干部在线学习城,"徽学 漫 议 _新 黄山网 、 黄山市 干部 在线 学习 城
",1,cse
http://www.xinhs.cn/article.asp?id=82310,歙县雄村：加强古建筑保护，复活徽州古建灵魂之美_新黄山网、黄山市 ...,"歙县 雄 村 ： 加强 古建筑 保护 ， 复活 徽州 古建 灵魂 之 美 _新 黄山网 、 黄山市 ...
",1,cse
http://www.xinhs.cn/article.asp?id=82854,安徽瑯斯村状元文化兴村留客_新黄山网、黄山市干部在线学习城,"安徽 瑯斯 村 状元 文化 兴 村 留客_ 新 黄山网 、 黄山市 干部 在线 学习 城
",1,cse
http://www.xinhs.cn/article.asp?id=83248,故宫博物院驻黄山徽派传统工艺工作站揭牌_新黄山网、黄山市干部 ...,"故宫 博物院 驻 黄山 徽派 传统 工艺 工作站 揭 牌 _新 黄山网 、 黄山市 干部 ...
",1,cse
http://www.xinhs.cn/article.asp?id=82988,桂林市代表团来我市考察文化旅游产业_新黄山网、黄山市干部在线 ...,"桂林市 代表团 来 我市 考察 文化 旅游 产业 _新 黄山网 、 黄山市 干部 在线 ...
",1,cse
http://www.xinhs.cn/article.asp?id=76306,徽菜“走天下” 品牌要打响_新黄山网、黄山市干部在线学习城,"徽菜 “ 走 天 下 ” 品牌 要 打响 _新 黄山网 、 黄山市 干部 在线 学习 城
",1,cse
http://www.xinhs.cn/goto.asp?topicid=872,文化产业_新黄山网、黄山市干部在线学习城,"文化 产业 _新 黄山网 、 黄山市 干部 在线 学习 城
",1,cse
http://www.xinhs.cn/bbs/index.asp?id=459&s=default,徽州文化_新黄山网、黄山市干部在线学习城,"徽州 文化 _新 黄山网 、 黄山市 干部 在线 学习 城
",1,cse
http://www.xinhs.cn/toplistb.asp?id=867&page=5,文化之窗_新黄山网、黄山市干部在线学习城,"文化 之 窗 _新 黄山网 、 黄山市 干部 在线 学习 城
",1,cse
http://www.xinhs.cn/article.asp?id=75683,中国徽州文化博物馆参加澳门“黄士陵作品展”_新黄山网、黄山市干部 ...,"中国 徽州 文化 博物馆 参加 澳门 “ 黄士陵 作品展 ” _新 黄山网 、 黄山市 干部 ...
",1,cse
http://www.xinhs.cn/article.asp?id=3908,黄山徽商故里大酒店_新黄山网、黄山市干部在线学习城,"黄山 徽商 故里 大酒店 _新 黄山网 、 黄山市 干部 在线 学习 城
",1,cse
http://www.xinhs.cn/article.asp?id=82633,第三届“和氏璧”杯非遗（歙砚）技能大赛在歙开幕_新黄山网、黄山市干部 ...,"第三 届 “ 和氏璧 ” 杯 非 遗 （ 歙砚 ） 技能 大赛 在歙 开幕 _新 黄山网 、 黄山市 干部 ...
",1,cse
http://www.xinhs.cn/toplistb.asp?id=870,徽学园地_新黄山网、黄山市干部在线学习城,"徽学 园地 _新 黄山网 、 黄山市 干部 在线 学习 城
",1,cse
http://www.xinhs.cn/article.asp?id=83304,徽州传统建筑审美文化价值_新黄山网、黄山市干部在线学习城,"徽州 传统 建筑 审美 文化 价值_ 新 黄山网 、 黄山市 干部 在线 学习 城
",1,cse
http://www.xinhs.cn/article.asp?id=83105,黄山将在北京举办徽州文化、黄山风光摄影展_新黄山网、黄山市干部 ...,"黄山 将 在 北京 举办 徽州 文化 、 黄山 风光 摄影展 _新 黄山网 、 黄山市 干部 ...
",1,cse
http://www.xinhs.cn/article.asp?id=13018,十一条精品线路畅游黄山胜景_新黄山网、黄山市干部在线学习城,"十一 条 精品 线路 畅游 黄山 胜景_ 新 黄山网 、 黄山市 干部 在线 学习 城
",1,cse
http://www.xinhs.cn/article.asp?id=81232,徽州人的中秋节_新黄山网、黄山市干部在线学习城,"徽州 人 的 中秋节 _新 黄山网 、 黄山市 干部 在线 学习 城
",1,cse
http://www.xinhs.cn/article.asp?id=4433,陈强会见元一集团董事局主席郑长华一行就老街文化旅游保护与开发 ...,"陈强 会见 元 一 集团 董事局 主席 郑 长华 一行 就 老街 文化 旅游 保护 与 开发 ...
",1,cse
http://www.xinhs.cn/article.asp?id=82853,古徽州榆村廊亭街的乡愁与诱惑_新黄山网、黄山市干部在线学习城,"古 徽州 榆村 廊 亭 街 的 乡愁 与 诱惑 _新 黄山网 、 黄山市 干部 在线 学习 城
",1,cse
http://www.xinhs.cn/article.asp?id=29977,徽州剪纸献礼国庆_新黄山网、黄山市干部在线学习城,"徽州 剪纸 献礼 国庆 _新 黄山网 、 黄山市 干部 在线 学习 城
",1,cse
http://www.xinhs.cn/article.asp?id=83181,东黄山光明知青小镇：黄山脚下“小上海”_新黄山网、黄山市干部在线 ...,"东 黄山 光明 知青 小镇 ： 黄山 脚下 “ 小 上海 ”_ 新 黄山网 、 黄山市 干部 在线 ...
",1,cse
http://www.xinhs.cn/article.asp?id=82951,徽州竹刻艺人陈照军“以刀代笔”在竹皮1毫米下刻神奇_新黄山网、黄山 ...,"徽州 竹刻 艺人 陈 照军 “ 以 刀 代笔 ” 在 竹 皮 1 毫米 下 刻 神奇_ 新 黄山网 、 黄山...
",1,cse
http://www.xinhs.cn/Article.asp?id=4272,徽州区非物质文化遗产传承人有“家”了_新黄山网、黄山市干部在线学习城,"徽州区 非物质 文化 遗产 传承 人 有 “ 家 ” 了 _新 黄山网 、 黄山市 干部 在线 学习 城
",1,cse
http://www.xinhs.cn/article.asp?id=81664,徽剧《惊魂记》唱响徽州大剧院_新黄山网、黄山市干部在线学习城,"徽剧 《 惊魂 记 》 唱 响 徽州 大 剧院 _新 黄山网 、 黄山市 干部 在线 学习 城
",1,cse
http://www.xinhs.cn/Article.asp?id=63395,徽州文书：明清文化的标本_新黄山网、黄山市干部在线学习城,"徽州 文书 ： 明清 文化 的 标本 _新 黄山网 、 黄山市 干部 在线 学习 城
",1,cse
http://www.xinhs.cn/article.asp?id=83203,黄山创新搭建古民居产权流转交易平台_新黄山网、黄山市干部在线 ...,"黄山 创新 搭建 古 民居 产权 流转 交易 平台 _新 黄山网 、 黄山市 干部 在线 ...
",1,cse
http://www.xinhs.cn/article.asp?id=15265,云海山庄_新黄山网、黄山市干部在线学习城,"云海 山庄 _新 黄山网 、 黄山市 干部 在线 学习 城
",1,cse
http://www.xinhs.cn/ebook_bggg.asp,中共黄山市委党校图书馆概况,"中共 黄山 市委 党校 图书馆 概况
",1,cse
http://www.xinhs.cn/goto.asp?topicid=867,文化之窗_新黄山网、黄山市干部在线学习城,"文化 之 窗 _新 黄山网 、 黄山市 干部 在线 学习 城
",1,cse
http://www.xinhs.cn/article.asp?id=22241,清明祭祀在徽州越国公宴在披云_新黄山网、黄山市干部在线学习城,"清明 祭祀 在 徽州 越 国公 宴 在 披云_ 新 黄山网 、 黄山市 干部 在线 学习 城
",1,cse
http://www.xinhs.cn/Article.asp?id=72883,冯骥才：徽州文化“土厚根深”_新黄山网、黄山市干部在线学习城,"冯 骥才 ： 徽州 文化 “ 土 厚 根深 ” _新 黄山网 、 黄山市 干部 在线 学习 城
",1,cse
http://www.xinhs.cn/article.asp?id=82880,首届中国黄山礼仪摄影模特大赛总将于12月31日决赛_新黄山网、黄山 ...,"首 届 中国 黄山 礼仪 摄影 模特 大赛 总将 于 12月 31日 决赛 _新 黄山网 、 黄山...
",1,cse
http://www.xinhs.cn/article.asp?id=80882,喜见清代休宁籍著名书法家汪涛书法真迹_新黄山网、黄山市干部在线 ...,"喜 见 清代 休宁 籍 著名 书法家 汪涛 书法 真迹_ 新 黄山网 、 黄山市 干部 在线 ...
",1,cse
http://www.xinhs.cn/Article.asp?id=62965,为何有“小徽州”、“大徽州”之称_新黄山网、黄山市干部在线学习城,"为何 有 “ 小 徽州 ” 、 “ 大 徽州 ” 之 称 _新 黄山网 、 黄山市 干部 在线 学习 城
",1,cse
http://www.xinhs.cn/article.asp?id=22977,电视连续剧《徽骆驼》开机仪式在安徽绩溪县举行_新黄山网、黄山市 ...,"电视 连续剧 《 徽 骆驼 》 开机 仪式 在 安徽 绩溪县 举行 _新 黄山网 、 黄山市 ...
",1,cse
http://www.xinhs.cn/goto.asp?topicid=868,文化遗产_新黄山网、黄山市干部在线学习城,"文化 遗产 _新 黄山网 、 黄山市 干部 在线 学习 城
",1,cse
http://www.xinhs.cn/article.asp?id=75994,蜀源半山闲客_新黄山网、黄山市干部在线学习城,"蜀 源 半山 闲客_ 新 黄山网 、 黄山市 干部 在线 学习 城
",1,cse
http://www.xinhs.cn/xq_Article.asp?id=70153,扎实推进国家服务业综合改革试点促进黄山市服务业提质增效转型升级,"扎实 推进 国家 服务业 综合 改革 试点 促进 黄山市 服务业 提 质 增效 转型 升级
",1,cse
http://www.xinhs.cn/article.asp?id=83153,徽州区2017年“元旦”小长假第三天旅游接待情况_新黄山网、黄山市 ...,"徽州区 2017年 “ 元旦 ” 小 长假 第三 天 旅游 接待 情况 _新 黄山网 、 黄山市 ...
",1,cse
http://www.xinhs.cn/article.asp?id=82925,老街保护与发展面临的问题（之一）_新黄山网、黄山市干部在线学习城,"老街 保护 与 发展 面临 的 问题 （ 之一 ） _新 黄山网 、 黄山市 干部 在线 学习 城
",1,cse
http://www.xinhs.cn/article.asp?id=76739,徽州祠祭严守朱熹《家礼》规定将拍成专题片_新黄山网、黄山市干部 ...,"徽州祠 祭 严守 朱熹 《 家礼 》 规定 将 拍 成 专题片 _新 黄山网 、 黄山市 干部 ...
",1,cse
http://www.xinhs.cn/map.asp,网站地图_新黄山网、黄山市干部在线学习城,"网站 地图 _新 黄山网 、 黄山市 干部 在线 学习 城
",1,cse
http://www.xinhs.cn/article.asp?id=55660,山水画中的“黄山坐标”_新黄山网、黄山市干部在线学习城,"山水画 中 的 “ 黄山 坐标 ” _新 黄山网 、 黄山市 干部 在线 学习 城
",1,cse
http://www.xinhs.cn/article.asp?id=83328,任泽锋主持召开市委常委会会议_新黄山网、黄山市干部在线学习城,"任 泽 锋 主持 召开 市委 常委会 会议 _新 黄山网 、 黄山市 干部 在线 学习 城
",1,cse
http://www.xinhs.cn/Article.asp?id=70451,切实担负起保护利用好徽州古建筑的历史责任！_新黄山网、黄山市 ...,"切实 担负 起 保护 利用 好 徽州 古建筑 的 历史 责任 ！ _新 黄山网 、 黄山市 ...
",1,cse
http://www.xinhs.cn/article.asp?id=75719,黄山市徽州艺术珍宝博物馆开业_新黄山网、黄山市干部在线学习城,"黄山市 徽州 艺术 珍宝 博物馆 开业 _新 黄山网 、 黄山市 干部 在线 学习 城
",1,cse
http://www.xinhs.cn/article.asp?id=77521,祁门：桃源祠祭年俗吸引八方客_新黄山网、黄山市干部在线学习城,"祁门 ： 桃源祠 祭 年 俗 吸引 八 方 客 _新 黄山网 、 黄山市 干部 在线 学习 城
",1,cse
http://www.xinhs.cn/article.asp?id=79650,徽商餐饮深渡包袱饺_新黄山网、黄山市干部在线学习城,"徽商 餐饮 深 渡 包袱 饺_ 新 黄山网 、 黄山市 干部 在线 学习 城
",1,cse
http://www.xinhs.cn/article.asp?id=61030,我是安徽徽州人——胡适的一生_新黄山网、黄山市干部在线学习城,"我 是 安徽 徽州 人 —— 胡 适 的 一生_ 新 黄山网 、 黄山市 干部 在线 学习 城
",1,cse
http://www.xinhs.cn/Article.asp?id=76833,我市“十二五”现代服务业发展综述_新黄山网、黄山市干部在线学习城,"我市 “ 十二五 ” 现代 服务业 发展 综述 _新 黄山网 、 黄山市 干部 在线 学习 城
",1,cse
http://www.xinhs.cn/article.asp?id=83143,元旦小长假我市接待游客75.61万人次_新黄山网、黄山市干部在线学习城,"元旦 小 长假 我市 接待 游客 75.61 万 人次 _新 黄山网 、 黄山市 干部 在线 学习 城
",1,cse
http://www.xinhs.cn/article.asp?id=80923,南屏村写生经济迸活力_新黄山网、黄山市干部在线学习城,"南屏 村 写生 经济迸 活力 _新 黄山网 、 黄山市 干部 在线 学习 城
",1,cse
http://www.xinhs.cn/article.asp?id=80281,徽州祠堂_新黄山网、黄山市干部在线学习城,"徽州 祠堂 _新 黄山网 、 黄山市 干部 在线 学习 城
",1,cse
http://www.xinhs.cn/article.asp?id=1990,古徽州家具展看点纷呈_新黄山网、黄山市干部在线学习城,"古 徽州 家具 展看 点 纷呈 _新 黄山网 、 黄山市 干部 在线 学习 城
",1,cse
http://www.xinhs.cn/article.asp?id=83030,婺源传好文化的接力棒_新黄山网、黄山市干部在线学习城,"婺源 传 好 文化 的 接力棒_ 新 黄山网 、 黄山市 干部 在线 学习 城
",1,cse
http://www.xinhs.cn/article.asp?id=80805,省旅游局推荐线路和旅游美食我市入选数量居全省首位_新黄山网 ...,"省 旅游局 推荐 线路 和 旅游 美食 我市 入选 数量 居 全省 首 位 _新 黄山 网...
",1,cse
http://www.xinhs.cn/xq_hhxs.asp,辉煌校史_中共黄山市委党校校园网！,"辉煌 校史 _中共 黄山 市委 党校 校园网 ！
",1,cse
http://www.xinhs.cn/article.asp?id=83113,期许老街一个美好的未来（之二）_新黄山网、黄山市干部在线学习城,"期许 老街 一个 美好 的 未来 （ 之 二 ） _新 黄山网 、 黄山市 干部 在线 学习 城
",1,cse
http://www.xinhs.cn/article.asp?id=75541,飞入“徽墨之都” 俯瞰山水歙县_新黄山网、黄山市干部在线学习城,"飞 入 “ 徽墨 之 都 ” 俯瞰 山水 歙县 _新 黄山网 、 黄山市 干部 在线 学习 城
",1,cse
http://www.xinhs.cn/article.asp?id=77645,歙县文广新局：赴行知学校调研共谋非遗教育_新黄山网、黄山市干部 ...,"歙县 文 广 新 局 ： 赴 行 知 学校 调研 共谋 非 遗 教育 _新 黄山网 、 黄山市 干部 ...
",1,cse
http://www.xinhs.cn/article.asp?id=38426,台湾亚洲旅游电视台记者到古城歙县牌坊群采访拍摄_新黄山网、黄山 ...,"台湾 亚洲 旅游 电视台 记者 到 古城 歙县 牌坊群 采访 拍摄 _新 黄山网 、 黄山...
",1,cse
http://www.xinhs.cn/Article.asp?id=63147,从档案记载看歙县对国家文物事业的贡献_新黄山网、黄山市干部在线 ...,"从 档案 记载 看 歙县 对 国家 文物 事业 的 贡献 _新 黄山网 、 黄山市 干部 在线 ...
",1,cse
http://www.xinhs.cn/article.asp?id=81648,黄山餐饮消费向标准化迈进_新黄山网、黄山市干部在线学习城,"黄山 餐饮 消费 向 标准化 迈进 _新 黄山网 、 黄山市 干部 在线 学习 城
",1,cse
http://www.xinhs.cn/article.asp?id=83270,2017年“黄山春晚”精彩上演_新黄山网、黄山市干部在线学习城,"2017年 “ 黄山 春晚 ” 精彩 上 演 _新 黄山网 、 黄山市 干部 在线 学习 城
",1,cse
http://www.xinhs.cn/article.asp?id=82938,徽州民间契约中的法律精神_新黄山网、黄山市干部在线学习城,"徽州 民间 契约 中 的 法律 精神 _新 黄山网 、 黄山市 干部 在线 学习 城
",1,cse
http://www.xinhs.cn/article.asp?id=35920,汪秀娟率调研组到祁门调研文化产业发展情况_新黄山网、黄山市干部 ...,"汪 秀娟 率 调研组 到 祁门 调研 文化 产业 发展 情况 _新 黄山网 、 黄山市 干部 ...
",1,cse
http://www.xinhs.cn/article.asp?id=83198,张建平人文纪实摄影传达镜头里的古徽州情愫_新黄山网、黄山市干部 ...,"张 建平 人文 纪实 摄影 传达 镜头 里 的 古 徽州 情愫 _新 黄山网 、 黄山市 干部 ...
",1,cse
http://www.xinhs.cn/article.asp?id=4426,陈强在调研中心城区重点项目建设时强调提速项目建设提升城市特色_ ...,"陈强 在 调研 中心 城区 重点 项目 建设 时 强调 提 速 项目 建设 提升 城市 特色 _...
",1,cse
http://www.xinhs.cn/article.asp?id=82613,新型工业化+“旅游+” 让黄山不只是一座山_新黄山网、黄山市干部在线 ...,"新型 工业化 + “ 旅游 + ” 让 黄山 不 只 是 一 座 山 _新 黄山网 、 黄山市 干部 在线 ...
",1,cse
http://www.xinhs.cn/ebook_Article.asp?id=63809,徽州文书发现的来龙去脉_中共黄山市委党校欢迎您！,"徽州 文书 发现 的 来龙去脉 _中共 黄山 市委 党校 欢迎 您 ！
",1,cse
http://www.xinhs.cn/article.asp?id=82180,休宁：汪村镇书写乡村旅游发展新篇章_新黄山网、黄山市干部在线学习城,"休宁 ： 汪 村镇 书写 乡村 旅游 发展 新 篇章 _新 黄山网 、 黄山市 干部 在线 学习 城
",1,cse
http://www.xinhs.cn/article.asp?id=80559,徽州地区婴儿出生传统礼俗_新黄山网、黄山市干部在线学习城,"徽州 地区 婴儿 出生 传统 礼俗 _新 黄山网 、 黄山市 干部 在线 学习 城
",1,cse
http://www.xinhs.cn/Article.asp?id=22972,绩溪精制礼品徽墨_新黄山网、黄山市干部在线学习城,"绩溪 精制 礼品 徽墨_新 黄山网 、 黄山市 干部 在线 学习 城
",1,cse
http://www.xinhs.cn/article.asp?id=83168,歙县瀹坑：名定忠臣里流芳第一乡_新黄山网、黄山市干部在线学习城,"歙县 瀹坑 ： 名定 忠臣 里 流芳 第一 乡_新 黄山网 、 黄山市 干部 在线 学习 城
",1,cse
http://www.xinhs.cn/article.asp?id=51744,我省重点扶持十大文化产业园区_新黄山网、黄山市干部在线学习城,"我省 重点 扶持 十 大 文化 产业 园区 _新 黄山网 、 黄山市 干部 在线 学习 城
",1,cse
http://www.xinhs.cn/article.asp?id=82140,休宁县又有3个古村落入选中国传统村落名录_新黄山网、黄山市干部 ...,"休宁县 又 有 3 个 古 村落 入选 中国 传统 村落 名录 _新 黄山网 、 黄山市 干部 ...
",1,cse
http://www.xinhs.cn/xq_Article.asp?id=42226,黄山市茶产业发展现状及建议_中共黄山市委党校欢迎您！,"黄山市 茶 产业 发展 现状 及 建议_ 中共 黄山 市委 党校 欢迎 您 ！
",1,cse
http://www.xinhs.cn/Article.asp?id=37485,屯溪区举行龙舟队成立暨集中训练启动仪式_新黄山网、黄山市干部 ...,"屯溪区 举行 龙舟队 成立 暨 集中 训练 启动 仪式 _新 黄山网 、 黄山市 干部 ...
",1,cse
http://www.xinhs.cn/article.asp?id=83246,部省文化合作项目落户黄山_新黄山网、黄山市干部在线学习城,"部 省 文化 合作 项目 落户 黄山_ 新 黄山网 、 黄山市 干部 在线 学习 城
",1,cse
http://www.xinhs.cn/toplista.asp?id=866,文化_新黄山网、黄山市干部在线学习城,"文化 _新 黄山网 、 黄山市 干部 在线 学习 城
",1,cse
http://www.xinhs.cn/goto.asp?topicid=337,酒店名录_新黄山网、黄山市干部在线学习城,"酒店 名录 _新 黄山网 、 黄山市 干部 在线 学习 城
",1,cse
http://www.xinhs.cn/goto.asp?topicid=912,思想库_新黄山网、黄山市干部在线学习城,"思想库 _新 黄山网 、 黄山市 干部 在线 学习 城
",1,cse
http://www.xinhs.cn/article.asp?id=8292,邓小平在黄山与省、地领导谈话记录_新黄山网、黄山市干部在线学习城,"邓 小平 在 黄山 与 省 、 地 领导 谈话 记录 _新 黄山网 、 黄山市 干部 在线 学习 城
",1,cse
http://www.xinhs.cn/,新黄山网、黄山市干部在线学习城、黄山市继续教育在线,"新 黄山网 、 黄山市 干部 在线 学习 城 、 黄山市 继续 教育 在线
",1,cse
http://www.xinhs.cn/article.asp?id=83214,再现美丽的古徽州版画_新黄山网、黄山市干部在线学习城,"再现 美丽 的 古 徽州 版画 _新 黄山网 、 黄山市 干部 在线 学习 城
",1,cse
http://www.xinhs.cn/article.asp?id=83155,安徽省行知学校非遗教育成功经验在全省交流_新黄山网、黄山市干部 ...,"安徽 省行 知 学校 非 遗 教育 成功 经验 在 全省 交流 _新 黄山网 、 黄山市 干部 ...
",1,cse
http://xinhs.cn/article.asp?id=82911,台湾教师历史文化参访团来古城歙县参观考察_新黄山网、黄山市干部 ...,"台湾 教师 历史 文化 参访 团 来 古城 歙县 参观 考察 _新 黄山网 、 黄山市 干部 ...
",1,cse
http://www.xinhs.cn/Article.asp?id=45471,徽派“八仙桌”实现老板梦_新黄山网、黄山市干部在线学习城,"徽派 “ 八仙桌 ” 实现 老板 梦 _新 黄山网 、 黄山市 干部 在线 学习 城
",1,cse
http://www.xinhs.cn/Article.asp?id=69885,徽州山巅把歌唱_新黄山网、黄山市干部在线学习城,"徽州 山巅 把 歌唱 _新 黄山网 、 黄山市 干部 在线 学习 城
",1,cse
http://www.xinhs.cn/article.asp?id=83219,黄山15家省级专业镇IVA达73.37亿元_新黄山网、黄山市干部在线学习城,"黄山 15 家 省级 专业 镇 I V A 达 73.37 亿 元 _新 黄山网 、 黄山市 干部 在线 学习 城
",1,cse
http://www.xinhs.cn/article.asp?id=83215,宋歙县罗聘著《新安志》载徽茶文化_新黄山网、黄山市干部在线学习城,"宋 歙县 罗 聘 著 《 新安 志 》 载 徽 茶文化 _新 黄山网 、 黄山市 干部 在线 学习 城
",1,cse
http://www.xinhs.cn/article.asp?id=83237,部省文化合作项目落户黄山_新黄山网、黄山市干部在线学习城,"部 省 文化 合作 项目 落户 黄山_ 新 黄山网 、 黄山市 干部 在线 学习 城
",1,cse
http://www.xinhs.cn/article.asp?id=83090,杨烨的《淡墨留痕》出版_新黄山网、黄山市干部在线学习城,"杨 烨 的 《 淡 墨 留 痕 》 出版 _新 黄山网 、 黄山市 干部 在线 学习 城
",1,cse
http://www.xinhs.cn/article.asp?id=82465,我市4家入选第二批省级信息消费体验中心_新黄山网、黄山市干部在线 ...,"我市 4 家 入选 第二 批 省级 信息 消费 体验 中心 _新 黄山网 、 黄山市 干部 在线 ...
",1,cse
http://www.xinhs.cn/article.asp?id=83012,黄山市搭建古民居产权交易平台_新黄山网、黄山市干部在线学习城,"黄山市 搭 建 古 民居 产权 交易 平台 _新 黄山网 、 黄山市 干部 在线 学习 城
",1,cse
http://www.xinhs.cn/Article.asp?id=46017,见明堂里见民俗_新黄山网、黄山市干部在线学习城,"见 明堂 里 见 民俗 _新 黄山网 、 黄山市 干部 在线 学习 城
",1,cse
http://www.xinhs.cn/Article.asp?id=7406,我校与韩国国学振兴院签订文化交流合作协议_新黄山网、黄山市干部 ...,"我校 与 韩国 国学 振兴 院 签订 文化 交流 合作 协议 _新 黄山网 、 黄山市 干部 ...
",1,cse
http://www.xinhs.cn/article.asp?id=1902,古建专家罗哲文盛赞状元博物馆_新黄山网、黄山市干部在线学习城,"古建 专家 罗哲 文 盛赞 状元 博物馆 _新 黄山网 、 黄山市 干部 在线 学习 城
",1,cse
http://www.xinhs.cn/Article.asp?id=67573,我市遴选“十大名人故居”_新黄山网、黄山市干部在线学习城,"我市 遴选 “ 十 大 名人 故居 ” _新 黄山网 、 黄山市 干部 在线 学习 城
",1,cse
